Date,ret_1d,ret_5d,ret_20d,vol_20d,ma_20_dist,zscore_20d,volume_zscore_20d,ret_lag1,ret_lag2,ret_lag3,next_return,target_up
2016-02-02,-0.018022130440431106,-0.00021039756003538024,-0.05402445849669135,0.014924209473307743,-0.005444523742721086,-0.26337938642830067,-0.15088746479474946,-0.0003614820633796034,0.024377486732005904,0.005209101482186451,0.005994974904025785,1
2016-02-03,0.005994974904025785,0.016850089188245043,-0.04996012681757356,0.015021071242865896,0.0031568477140864193,0.19109466579835444,0.20203937598795552,-0.018022130440431106,-0.0003614820633796034,0.024377486732005904,0.0015681986161628636,1
2016-02-04,0.0015681986161628636,0.013167022253631533,-0.03631418517140195,0.014849868642216666,0.006635600192441249,0.5008881874989775,-1.1096092766134802,0.005994974904025785,-0.018022130440431106,-0.0003614820633796034,-0.01905048985799862,0
2016-02-05,-0.01905048985799862,-0.029785692242822903,-0.03143556652303792,0.014497159368576545,-0.010956418317009997,-0.8619764131713457,-0.24508903495260873,0.0015681986161628636,0.005994974904025785,-0.018022130440431106,-0.013460726219184704,0
2016-02-08,-0.013460726219184704,-0.042499362107205285,-0.03386843545672891,0.014592991885225726,-0.02259806508214346,-1.6617867455716993,-0.009513272386809515,-0.01905048985799862,0.0015681986161628636,0.005994974904025785,5.378455352533784e-05,1
2016-02-09,5.378455352533784e-05,-0.02487401567758374,-0.03477198716248653,0.014585679328181191,-0.02082153270367193,-1.4698291220875264,-0.14824032069245935,-0.013460726219184704,-0.01905048985799862,0.0015681986161628636,-0.0008627515439534328,0
2016-02-10,-0.0008627515439534328,-0.03152131255243884,-0.04332335000834586,0.014407577963205638,-0.01949429959218485,-1.3992390375262587,-0.8462258954734494,5.378455352533784e-05,-0.013460726219184704,-0.01905048985799862,-0.013008132146327678,0
2016-02-11,-0.013008132146327678,-0.04561607485036645,-0.03161588891843192,0.01363911514978882,-0.03071761260404604,-1.9546372814122444,0.5704115374571456,-0.0008627515439534328,5.378455352533784e-05,-0.013460726219184704,0.020617067931594235,1
2016-02-12,0.020617067931594235,-0.007022774060755577,-0.027614462939523743,0.013958363369274905,-0.009342282313783201,-0.6084449528746223,-1.1341111643332016,-0.013008132146327678,-0.0008627515439534328,5.378455352533784e-05,0.016878355681185342,1
2016-02-16,0.016878355681185342,0.023514294440853956,0.010489343020617437,0.013674127566737984,0.006851955945805788,0.4445326503322696,-1.3493437935996362,0.020617067931594235,-0.013008132146327678,-0.0008627515439534328,0.016334602422723776,1
2016-02-17,0.016334602422723776,0.040177048056402986,0.02563010090334017,0.014120024155158332,0.02199177211399661,1.3548121211486328,-0.8722784752034358,0.016878355681185342,0.020617067931594235,-0.013008132146327678,-0.0040957151370863976,0
2016-02-18,-0.0040957151370863976,0.03681128971641967,0.03468920570876333,0.013790043426968962,0.016072404103074867,0.992571934326196,-1.78056287500448,0.016334602422723776,0.016878355681185342,0.020617067931594235,-0.00046885452883704826,0
2016-02-19,-0.00046885452883704826,0.04998350016935338,0.02844248142974326,0.013768666805249113,0.014171751659258769,0.872252598649681,-1.2676703523270012,-0.0040957151370863976,0.016334602422723776,0.016878355681185342,0.014479468754324598,1
2016-02-22,0.014479468754324598,0.04366930254394363,0.022359680337681764,0.013390735770201077,0.02770016629698069,1.5896044643750977,-1.4155278453194038,-0.00046885452883704826,-0.0040957151370863976,0.016334602422723776,-0.012629482042096574,0
2016-02-23,-0.012629482042096574,0.013384043501717846,0.02494156107598222,0.013242033366836742,0.013469573205183494,0.7681654082469179,-1.1461370499847419,0.014479468754324598,-0.00046885452883704826,-0.0040957151370863976,0.004575557494022275,1
2016-02-24,0.004575557494022275,0.001659136695278507,0.015772775202815836,0.012949747401540543,0.017302633773732756,0.9623340672186177,-0.10486722224127716,-0.012629482042096574,0.014479468754324598,-0.00046885452883704826,0.012111374960794175,1
2016-02-25,0.012111374960794175,0.01795987977122615,0.0393872338001946,0.012872588246732222,0.027618824754879423,1.4568372784463777,-1.0676919321839942,0.004575557494022275,-0.012629482042096574,0.014479468754324598,-0.002301153955446833,0
2016-02-26,-0.002301153955446833,0.01609379754610707,0.0316216220354939,0.012883953371145488,0.023645638564370186,1.2017369933833282,-0.5383698180279943,0.012111374960794175,0.004575557494022275,-0.012629482042096574,-0.00784230301398603,0
2016-02-29,-0.00784230301398603,-0.006263494585068363,-0.0008260178139930519,0.011864848954519213,0.015660537327140567,0.7973414022921504,-0.5663790141643297,-0.002301153955446833,0.012111374960794175,0.004575557494022275,0.02350668831803948,1
2016-03-01,0.02350668831803948,0.030105660660755262,0.023031060939557646,0.012972541351232604,0.038320382406612286,1.80276890884992,-0.12757507930581477,-0.00784230301398603,-0.002301153955446833,0.012111374960794175,0.004492812067124818,1
2016-03-02,0.004492812067124818,0.030020812356409188,0.04648727745371284,0.012166831779358683,0.040574780065034455,1.7455120246181577,-1.1184104048044248,0.02350668831803948,-0.00784230301398603,-0.002301153955446833,0.003919641527790674,1
2016-03-03,0.003919641527790674,0.02168412517551843,0.04432840983619579,0.012142887346127177,0.04234247189333962,1.677307999391419,-1.2277289001594622,0.004492812067124818,0.02350668831803948,-0.00784230301398603,0.003253584736843562,1
2016-03-04,0.003253584736843562,0.027372403120221822,0.04608575058423714,0.012143821334059453,0.04333049680780299,1.5946274778174316,-0.20661533422510012,0.003919641527790674,0.004492812067124818,0.02350668831803948,0.0007978224819240598,1
2016-03-07,0.0007978224819240598,0.03631919305186182,0.06725201500179412,0.011068427966039466,0.040739010324003955,1.4405982909497654,-0.9664921713782041,0.003253584736843562,0.003919641527790674,0.004492812067124818,-0.010917439363073767,0
2016-03-08,-0.010917439363073767,0.0014641357990063941,0.07000337837277226,0.010878497975026321,0.025922245761826446,0.9451291789411571,-0.16362681192461082,0.0007978224819240598,0.003253584736843562,0.003919641527790674,0.0049394566479092905,1
2016-03-09,0.0049394566479092905,0.0019094336883802576,0.0752307828657679,0.0108531700243337,0.02728456683073155,1.0349792126890074,-1.0572965582602762,-0.010917439363073767,0.0007978224819240598,0.003253584736843562,0.0008023873178686358,1
2016-03-10,0.0008023873178686358,-0.0012015786585569677,0.07702273743931998,0.010822758788600615,0.02434312165862451,0.9861979099310101,1.1239879482607773,0.0049394566479092905,-0.010917439363073767,0.0007978224819240598,0.01613710502837451,1
2016-03-11,0.01613710502837451,0.011624729589199578,0.10882652848116248,0.010398238877520762,0.03558343954745302,1.6460819190322311,0.938618768820719,0.0008023873178686358,0.0049394566479092905,-0.010917439363073767,-0.0012820211837888396,0
2016-03-14,-0.0012820211837888396,0.009522385600583716,0.0850347541480907,0.009830110455187887,0.030081129057481615,1.5168103721761366,-2.11662744760361,0.01613710502837451,0.0008023873178686358,0.0049394566479092905,-0.001629565130809918,0
2016-03-15,-0.001629565130809918,0.01900219782786161,0.0652863376380517,0.0094303130687707,0.025171925336803236,1.326786201116713,-1.0847297926705362,-0.0012820211837888396,0.01613710502837451,0.0008023873178686358,0.005787003775907795,1
2016-03-16,0.005787003775907795,0.019861605208554955,0.05423071411942115,0.008939832637757097,0.028377286891415165,1.463187119361467,0.600880592171459,-0.001629565130809918,-0.0012820211837888396,0.01613710502837451,0.006344200586221094,1
2016-03-17,0.006344200586221094,0.025508956421190332,0.06528205708040069,0.008827349944641598,0.03163020419524787,1.613256598475391,0.7552198942522355,0.005787003775907795,-0.001629565130809918,-0.0012820211837888396,0.003929614021649597,1
2016-03-18,0.003929614021649597,0.013188875498175712,0.06996986460565502,0.008785727053032127,0.032188720493212086,1.645365541763934,0.872039382239767,0.006344200586221094,0.005787003775907795,-0.001629565130809918,0.0014188961014760526,1
2016-03-21,0.0014188961014760526,0.015928927650150415,0.05619489962760604,0.008397531807427647,0.030818765653694236,1.5254785061459306,-1.8539562065544912,0.003929614021649597,0.006344200586221094,0.005787003775907795,-0.0005377215352020404,0
2016-03-22,-0.0005377215352020404,0.017039973665242902,0.06912951286814972,0.007630691363753052,0.026844233046685817,1.3906130962844205,-0.794553312729909,0.0014188961014760526,0.003929614021649597,0.006344200586221094,-0.006599259214007724,0
2016-03-23,-0.006599259214007724,0.004515130395463363,0.057236603216584525,0.007940995841254782,0.017258947947780268,0.9663243473308316,-1.3281306387941536,-0.0005377215352020404,0.0014188961014760526,0.003929614021649597,-0.00044313907992243884,0
2016-03-24,-0.00044313907992243884,-0.002259873013710889,0.04412234315804486,0.007658775670563069,0.014628327921159867,0.8564514011859945,-1.100054612853046,-0.006599259214007724,-0.0005377215352020404,0.0014188961014760526,0.0005906708054106424,1
2016-03-28,0.0005906708054106424,-0.005578230777085524,0.04714872617660748,0.007596592283476221,0.012912554013349453,0.8193006162593204,-1.70494475336125,-0.00044313907992243884,-0.006599259214007724,-0.0005377215352020404,0.009250417602177707,1
2016-03-29,0.009250417602177707,0.0021985702167373056,0.06518882270005433,0.007348997334143671,0.01909453855669563,1.4323469692127442,-0.5238645985824296,0.0005906708054106424,-0.00044313907992243884,-0.006599259214007724,0.004387582004356183,1
2016-03-30,0.004387582004356183,0.007137358074555067,0.045291094060081694,0.005602924868086974,0.02130117581107971,1.5955132442311954,-0.6867620763411084,0.009250417602177707,0.0005906708054106424,-0.00044313907992243884,-0.0024270527273250186,0
2016-03-31,-0.0024270527273250186,0.01136725729429422,0.03809017340157239,0.005669239562684587,0.016921635241936128,1.2812620929856366,-0.3566877691406355,0.004387582004356183,0.009250417602177707,0.0005906708054106424,0.006812176265674097,1
2016-04-01,0.006812176265674097,0.01870829877854452,0.04108116168729792,0.005760015589311487,0.02178501852990511,1.6021082776221298,0.36166694381228576,-0.0024270527273250186,0.004387582004356183,0.009250417602177707,-0.0032380646728797924,0
2016-04-04,-0.0032380646728797924,0.014810236644482666,0.03434474528015996,0.005869347841161133,0.01675718558064765,1.2259447877963492,-1.4031020895779958,0.006812176265674097,-0.0024270527273250186,0.004387582004356183,-0.009987932833849356,0
2016-04-05,-0.009987932833849356,-0.0045340951666633655,0.02319744950859115,0.006426284845111676,0.005454598944234501,0.4140866206470314,-0.071282587245932,-0.0032380646728797924,0.006812176265674097,-0.0024270527273250186,0.01092125111708131,1
2016-04-06,0.01092125111708131,0.001941537300039542,0.04578938802736654,0.0061126133023790795,0.014178663713890316,1.196476664431875,-0.30499538289128425,-0.009987932833849356,-0.0032380646728797924,0.006812176265674097,-0.011965721602248736,0
2016-04-07,-0.011965721602248736,-0.007638903491249072,0.028197028706838267,0.006847122471853687,0.0006683760925849658,0.06543815936316748,0.4804834486157556,0.01092125111708131,-0.009987932833849356,-0.0032380646728797924,0.0026967749590958157,1
2016-04-08,0.0026967749590958157,-0.011695235197841325,0.030143270810785605,0.006851324807853635,0.0018961818127323227,0.23183664471298956,-0.1200728035469777,-0.011965721602248736,0.01092125111708131,-0.009987932833849356,-0.002347003007914794,0
2016-04-11,-0.002347003007914794,-0.010811733874199425,0.011404382705728855,0.005963261385753728,-0.001018230520487995,-0.13226178887000842,-0.5265559273049432,0.0026967749590958157,-0.011965721602248736,0.01092125111708131,0.00931239564561892,1
2016-04-12,0.00931239564561892,0.008472534568015222,0.022133377117319553,0.006252321004081216,0.007185164290529844,0.9978287646262477,0.8445607585978206,-0.002347003007914794,0.0026967749590958157,-0.011965721602248736,0.010101351927418012,1
2016-04-13,0.010101351927418012,0.007654621389341365,0.034143510280949085,0.0065256930140123685,0.01565333919684897,2.1982164103065625,-0.04918854082611637,0.00931239564561892,-0.002347003007914794,0.0026967749590958157,4.787293121633063e-05,1
2016-04-14,4.787293121633063e-05,0.01990678137591062,0.02824257410320019,0.006462407307179499,0.014287126143833317,1.9504308373412194,-1.3666313581597445,0.010101351927418012,0.00931239564561892,-0.002347003007914794,-0.0011060454990950985,0
2016-04-15,-0.0011060454990950985,0.016038690373202158,0.020630208266535943,0.006377387867120269,0.012128892955075576,1.582537611549525,-0.8017231121317977,4.787293121633063e-05,0.010101351927418012,0.00931239564561892,0.007027183626163058,1
2016-04-18,0.007027183626163058,0.025585633388176987,0.02377930663600214,0.0064878911925663986,0.018036263970265365,2.0752211382651002,-0.37349030853904513,-0.0011060454990950985,4.787293121633063e-05,0.010101351927418012,0.003153711396036485,1
2016-04-19,0.003153711396036485,0.019327652098939385,0.02555285815007946,0.006502612080604328,0.019949197151603038,2.0316172285347482,-0.05956755455899643,0.007027183626163058,-0.0011060454990950985,4.787293121633063e-05,0.0009535105487519235,1
2016-04-20,0.0009535105487519235,0.010096254025373286,0.027083018275995796,0.006489178176865125,0.019549387851897304,1.8202539775804503,-0.4738327590065878,0.003153711396036485,0.007027183626163058,-0.0011060454990950985,-0.005378881575558658,0
2016-04-21,-0.005378881575558658,0.0046149720316004395,0.028344774077932122,0.006415748410387129,0.012650113984543188,1.1887748352298004,-0.19241210573598969,0.0009535105487519235,0.003153711396036485,0.007027183626163058,0.0,0
2016-04-22,0.0,0.00572735224286558,0.028800675862857616,0.006409744824047628,0.011216787486969082,1.0880713165220817,0.6356427010630978,-0.005378881575558658,0.0009535105487519235,0.003153711396036485,-0.0017224059604603603,0
2016-04-25,-0.0017224059604603603,-0.003010943715025083,0.02642238570936728,0.006446641930526252,0.008165146436946769,0.8393773323587762,-1.5425824784750666,0.0,-0.005378881575558658,0.0009535105487519235,0.0014855909075726093,1
2016-04-26,0.0014855909075726093,-0.004668813144874218,0.018525443779502382,0.006172164488396777,0.008736632984397641,0.8987522248119753,-0.8322653780098517,-0.0017224059604603603,0.0,-0.005378881575558658,0.0020583494936436963,1
2016-04-27,0.0020583494936436963,-0.0035701800448215693,0.016163424755028855,0.0061254135186042365,0.010001009620338674,1.0084506116512637,-0.6990655888753478,0.0014855909075726093,-0.0017224059604603603,0.0,-0.009075824276202127,0
2016-04-28,-0.009075824276202127,-0.007273845572678184,0.00939074864548517,0.0064810040203559125,0.000368689001156719,0.03796889134034463,0.5598041275994848,0.0020583494936436963,0.0014855909075726093,-0.0017224059604603603,-0.00539855391041455,0
2016-04-29,-0.00539855391041455,-0.012633131235632589,-0.002851254743534093,0.006428766618816373,-0.00489029997076762,-0.5007428993668679,2.760349564374782,-0.009075824276202127,0.0020583494936436963,0.0014855909075726093,0.007948132186754275,1
2016-05-02,0.007948132186754275,-0.0030682877224729177,0.008339283104518147,0.0066270478134248245,0.0026031196653866218,0.2683033009342028,-1.4384482065282256,-0.00539855391041455,-0.009075824276202127,0.0020583494936436963,-0.008703051548683893,0
2016-05-03,-0.008703051548683893,-0.013210601163542335,0.009647950258108162,0.006526135112337236,-0.006594318115264564,-0.7240492706498927,0.8422211922220835,0.007948132186754275,-0.00539855391041455,-0.009075824276202127,-0.005578281986622025,0
2016-05-04,-0.005578281986622025,-0.02073086881198294,-0.00683080094032773,0.006172792208152157,-0.011800108107500984,-1.24985138149377,0.11032128275776337,-0.008703051548683893,0.007948132186754275,-0.00539855391041455,-0.00019489946604223096,0
2016-05-05,-0.00019489946604223096,-0.011954399596627474,0.005001195427498661,0.005532374130318397,-0.012235531287275059,-1.3548802499249475,-1.0519535013709105,-0.005578281986622025,-0.008703051548683893,0.007948132186754275,0.0036588329158444566,1
2016-05-06,0.0036588329158444566,-0.002956713900491237,0.00596546440766188,0.005558759482348484,-0.008912794367604948,-1.034242797174787,0.09473744207425558,-0.00019489946604223096,-0.005578281986622025,-0.008703051548683893,0.0008266237261140841,1
2016-05-09,0.0008266237261140841,-0.010001175783839966,0.009165533871673626,0.0055240462294762396,-0.00854013045896762,-1.0841715364659275,-0.6554867456248119,0.0036588329158444566,-0.00019489946604223096,-0.005578281986622025,0.012433892580970163,1
2016-05-10,0.012433892580970163,0.011108089072237481,0.012286576608127264,0.005823009499289076,0.0031764690238214044,0.41483786736812384,-0.4209804969186706,0.0008266237261140841,0.0036588329158444566,-0.00019489946604223096,-0.009355151163966902,0
2016-05-11,-0.009355151163966902,0.007267844126451095,-0.0072120181314614396,0.005781949898511476,-0.0058495445296955495,-0.751964658555709,-0.14882391174971651,0.012433892580970163,0.0008266237261140841,0.0036588329158444566,0.0002910681661065784,1
2016-05-12,0.0002910681661065784,0.007757439117403342,-0.006970588382964382,0.005783077381480955,-0.005212973996214565,-0.662320565164394,0.2262148012364197,-0.009355151163966902,0.012433892580970163,0.0008266237261140841,-0.008714423173651564,0
2016-05-13,-0.008714423173651564,-0.004666345201884248,-0.014534296994355489,0.00607921244503088,-0.013164346269299187,-1.5555864046107517,0.5609391657804735,0.0002910681661065784,-0.009355151163966902,0.012433892580970163,0.009865035098788777,1
2016-05-16,0.009865035098788777,0.004322459464042749,-0.011757206820457,0.006298572702785958,-0.0028380460390932116,-0.34363802046110953,-0.5076376852218918,-0.008714423173651564,0.0002910681661065784,-0.009355151163966902,-0.009333439571286295,0
2016-05-17,-0.009333439571286295,-0.017270476848464944,-0.024058748259832563,0.006524631047584931,-0.010940696305922759,-1.339321096423329,1.4529439765184802,0.009865035098788777,-0.008714423173651564,0.0002910681661065784,0.00029306095131587107,1
2016-05-18,0.00029306095131587107,-0.007699354662287661,-0.024702694257364044,0.006514839645651983,-0.009409701103240797,-1.2120280732132815,1.5211218305175687,-0.009333439571286295,0.009865035098788777,-0.008714423173651564,-0.003465260878325993,0
2016-05-19,-0.003465260878325993,-0.011425677783141852,-0.022826251986380663,0.006464553416202116,-0.011702874494881499,-1.4838314139873188,1.169079876661024,0.00029306095131587107,-0.009333439571286295,0.009865035098788777,0.0063176052498450375,1
2016-05-20,0.0063176052498450375,0.0035652366997245277,-0.016652853985919203,0.006673844747290119,-0.00462097395590555,-0.6158526016405664,0.6470815449381837,-0.003465260878325993,0.00029306095131587107,-0.009333439571286295,-0.0013625987413092844,0
2016-05-23,-0.0013625987413092844,-0.0075923562663628985,-0.016298428118625252,0.006671763542831348,-0.005158051983922385,-0.7169597927748103,-1.5117859932485047,0.0063176052498450375,-0.003465260878325993,0.00029306095131587107,0.012961999538980029,1
2016-05-24,0.012961999538980029,0.014742266781629043,-0.0050258134022840295,0.007338877133758913,0.007993637449392299,1.175987292306573,0.0739107120188765,-0.0013625987413092844,0.0063176052498450375,-0.003465260878325993,0.006782980318754239,1
2016-05-25,0.006782980318754239,0.021325932856330443,-0.00033458388000673356,0.0074907589826938075,0.014848073602447442,2.1971398027770688,-0.7237536873926352,0.012961999538980029,-0.0013625987413092844,0.0063176052498450375,0.0002866855059999729,1
2016-05-26,0.0002866855059999729,0.025171217913202648,0.009110515418853549,0.00717914217685066,0.014674044382039675,1.9682686896706463,-1.5265434728431664,0.006782980318754239,0.012961999538980029,-0.0013625987413092844,0.004299652222500505,1
2016-05-27,0.004299652222500505,0.02311545802989956,0.01895019726116476,0.007088276819665304,0.01807207458344462,2.106964084460896,-1.106184882866251,0.0002866855059999729,0.006782980318754239,0.012961999538980029,-0.0019029941474729695,0
2016-05-31,-0.0019029941474729695,0.02256181674548796,0.00899154284138981,0.006917551279120703,0.015674832528495664,1.7067971672684705,1.1059655480498787,0.004299652222500505,0.0002866855059999729,0.006782980318754239,0.0020495826522843874,1
2016-06-01,0.0020495826522843874,0.011545983138874671,0.019936110953895136,0.006576509873119702,0.01674521058841716,1.6790915499711438,-0.8525603125932691,-0.0019029941474729695,0.004299652222500505,0.0002866855059999729,0.0030434656390245785,1
2016-06-02,0.0030434656390245785,0.007788777140048886,0.028779071222799546,0.00640232880946908,0.01838696164360587,1.7241228014370455,-1.096553567840377,0.0020495826522843874,-0.0019029941474729695,0.004299652222500505,-0.0029868478804393472,0
2016-06-03,-0.0029868478804393472,0.004490692444681699,0.025906213207641082,0.006469912966960687,0.014045212772573867,1.2901592816115843,0.752957103197896,0.0030434656390245785,0.0020495826522843874,-0.0019029941474729695,0.005088528615095456,1
2016-06-06,0.005088528615095456,0.005279718899183994,0.027367599938624698,0.006505155120825357,0.017823507016630602,1.549546671489376,-1.0055179755700496,-0.0029868478804393472,0.0030434656390245785,0.0020495826522843874,0.0015614968013510921,1
2016-06-07,0.0015614968013510921,0.008769141737586139,0.028121961153312336,0.006503993917477075,0.017993561643944167,1.489616830815497,-1.130837818467312,0.005088528615095456,-0.0029868478804393472,0.0030434656390245785,0.003259672004861658,1
2016-06-08,0.003259672004861658,0.009987345725450902,0.018805582355762906,0.005988505093748584,0.020350112655815877,1.5689062464556183,-0.843714446739739,0.0015614968013510921,0.005088528615095456,-0.0029868478804393472,-0.0013660215307580437,0
2016-06-09,-0.0013660215307580437,0.005547332510488223,0.027021816335115245,0.005512541023229762,0.017592230117984053,1.3057019196951836,-0.46777541363419,0.003259672004861658,0.0015614968013510921,0.005088528615095456,-0.009477251344944815,0
2016-06-10,-0.009477251344944815,-0.000998627165947119,0.01699245831517948,0.006020495928207275,0.007100206793000163,0.5297398459566005,1.27212752497975,-0.0013660215307580437,0.003259672004861658,0.0015614968013510921,-0.007711653239182326,0
2016-06-13,-0.007711653239182326,-0.013721286793322185,0.01802123295350877,0.005940203536240312,-0.0015493515417734915,-0.1221721240472626,1.3370421861809303,-0.009477251344944815,-0.0013660215307580437,0.003259672004861658,-0.0019671913633275695,0
2016-06-14,-0.0019671913633275695,-0.017196130857797365,0.006093443246074637,0.005579682197341099,-0.00381410700098217,-0.30489807935055563,1.4573586650101749,-0.007711653239182326,-0.009477251344944815,-0.0013660215307580437,-0.0013937610949978918,0
2016-06-15,-0.0013937610949978918,-0.02175468352661636,0.01415676018393408,0.005120356808739286,-0.005892786664651761,-0.5015671649637543,0.8427521357824451,-0.0019671913633275695,-0.007711653239182326,-0.009477251344944815,0.0029842617053030818,1
2016-06-16,0.0029842617053030818,-0.017493218072043293,0.016885260004849023,0.005143976603674266,-0.00375082031908891,-0.3458915999785124,2.175817484008736,-0.0013937610949978918,-0.0019671913633275695,-0.007711653239182326,-0.003724261702297893,0
2016-06-17,-0.003724261702297893,-0.011786785435401126,0.016620970050985173,0.005155725030190014,-0.00826576877837193,-0.8705750756930128,0.9883868363208149,0.0029842617053030818,-0.0013937610949978918,-0.0019671913633275695,0.006440185201296078,1
2016-06-20,0.006440185201296078,0.0023069342005457294,0.01674480505943876,0.0051626511411554865,-0.0026985033462640917,-0.31836286492477056,-0.21576365204818454,-0.003724261702297893,0.0029842617053030818,-0.0013937610949978918,0.0028385495646037207,1
2016-06-21,0.0028385495646037207,0.0071332559550547625,0.021022129051047056,0.005153634120310619,-0.0008962919893851229,-0.12856852030010935,-0.6327778208705528,0.006440185201296078,-0.003724261702297893,0.0029842617053030818,-0.0016311384151573849,0
2016-06-22,-0.0016311384151573849,0.006893851689361075,0.006312873629570115,0.004349117404498566,-0.0028379517734892223,-0.42426718574197203,0.2269727264528353,0.0028385495646037207,0.006440185201296078,-0.003724261702297893,0.013022738531634381,1
2016-06-23,0.013022738531634381,0.016971458071313394,0.012549718253193953,0.0050104008021777365,0.009515874500348964,1.353991334622231,0.44651964690414225,-0.0016311384151573849,0.0028385495646037207,0.006440185201296078,-0.03590961894321476,0
2016-06-24,-0.03590961894321476,-0.01588248830478567,-0.024090335446330546,0.009588663856218944,-0.02556491374295411,-2.7678208950820773,3.842395828841912,0.013022738531634381,-0.0016311384151573849,0.0028385495646037207,-0.017909519279194708,0
2016-06-27,-0.017909519279194708,-0.039692120448062695,-0.0456716882450392,0.010188630399766255,-0.04082011548105191,-3.0631393329670877,1.8122936892309984,-0.03590961894321476,0.013022738531634381,-0.0016311384151573849,0.018035985815464173,1
2016-06-28,0.018035985815464173,-0.025139211819823704,-0.026607075312058304,0.011157385082255365,-0.022215436363915875,-1.5521725290643316,0.6670302850596197,-0.017909519279194708,-0.03590961894321476,0.013022738531634381,0.01702777725863669,1
2016-06-29,0.01702777725863669,-0.006919647948944063,-0.01205722777274576,0.011872918613476278,-0.004962127241612713,-0.3473627724197573,0.28372920932696893,0.018035985815464173,-0.017909519279194708,-0.03590961894321476,0.013645521384446857,1
2016-06-30,0.013645521384446857,-0.006309125212189848,-0.0016147846451516346,0.012271272438543633,0.00869795936050033,0.6112728087612782,0.6370757533587722,0.01702777725863669,0.018035985815464173,-0.017909519279194708,0.0021002038377804233,1
2016-07-01,0.0021002038377804233,0.03286771421273538,0.0034792677396329186,0.012259007182933362,0.01063933093976499,0.7417973183989093,-0.2816884419612597,0.013645521384446857,0.01702777725863669,0.018035985815464173,-0.00719297073394809,0
2016-07-05,-0.00719297073394809,0.044138342752027215,-0.00878256753422546,0.012311145091561138,0.003816040209099869,0.2709436904762723,-0.26412928464505214,0.0021002038377804233,0.013645521384446857,0.01702777725863669,0.0059976598648951995,1
2016-07-06,0.0059976598648951995,0.031791355137962496,-0.004392220884630094,0.0123874711102814,0.010061578231107982,0.724731924616304,-0.5229006337907589,-0.00719297073394809,0.0021002038377804233,0.013645521384446857,-0.0006200364827859683,0
2016-07-07,-0.0006200364827859683,0.013887358745094724,-0.008242338714327113,0.012361673938879337,0.009858901382434837,0.7334702509934494,-0.7185448199048254,0.0059976598648951995,-0.00719297073394809,0.0021002038377804233,0.014890535460998056,1
2016-07-08,0.014890535460998056,0.015132669859329928,0.00790228012531502,0.012816782815017186,0.024484627916281143,1.740031909508293,0.030506625590056423,-0.0006200364827859683,0.0059976598648951995,-0.00719297073394809,0.0035267262434561797,1
2016-07-11,0.0035267262434561797,0.016577744406507833,0.021134423132473934,0.012613712813805232,0.027005046228831597,1.76006203247119,-0.9337440318352979,0.014890535460998056,-0.0006200364827859683,0.0059976598648951995,0.007263619065398741,1
2016-07-12,0.007263619065398741,0.031380467409884094,0.036545030438211334,0.012505719572488591,0.032581819496697806,1.902965390311416,-0.46128307952288505,0.0035267262434561797,0.014890535460998056,-0.0006200364827859683,-0.00013992292821773944,0
2016-07-13,-0.00013992292821773944,0.025088024333249415,0.03844280974897063,0.012482854786611614,0.030468087905972885,1.6484515568531202,-0.6519253555964161,0.007263619065398741,0.0035267262434561797,0.014890535460998056,0.005583614440800133,1
2016-07-14,0.005583614440800133,0.03145125803920745,0.04569852794277307,0.012481615181669115,0.033880891520850165,1.6958667106681027,-0.5701153897127308,-0.00013992292821773944,0.007263619065398741,0.0035267262434561797,-0.0013415915340319051,0
2016-07-15,-0.0013415915340319051,0.01495425937316841,0.04118844883467432,0.012506799021402545,0.03038955843594615,1.4408739038947476,-0.2793234588873975,0.005583614440800133,-0.00013992292821773944,0.007263619065398741,0.0026870366314262206,1
2016-07-18,0.0026870366314262206,0.014105007902336819,0.0478887723600796,0.012431727821502734,0.030724938925781986,1.3963804476893331,-0.9877828683403774,-0.0013415915340319051,0.005583614440800133,-0.00013992292821773944,-0.0010164751753254375,0
2016-07-19,-0.0010164751753254375,0.005768674814864649,0.0401250216644522,0.012416486371366765,0.0276362454929151,1.2131286158028685,-1.0148630056582366,0.0026870366314262206,-0.0013415915340319051,0.005583614440800133,0.004162922817434023,1
2016-07-20,0.004162922817434023,0.01009694790304616,0.041498636349378115,0.012424481754935041,0.02979712063918072,1.2576296011217547,-0.9358635890872308,-0.0010164751753254375,0.0026870366314262206,-0.0013415915340319051,-0.003777150201028534,0
2016-07-21,-0.003777150201028534,0.0006941695970292816,0.03925991633859316,0.012467675488316336,0.02392328919358322,0.9918307420187417,-0.7580656487751486,0.004162922817434023,-0.0010164751753254375,0.0026870366314262206,0.0044852420453651565,1
2016-07-22,0.0044852420453651565,0.006532881153137549,0.03050129962982928,0.012214052664091098,0.026952680948739705,1.0823891647053405,-0.7903870223428651,-0.003777150201028534,0.004162922817434023,-0.0010164751753254375,-0.0027158557373977432,0
2016-07-25,-0.0027158557373977432,0.0011092657837570297,0.06598159981258189,0.008561552733272667,0.020927633584378658,0.8877738548420059,-1.0263329592876684,0.0044852420453651565,-0.003777150201028534,0.004162922817434023,0.00046120652055736677,1
2016-07-26,0.00046120652055736677,0.002590091844313802,0.08592157078487461,0.007020439489156234,0.01728782021113595,0.8942131937539948,-0.7093249013273253,-0.0027158557373977432,0.0044852420453651565,-0.003777150201028534,-0.0010609967336209225,0
2016-07-27,-0.0010609967336209225,-0.002625645426471368,0.06555114618702262,0.006293966630837231,0.013041932024403957,0.8045046667065447,-0.20643102251796344,0.00046120652055736677,-0.0027158557373977432,0.0044852420453651565,0.0011547016427837509,1
2016-07-28,0.0011547016427837509,0.0023119070002444175,0.048920750937076374,0.005394890963806847,0.01181864342847505,0.8176619432007273,-0.7592962856509332,-0.0010609967336209225,0.00046120652055736677,-0.0027158557373977432,0.0016144863979707935,1
2016-07-29,0.0016144863979707935,-0.0005526373922771777,0.036471031596010395,0.004701753268720273,0.011648388563823442,0.8484881591293587,-0.13328043364004916,0.0011547016427837509,-0.0010609967336209225,0.00046120652055736677,-0.0008288369246437499,0
2016-08-01,-0.0008288369246437499,0.0013384745705955492,0.033441528269905874,0.004737495059555828,0.009159457970957074,0.7108704358101937,-0.35364515446244527,0.0016144863979707935,0.0011547016427837509,-0.0010609967336209225,-0.006407387011972077,0
2016-08-02,-0.006407387011972077,-0.0055361417818249326,0.03425926506899257,0.004662929428214928,0.0010309874879861347,0.09652138078171725,0.6127856708342551,-0.0008288369246437499,0.0016144863979707935,0.0011547016427837509,0.002922390807379438,1
2016-08-03,0.002922390807379438,-0.0015705994115216004,0.03109760213257684,0.004563251638292762,0.002438747540600472,0.28009903229210037,-1.1544518954835594,-0.006407387011972077,-0.0008288369246437499,0.0016144863979707935,0.0010642087529615374,1
2016-08-04,0.0010642087529615374,-0.0016608459654202656,0.032835300793125244,0.0045367121242617745,0.0019073657872312744,0.34129083050705267,-1.3507299471780687,0.002922390807379438,-0.006407387011972077,-0.0008288369246437499,0.008179065842758959,1
2016-08-05,0.008179065842758959,0.004882266957268344,0.026005162468138998,0.0036692294363896687,0.008810649493487865,1.8708866297150843,-0.05128344079758387,0.0010642087529615374,0.002922390807379438,-0.006407387011972077,-0.0005959059178022308,0
2016-08-08,-0.0005959059178022308,0.005116529360797983,0.021790185657065697,0.0036527750881431937,0.007126803210034893,1.8292869916244316,-1.6990704302683204,0.008179065842758959,0.0010642087529615374,0.002922390807379438,0.0005962612333998418,1
2016-08-09,0.0005962612333998418,0.012201407534441211,0.015026672443591904,0.0033509593928277926,0.006976179575643338,1.8017704662853906,-0.9956737490796724,-0.0005959059178022308,0.008179065842758959,0.0010642087529615374,-0.0024751688762723045,0
2016-08-10,-0.0024751688762723045,0.00675390974286727,0.012656003808703353,0.003423548786945238,0.0038536311639847387,1.1036748464751678,-0.5399512645771577,0.0005962612333998418,-0.0005959059178022308,0.008179065842758959,0.004640965139014908,1
2016-08-11,0.004640965139014908,0.010350995168928678,0.011706724742069463,0.003357684087273033,0.00792436893011872,2.0389618653811157,0.39525341184475987,-0.0024751688762723045,0.0005962612333998418,-0.0005959059178022308,-0.0008689159294754667,0
2016-08-12,-0.0008689159294754667,0.0012835212473136792,0.01218557625295369,0.0033450311136853724,0.006438477848999202,1.6117502393203103,-0.19908345676977193,0.004640965139014908,-0.0024751688762723045,0.0005962612333998418,0.002883872355889938,1
2016-08-15,0.002883872355889938,0.0047698434103644605,0.012384276618985002,0.003351743285426134,0.008718183368076504,1.9667849653071297,-1.0329871897862037,-0.0008689159294754667,0.004640965139014908,-0.0024751688762723045,-0.005157810203246349,0
2016-08-16,-0.005157810203246349,-0.001008228805540301,0.008187388119533123,0.0035784788055405153,0.003106668176885208,0.7131154850937836,-0.7680967087650764,0.002883872355889938,-0.0008689159294754667,0.004640965139014908,0.0018809952253935336,1
2016-08-17,0.0018809952253935336,0.003354341383950299,0.005896315060948121,0.003487884117063334,0.0046975722037920775,1.0466053971305296,0.8141843390771012,-0.005157810203246349,0.002883872355889938,-0.0008689159294754667,0.0022438181182509176,1
2016-08-18,0.0022438181182509176,0.0009602643418236134,0.011975747837142725,0.003375506491913196,0.006352331214093843,1.3864075011490609,-0.7705392898085728,0.0018809952253935336,-0.005157810203246349,0.002883872355889938,-0.0014620549553578943,0
2016-08-19,-0.0014620549553578943,0.0003660394141795642,0.005984101491337546,0.0032757883841582477,0.00458074274184761,0.9749159796901173,0.8172715522466373,0.0022438181182509176,0.0018809952253935336,-0.005157810203246349,-4.598408901335116e-05,0
2016-08-22,-4.598408901335116e-05,-0.002556461354483841,0.008677264163930998,0.003199790099381114,0.0041006948798050225,0.8731663340187127,-0.219274830617996,-0.0014620549553578943,0.0022438181182509176,0.0018809952253935336,0.0020134743675277456,1
2016-08-23,0.0020134743675277456,0.004633574947020769,0.010242279653714048,0.0032191765423450576,0.0056095393446402575,1.1733458147886597,-0.7306988795602027,-4.598408901335116e-05,-0.0014620549553578943,0.0022438181182509176,-0.005114499707703168,0
2016-08-24,-0.005114499707703168,-0.002381139491773099,0.006142910150941816,0.0034433860022138416,0.00016088788995793912,0.03504095773196283,0.667070360662561,0.0020134743675277456,-4.598408901335116e-05,-0.0014620549553578943,-0.0006889034980065434,0
2016-08-25,-0.0006889034980065434,-0.0053003277612421185,0.004290119330022435,0.003444312821219789,-0.000741445002057195,-0.16650982949057264,0.458924311036301,-0.005114499707703168,0.0020134743675277456,-4.598408901335116e-05,-0.0018834068393283054,0
2016-08-26,-0.0018834068393283054,-0.005720060013744366,0.0007828821001338859,0.003458539520665773,-0.0026623624090007514,-0.6017143500016476,3.0928974962371236,-0.0006889034980065434,-0.005114499707703168,0.0020134743675277456,0.0049241192644273735,1
2016-08-29,0.0049241192644273735,-0.0007781587009298985,0.0065451181296181105,0.0036176322885452614,0.0019221617078593045,0.44378004647813213,0.2901423382029555,-0.0018834068393283054,-0.0006889034980065434,-0.005114499707703168,-0.001648096796851295,0
2016-08-30,-0.001648096796851295,-0.004429528642065472,0.01136645060448993,0.0032929155279842544,-0.0002910269616733796,-0.08372153625458092,-0.30704207950366547,0.0049241192644273735,-0.0018834068393283054,-0.0006889034980065434,-0.0028439419517017894,0
2016-08-31,-0.0028439419517017894,-0.0021574076243970897,0.005551568467037971,0.0033283957413294163,-0.003408384096323047,-1.162983263263754,1.134961479254765,-0.001648096796851295,0.0049241192644273735,-0.0018834068393283054,4.5570220248425386e-05,1
2016-09-01,4.5570220248425386e-05,-0.0014240132273762862,0.004528363796134194,0.0033235881556837443,-0.003586802962269875,-1.4790999622732863,1.6165359870489135,-0.0028439419517017894,-0.001648096796851295,0.0049241192644273735,0.0045082797646707196,1
2016-09-02,0.0045082797646707196,0.004970615217301022,0.0008708699462838254,0.002940904192228918,0.0008617239719224123,0.3541322914635306,0.6011071053936893,4.5570220248425386e-05,-0.0028439419517017894,-0.001648096796851295,0.003022464759512955,1
2016-09-06,0.003022464759512955,0.0030688727264016613,0.004494551126936086,0.0030097235467109263,0.0036613793592443766,1.420793743704313,-0.673556185931171,0.0045082797646707196,4.5570220248425386e-05,-0.0028439419517017894,-9.168064026288114e-05,0
2016-09-07,-9.168064026288114e-05,0.004632642570154388,0.003803929054518651,0.0030092310280410237,0.003378568591608788,1.2532354476199747,0.37179262697738263,0.003022464759512955,0.0045082797646707196,4.5570220248425386e-05,-0.002282820057342816,0
2016-09-08,-0.002282820057342816,0.005197971704931081,0.003997488647389025,0.0030005457563180124,0.0008885635611155518,0.3396628641034567,0.18797813919301795,-9.168064026288114e-05,0.003022464759512955,0.0045082797646707196,-0.0239349326736511,0
2016-09-09,-0.0239349326736511,-0.018906082737411012,-0.024560106190276376,0.0060403098493663114,-0.021864643585615906,-3.793758648660688,3.78046666548883,-0.002282820057342816,-9.168064026288114e-05,0.003022464759512955,0.01434752704738762,1
2016-09-12,0.01434752704738762,-0.009296181202525067,-0.009704472371896089,0.006973717592327664,-0.007348250726205374,-1.2240087868127647,1.982217979776712,-0.0239349326736511,-0.002282820057342816,-9.168064026288114e-05,-0.014375686528954268,0
2016-09-13,-0.014375686528954268,-0.02648065665256727,-0.026747386754738867,0.007579221028695802,-0.02030117702537415,-2.6789047758846602,1.9609377813221411,0.01434752704738762,-0.0239349326736511,-0.002282820057342816,-0.00037468154169184587,0
2016-09-14,-0.00037468154169184587,-0.026756188765253652,-0.022068059201996837,0.007527272629227398,-0.019584910705897296,-2.2077789176584472,0.8420804275486687,-0.014375686528954268,0.01434752704738762,-0.0239349326736511,0.009992703577499373,1
2016-09-15,0.009992703577499373,-0.014781775928178198,-0.014150253864070872,0.007904742937645821,-0.009083725220228933,-1.0013646328315065,0.7749280644107585,-0.00037468154169184587,-0.014375686528954268,0.01434752704738762,-0.003865655229684739,0
2016-09-16,-0.003865655229684739,0.005475703356384809,-0.020159792301928325,0.007903756229380129,-0.011910917466184334,-1.2749271389219985,1.0917950636394573,0.009992703577499373,-0.00037468154169184587,-0.014375686528954268,0.00018752984188696864,1
2016-09-19,0.00018752984188696864,-0.008560445764191904,-0.01854109616887789,0.00790715424865194,-0.010802212572199599,-1.1309370804527923,-0.4645379372131048,-0.003865655229684739,0.009992703577499373,-0.00037468154169184587,4.676927455760094e-05,1
2016-09-20,4.676927455760094e-05,0.005947103367244466,-0.01845005836805047,0.007907712039005605,-0.009835358604003086,-1.0179607136140774,-0.6974465928253614,0.00018752984188696864,-0.003865655229684739,0.009992703577499373,0.011245146140049123,1
2016-09-21,0.011245146140049123,0.017640416633960765,-0.009406919606664843,0.0083441627439292,0.001775460971348064,0.19019989564799508,0.09389793101287226,4.676927455760094e-05,0.00018752984188696864,-0.003865655229684739,0.006301653703045362,1
2016-09-22,0.006301653703045362,0.013921417953325355,0.0019599789661595146,0.008397808181060415,0.007988916977804017,0.8488125074647586,-0.6370809944256993,0.011245146140049123,4.676927455760094e-05,0.00018752984188696864,-0.0054791098473548905,0
2016-09-23,-0.0054791098473548905,0.012279153330747139,-0.002842924824098647,0.008490242007684003,0.0026093108966409595,0.27908258073954595,-0.7103674415626241,0.006301653703045362,0.011245146140049123,4.676927455760094e-05,-0.00810237170220196,0
2016-09-26,-0.00810237170220196,0.003889032212588406,-0.009055911218451174,0.008670655897440658,-0.0050620888094216054,-0.5389904303504705,-0.32386712574108983,-0.0054791098473548905,0.006301653703045362,0.011245146140049123,0.0062081128336966,1
2016-09-27,0.0062081128336966,0.010074048166592409,-0.007789779962260268,0.00871692881517068,0.0015081750786762882,0.16461831024294588,-0.5819241540707302,-0.00810237170220196,-0.0054791098473548905,0.006301653703045362,0.004963429925864293,1
2016-09-28,0.004963429925864293,0.0037996066524705885,-0.0012189261748496438,0.008790352402772754,0.006540908489636843,0.7178503404652704,-0.4298685773820081,0.0062081128336966,-0.00810237170220196,-0.0054791098473548905,-0.009047302263598511,0
2016-09-29,-0.009047302263598511,-0.011511185996181728,-0.007432395795409663,0.009001983374508967,-0.0021929483480368495,-0.24214051209841128,0.432663587127567,0.004963429925864293,0.0062081128336966,-0.00810237170220196,0.007546082686276545,1
2016-09-30,0.007546082686276545,0.0014350047246229902,1.2030649150007733e-05,0.009173247500369864,0.005335978206512326,0.58916290994791,0.16763462964141715,-0.009047302263598511,0.004963429925864293,0.0062081128336966,-0.0024037936630059153,0
2016-10-03,-0.0024037936630059153,0.007188376204499747,-0.006869103855810299,0.00912616070552641,0.003267331539083651,0.37164830830238954,-0.5944894889686883,0.007546082686276545,-0.009047302263598511,0.004963429925864293,-0.0050980267448166305,0
2016-10-04,-0.0050980267448166305,-0.004128777988537613,-0.014909513007323683,0.009150944987393253,-0.0010928170679063154,-0.13279999247726404,0.16043775316039663,-0.0024037936630059153,0.007546082686276545,-0.009047302263598511,0.004425349265354539,1
2016-10-05,0.004425349265354539,-0.004661990470669619,-0.010459421830630311,0.009222492901770546,0.0038600004626729856,0.5075070632626382,-0.9356354775541198,-0.0050980267448166305,-0.0024037936630059153,0.007546082686276545,0.0006957217205694199,1
2016-10-06,0.0006957217205694199,0.005124149797528732,-0.007505290126507247,0.009215980157575472,0.004940109868566855,0.6913950128334053,-1.1373783976641447,0.004425349265354539,-0.0050980267448166305,-0.0024037936630059153,-0.003429438956870423,0
2016-10-07,-0.003429438956870423,-0.00582498895624417,0.013345362886817425,0.00741758450737488,0.0008337152264206171,0.12647156487303818,-0.4534067126062303,0.0006957217205694199,0.004425349265354539,-0.0050980267448166305,0.005208068278772959,1
2016-10-10,0.005208068278772959,0.001760768569657456,0.004214933802586751,0.00678653616413518,0.005833762874959403,0.8683061986857677,-1.4155728585102165,-0.003429438956870423,0.0006957217205694199,0.004425349265354539,-0.012629327169725646,0
2016-10-11,-0.012629327169725646,-0.005822452194596428,0.005994232592555937,0.006597289496560234,-0.007163000680455389,-1.1484435888293327,1.1437587920468373,0.005208068278772959,-0.003429438956870423,0.0006957217205694199,0.0013119223595829954,1
2016-10-12,0.0013119223595829954,-0.0089041138917203,0.007691582355532578,0.006598727878791294,-0.006237516124548259,-1.1200157882842368,-0.731044485312801,-0.012629327169725646,0.005208068278772959,-0.003429438956870423,-0.0032755086858734517,0
2016-10-13,-0.0032755086858734517,-0.012837247643752714,-0.00554640021933972,0.006241250266988189,-0.009218920669361474,-1.5612286350436575,0.32936250566430947,0.0013119223595829954,-0.012629327169725646,0.005208068278772959,0.0005162648962713234,1
2016-10-14,0.0005162648962713234,-0.008928791957912408,-0.001171873564289938,0.006184652546563386,-0.008649766551111271,-1.4443700831965542,0.17237589844872545,-0.0032755086858734517,0.0013119223595829954,-0.012629327169725646,-0.003471992529479051,0
2016-10-17,-0.003471992529479051,-0.01748677972440882,-0.004826422101221528,0.006231509837916594,-0.011855007802926809,-1.857963941490208,-1.3152851795565386,0.0005162648962713234,-0.0032755086858734517,0.0013119223595829954,0.006262313921679086,1
2016-10-18,0.006262313921679086,0.0013119223595829954,0.0013588344238832928,0.006398448183807908,-0.005734011842561726,-0.9088818874993045,-0.5267732748257326,-0.003471992529479051,0.0005162648962713234,-0.0032755086858734517,0.0026670271741704443,1
2016-10-19,0.0026670271741704443,0.0026670271741704443,-0.007135421634609673,0.005877440921760193,-0.0027250260944654547,-0.4345865328796796,-0.8890375080765021,0.006262313921679086,-0.003471992529479051,0.0005162648962713234,-0.0018667524836591953,0
2016-10-20,-0.0018667524836591953,0.004084182471944864,-0.015194755666940285,0.005671720845376275,-0.0038217049185197416,-0.6578475221397222,-0.5656607794059998,0.0026670271741704443,0.006262313921679086,-0.003471992529479051,0.00046774844083863343,1
2016-10-21,0.00046774844083863343,0.004035493003118784,-0.009305993261336631,0.005565635665673565,-0.0028890020806011663,-0.5087814868509996,0.0812854532208949,-0.0018667524836591953,0.0026670271741704443,0.006262313921679086,0.004252413425575474,1
2016-10-24,0.004252413425575474,0.011818091869482128,0.0030337999103013935,0.005353485826344876,0.0011995089427225825,0.2115272638829976,-1.100005477181463,0.00046774844083863343,-0.0018667524836591953,0.0026670271741704443,-0.0033503346602297146,0
2016-10-25,-0.0033503346602297146,0.002152369908721141,-0.0064944932815272916,0.00521035799769215,-0.0018292980198745257,-0.32694428846452234,-0.7880971437741957,0.004252413425575474,0.00046774844083863343,-0.0018667524836591953,-0.002007937210684929,0
2016-10-26,-0.002007937210684929,-0.002520194871558523,-0.013386377536488636,0.005070106272145436,-0.0031598980638573027,-0.6115273207892206,-0.3744570229369443,-0.0033503346602297146,0.004252413425575474,0.00046774844083863343,-0.0026667369346567993,0
2016-10-27,-0.0026667369346567993,-0.003319655601147997,-0.007033750729041444,0.004702047122667196,-0.005468015712988161,-1.0280042809535053,-0.2252299547706094,-0.002007937210684929,-0.0033503346602297146,0.004252413425575474,-0.00295521715181446,0
2016-10-28,-0.00295521715181446,-0.006729663101207373,-0.017383090071315332,0.00434778589519887,-0.007536589926560366,-1.4542515555373006,2.3961905132287464,-0.0026667369346567993,-0.002007937210684929,-0.0033503346602297146,4.704458140758483e-05,1
2016-10-31,4.704458140758483e-05,-0.010889043823412492,-0.014969052119724324,0.0043367282879848,-0.006740847949414763,-1.3165066211232435,-0.8521122700592204,-0.00295521715181446,-0.0026667369346567993,-0.002007937210684929,-0.007245447120520665,0
2016-11-01,-0.007245447120520665,-0.014754693453365775,-0.017095166636570958,0.004474571379083028,-0.013091175996780557,-2.207021706551336,1.6415878347073756,4.704458140758483e-05,-0.00295521715181446,-0.0026667369346567993,-0.006018490558547307,0
2016-11-02,-0.006018490558547307,-0.018714022399923147,-0.027315239884716958,0.0044354877420922124,-0.017677832582171593,-2.53670319843358,0.7816431038105028,-0.007245447120520665,4.704458140758483e-05,-0.00295521715181446,-0.004576911055815036,0
2016-11-03,-0.004576911055815036,-0.020593461449319728,-0.03244028382760045,0.004462579922390628,-0.020568325042563895,-2.5336265920971903,0.15734454079030452,-0.006018490558547307,-0.007245447120520665,4.704458140758483e-05,-0.0011016824282805704,0
2016-11-04,-0.0011016824282805704,-0.018772716725623306,-0.030180289870159638,0.004443715448782212,-0.020155739087730162,-2.195118590882334,0.9188261617552769,-0.004576911055815036,-0.006018490558547307,-0.007245447120520665,0.022057009330059607,1
2016-11-07,0.022057009330059607,0.002823045226080012,-0.013924515924439773,0.00677322966202981,0.002165311790920166,0.2566308370344291,0.8583977847181444,-0.0011016824282805704,-0.004576911055815036,-0.006018490558547307,0.004503772278249274,1
2016-11-08,0.004503772278249274,0.014691424920062923,0.003186109088807676,0.006245156801086223,0.006517934085050747,0.7636502187097716,0.837602515613364,0.022057009330059607,-0.0011016824282805704,-0.004576911055815036,0.010602227746447257,1
2016-11-09,0.010602227746447257,0.03165844108675886,0.012493803429780792,0.006665352756786449,0.016551291888041275,1.7770818235840804,3.6573954941798448,0.004503772278249274,0.022057009330059607,-0.0011016824282805704,0.002495487965670673,1
2016-11-10,0.002495487965670673,0.03898828929933007,0.01835610379484831,0.006611535491209161,0.018152945665292908,1.7731115331956564,1.5155025571415606,0.010602227746447257,0.004503772278249274,0.022057009330059607,-0.0023051438601213725,0
2016-11-11,-0.0023051438601213725,0.03773652792150961,0.015484387532773702,0.00665082249880783,0.015019859759672238,1.387724666158463,-0.00708150680288607,0.002495487965670673,0.010602227746447257,0.004503772278249274,0.000785337382125384,1
2016-11-14,0.000785337382125384,0.01613852429859608,0.01982270218665283,0.006574950453308739,0.014815124604231622,1.3083535688563666,-0.17592764222079885,-0.0023051438601213725,0.002495487965670673,0.010602227746447257,0.007803021176278513,1
2016-11-15,0.007803021176278513,0.01947598703299036,0.02138417200811582,0.006648438323600228,0.02163995894073656,1.7449613758151112,-0.25711688735173843,0.000785337382125384,-0.0023051438601213725,0.002495487965670673,-0.0018786778151649308,0
2016-11-16,-0.0018786778151649308,0.006885490824740881,0.01675361071419279,0.00666897250984319,0.018864652954662775,1.4351589493952701,-0.8232706070232101,0.007803021176278513,0.000785337382125384,-0.0023051438601213725,0.005140829406123482,1
2016-11-17,0.005140829406123482,0.009542416413577337,0.02389192036026544,0.006702612658417859,0.02288028234714723,1.6123659839799378,-0.72580587067486,-0.0018786778151649308,0.007803021176278513,0.000785337382125384,-0.0022376147822401604,0
2016-11-18,-0.0022376147822401604,0.009610747394781516,0.021123215871723167,0.006745382188336837,0.019515258986356754,1.3096889085339984,-0.36454385332561284,0.005140829406123482,-0.0018786778151649308,0.007803021176278513,0.007551684845999107,1
2016-11-21,0.007551684845999107,0.016436763789070552,0.024477912955661374,0.006866633598488969,0.025955300787895208,1.6146084361977697,-0.6864929415398079,-0.0022376147822401604,0.005140829406123482,-0.0018786778151649308,0.001953152039264827,1
2016-11-22,0.001953152039264827,0.010536779437688493,0.02992948252342309,0.006782241615670207,0.026426065951288047,1.5356424485606974,-0.7973026129399828,0.007551684845999107,-0.0022376147822401604,0.005140829406123482,0.0005439580657782273,1
2016-11-23,0.0005439580657782273,0.012989550064328892,0.03256304272849708,0.0067366783332826604,0.025324034375383553,1.3959631408956206,-0.9960545965420105,0.001953152039264827,0.007551684845999107,-0.0022376147822401604,0.0037154297540937797,1
2016-11-25,0.0037154297540937797,0.011553020067806452,0.03917065294204014,0.006673552207071351,0.027141294468919108,1.42360248409335,-1.3037543002878398,0.0005439580657782273,0.001953152039264827,0.007551684845999107,-0.0046947816636874196,0
2016-11-28,-0.0046947816636874196,0.009061891301515912,0.03735759055935173,0.006751644755354496,0.02044066215259721,1.0573919587667182,-0.44162922675205313,0.0037154297540937797,0.0005439580657782273,0.001953152039264827,0.0019503905429298918,1
2016-11-29,0.0019503905429298918,0.0034522012893798415,0.039331948057175437,0.006738190601099336,0.020456726316099738,1.0482436487234739,-0.5949715243877722,-0.0046947816636874196,0.0037154297540937797,0.0005439580657782273,-0.0023992958149884336,0
2016-11-30,-0.0023992958149884336,-0.0009067583800004275,0.0444054678535335,0.006471906091067179,0.015809977029463074,0.8358041881666622,0.3343036664912052,0.0019503905429298918,-0.0046947816636874196,0.0037154297540937797,-0.0036752110761478773,0
2016-12-01,-0.0036752110761478773,-0.005119810031523064,0.04686762019830115,0.006335163423913599,0.009788981472110159,0.5646109458764462,-0.3661688965561331,-0.0023992958149884336,0.0019503905429298918,-0.0046947816636874196,0.0005009217658584753,1
2016-12-02,0.0005009217658584753,-0.008306022202012708,0.052207880858146094,0.006143412688133487,0.0077689215933651745,0.5298767913287773,-0.4381123226730078,-0.0036752110761478773,-0.0023992958149884336,0.0019503905429298918,0.006008538423718068,1
2016-12-05,0.006008538423718068,0.002358463302108982,0.059697562523945535,0.006125730095658028,0.010937241536000508,1.0105346982645484,-0.5389928848964608,0.0005009217658584753,-0.0036752110761478773,-0.0023992958149884336,0.0031676231285764356,1
2016-12-06,0.0031676231285764356,0.003576191640304094,0.040112513615170986,0.004161239033719243,0.012160187441583314,1.2784935168895926,-0.6478948075906678,0.006008538423718068,0.0005009217658584753,-0.0036752110761478773,0.013080366707546753,1
2016-12-07,0.013080366707546753,0.019148575157148517,0.04899314048417924,0.004824453789605741,0.022950098129630447,2.401579443287866,0.4036775833556236,0.0031676231285764356,0.006008538423718068,0.0005009217658584753,0.002448915006064034,1
2016-12-08,0.002448915006064034,0.02541299258423102,0.0405300984464072,0.004423156856113021,0.023411314635297886,2.234811537283384,0.581842809711454,0.013080366707546753,0.0031676231285764356,0.006008538423718068,0.006040518639471859,1
2016-12-09,0.006040518639471859,0.031090523193454844,0.0442096273423338,0.004514245943666998,0.02735409038062686,2.3125799744623166,0.46769584873369996,0.002448915006064034,0.013080366707546753,0.0031676231285764356,-0.0011478782389809927,0
2016-12-12,-0.0011478782389809927,0.02375568147084417,0.045420847281526955,0.00446089903830267,0.023892318606222984,1.9365140851271205,1.1964256498108168,0.006040518639471859,0.002448915006064034,0.013080366707546753,0.006674057515170251,1
2016-12-13,0.006674057515170251,0.027334078582370802,0.05157220717953992,0.004553701967562445,0.02812725145244266,2.13463794230522,1.5202861222889301,-0.0011478782389809927,0.006040518639471859,0.002448915006064034,-0.00825429746991857,0
2016-12-14,-0.00825429746991857,0.00569924260597876,0.03481751439199643,0.0049709973713180314,0.017894743770584087,1.3379141797693281,2.4610525330349984,0.006674057515170251,-0.0011478782389809927,0.006040518639471859,0.004117390568121104,1
2016-12-15,0.004117390568121104,0.007373128011957331,0.04103402980210169,0.0049228345366054155,0.020031106402310206,1.4842974619541467,1.5314844991092502,-0.00825429746991857,0.006674057515170251,-0.0011478782389809927,-0.0019559154419013236,0
2016-12-16,-0.0019559154419013236,-0.0006338982103942792,0.03368386286879588,0.004942095992728442,0.01635019385990355,1.2064069365291004,2.224370973207767,0.004117390568121104,-0.00825429746991857,0.006674057515170251,0.0021774546401671646,1
2016-12-19,0.0021774546401671646,0.0026931457875984943,0.038257883780991264,0.004856253035217386,0.016655386016974028,1.2466260976910108,0.009965146758185835,-0.0019559154419013236,0.004117390568121104,-0.00825429746991857,0.003857478128989067,1
2016-12-20,0.003857478128989067,-0.00011229538177226495,0.03445109222286025,0.004697231717749375,0.018845632849683103,1.3757812422235378,-0.0363097832824442,0.0021774546401671646,-0.0019559154419013236,0.004117390568121104,-0.002782655544809942,0
2016-12-21,-0.002782655544809942,0.005404267453874345,0.029561680659123235,0.004802280074109643,0.014530712061880724,1.0563380624772134,-0.7777025382193311,0.003857478128989067,0.0021774546401671646,-0.0019559154419013236,-0.0017274628529954095,0
2016-12-22,-0.0017274628529954095,-0.00044807673160796035,0.02722438411181538,0.004851901963334877,0.011420744560994178,0.8396429602847437,-1.1708148734962398,-0.002782655544809942,0.003857478128989067,0.0021774546401671646,0.0014644887807564455,1
2016-12-23,0.0014644887807564455,0.0029774950161838287,0.02492072175248028,0.004820272323279785,0.011656180779548775,0.858175645949659,-1.820655121407865,-0.0017274628529954095,-0.002782655544809942,0.003857478128989067,0.0024809189519112707,1
2016-12-27,0.0024809189519112707,0.003281201584128146,0.03230993675761451,0.004617887707797429,0.012558982571230004,0.9478045699188485,-1.4750739084134339,0.0014644887807564455,-0.0017274628529954095,-0.002782655544809942,-0.008264821345732365,0
2016-12-28,-0.008264821345732365,-0.008834138937744873,0.021785199367137187,0.005115374982773692,0.0031165239921371324,0.24688577847141155,-0.7809499712755881,0.0024809189519112707,0.0014644887807564455,-0.0017274628529954095,-0.00022251199140654876,0
2016-12-29,-0.00022251199140654876,-0.006289531281588934,0.024014754221927337,0.0050600724063474736,0.0017153301887491423,0.14729255762855697,-1.1405737585534257,-0.008264821345732365,0.0024809189519112707,0.0014644887807564455,-0.0036552845959947344,0
2016-12-30,-0.0036552845959947344,-0.008208542950803421,0.02403523450095202,0.005059063945479533,-0.0031138483194715905,-0.3109755361771919,0.667026418388128,-0.00022251199140654876,-0.008264821345732365,0.0024809189519112707,0.0076501028188911135,1
2017-01-03,0.0076501028188911135,-0.0020826750559821416,0.031352582378264104,0.005255785785426487,0.0029810488865893436,0.375448010926346,0.10404624752982358,-0.0036552845959947344,-0.00022251199140654876,-0.008264821345732365,0.0059492310155173644,1
2017-01-04,0.0059492310155173644,0.0013698482101995868,0.03129178085793338,0.005253158570085055,0.00740598760957667,1.1715329327081385,-0.30173187554759523,0.0076501028188911135,-0.0036552845959947344,-0.00022251199140654876,-0.000794368196932016,0
2017-01-05,-0.000794368196932016,0.008912876527322089,0.027218713709808773,0.005263834049601965,0.0052650885908651635,1.2033808080219843,-0.3480594536561265,0.0059492310155173644,0.0076501028188911135,-0.0036552845959947344,0.003577655264235702,1
2017-01-06,0.003577655264235702,0.012747767513727304,0.017583384325944085,0.0045272617221620215,0.007982988511141098,1.8521476352541546,-0.5037661281273483,-0.000794368196932016,0.0059492310155173644,0.0076501028188911135,-0.0033007680840384523,0
2017-01-09,-0.0033007680840384523,0.013108120512523413,0.011746895413596192,0.0046043986004537935,0.004070268287386991,0.9943729708024036,-1.158637620147423,0.003577655264235702,-0.000794368196932016,0.0059492310155173644,0.0,0
2017-01-10,0.0,0.005416580297429974,0.005672114262198269,0.004422877923770461,0.003786042271732848,0.9076527164275958,-0.6011096778861809,-0.0033007680840384523,0.003577655264235702,-0.000794368196932016,0.0028263599554017027,1
2017-01-11,0.0028263599554017027,0.0022953627994042325,0.009673487879426013,0.004444002568233561,0.006137930018570881,1.409453324518489,-0.23207959268098105,0.0,-0.0033007680840384523,0.003577655264235702,-0.002510206662732828,0
2017-01-12,-0.002510206662732828,0.0005742186396364701,0.000461858775762769,0.004241342985298357,0.0035890670813927272,0.8206295233954352,-0.25578009693727694,0.0028263599554017027,0.0,-0.0033007680840384523,0.0022955564072679735,1
2017-01-13,0.0022955564072679735,-0.0007040432420426512,0.011104432162122091,0.003788447923329276,0.0053375543334996944,1.2176495937371052,-0.4728308361230929,-0.002510206662732828,0.0028263599554017027,0.0,-0.003523554773635973,0
2017-01-17,-0.003523554773635973,-0.0009274103632416208,0.003410318133693524,0.0037959974907277984,0.0016246743698309363,0.3706715594131246,-0.4480272622715459,0.0022955564072679735,-0.002510206662732828,0.0028263599554017027,0.002210057767714879,1
2017-01-18,0.002210057767714879,0.0012805977739960284,0.0075986907399479,0.0037870823671913166,0.0034584970454918373,0.7915968825328064,-0.7267722362839347,-0.003523554773635973,0.0022955564072679735,-0.002510206662732828,-0.003704271829350292,0
2017-01-19,-0.003704271829350292,-0.00523996765825796,0.0016851473225256708,0.0038681009246588575,-0.00034265104997899254,-0.07885271122760078,-0.016649705475251332,0.002210057767714879,-0.003523554773635973,0.0022955564072679735,0.0036735728874837115,1
2017-01-20,0.0036735728874837115,0.0009268891722136186,0.0015016400488896409,0.003858884347522156,0.003254199257845647,0.7410794444172604,2.7539236167304337,-0.003704271829350292,0.002210057767714879,-0.003523554773635973,-0.0026018731611254786,0
2017-01-23,-0.0026018731611254786,-0.003963852796555756,0.001683199118994727,0.0038520263467265183,0.0005597393921248361,0.12762028785054136,0.266056728666734,0.0036735728874837115,-0.003704271829350292,0.002210057767714879,0.006411608950851466,1
2017-01-24,0.006411608950851466,0.00596692102692975,0.00985007858222886,0.004073358906904476,0.006480652790808561,1.4109709751814292,1.0843754571452373,-0.0026018731611254786,0.0036735728874837115,-0.003704271829350292,0.008655604383558835,1
2017-01-25,0.008655604383558835,0.012436629281423306,0.017101407748603137,0.004461992968488166,0.014326658376804247,2.523307531577297,0.5145273848176569,0.006411608950851466,-0.0026018731611254786,0.0036735728874837115,-0.0010455941409063252,0
2017-01-26,-0.0010455941409063252,0.015138379977651217,0.013523462908616946,0.004464148223953535,0.01258157776612423,1.9658865252872557,-0.7199449033106882,0.008655604383558835,0.006411608950851466,-0.0026018731611254786,-0.0015699169332450413,0
2017-01-27,-0.0015699169332450413,0.009834994588385104,0.020365453442011017,0.003983104053110852,0.009972928577517193,1.5439916389471806,-0.7168847146020031,-0.0010455941409063252,0.008655604383558835,0.006411608950851466,-0.0062014002967250015,0
2017-01-30,-0.0062014002967250015,0.006190583828341589,0.01426344459513551,0.004293248533131153,0.003001812199617815,0.49911443968259755,0.20465052081552887,-0.0015699169332450413,-0.0010455941409063252,0.008655604383558835,-8.799069510079249e-05,0
2017-01-31,-8.799069510079249e-05,-0.00030758839487898815,0.01789489437738956,0.0041744942262305134,0.002030191703591422,0.411368914720212,0.0994009000846153,-0.0062014002967250015,-0.0015699169332450413,-0.0010455941409063252,0.00039568147275437227,1
2017-02-01,0.00039568147275437227,-0.008494111345317745,0.010566717236100587,0.003860019941468864,0.0019015997396940598,0.41555397046195713,0.3244701523002556,-8.799069510079249e-05,-0.0062014002967250015,-0.0015699169332450413,0.0006587931171648798,1
2017-02-02,0.0006587931171648798,-0.006802432532937663,0.005251995285090905,0.0036445612792011827,0.0022991465080373086,0.5038112123743603,-0.1967196542623821,0.00039568147275437227,-8.799069510079249e-05,-0.0062014002967250015,0.006893053199842125,1
2017-02-03,0.006893053199842125,0.0016161853475560317,0.012985934578206848,0.003921451067391919,0.008555638211687366,1.743347663245102,0.427624887976171,0.0006587931171648798,0.00039568147275437227,-8.799069510079249e-05,-0.001787644546915379,0
2017-02-06,-0.001787644546915379,0.006064661324982623,0.007570336477768613,0.0038942434632264367,0.006372079582958268,1.243009369074825,-0.8322792771416112,0.006893053199842125,0.0006587931171648798,0.00039568147275437227,4.349794363855963e-05,1
2017-02-07,4.349794363855963e-05,0.006196959038751837,0.010951078770807587,0.003798298563151174,0.005867558748259727,1.1282870660249744,-0.8896760051588896,-0.001787644546915379,0.006893053199842125,0.0006587931171648798,0.001310299207172294,1
2017-02-08,0.001310299207172294,0.007116880625877675,0.01227572716781089,0.0037995842753148295,0.006570833442758328,1.2416783989457028,-1.1895870687418233,4.349794363855963e-05,-0.001787644546915379,0.006893053199842125,0.005932842636019453,1
2017-02-09,0.005932842636019453,0.012424967994149272,0.01541148141204185,0.003954969328304201,0.011765222454943824,1.9833559320163294,-0.3427564465066636,0.001310299207172294,4.349794363855963e-05,-0.001787644546915379,0.003946090484386433,1
2017-02-10,0.003946090484386433,0.009461814535702606,0.021983777484023914,0.003936378293424663,0.01464924288947933,2.185015613270038,-0.32103540592212043,0.005932842636019453,0.001310299207172294,4.349794363855963e-05,0.005442700751491225,1
2017-02-13,0.005442700751491225,0.01677364297058137,0.02519274159110374,0.004048202713783119,0.018894523630086146,2.375033557849946,-0.9000585692710359,0.003946090484386433,0.005932842636019453,0.001310299207172294,0.003995091981201959,1
2017-02-14,0.003995091981201959,0.020791344873924533,0.03292805948704891,0.0039286692398591005,0.021299848250151632,2.336820246917065,-0.03840797272380289,0.005442700751491225,0.003946090484386433,0.005932842636019453,0.005220423262644047,1
2017-02-15,0.005220423262644047,0.02477754255547171,0.03603069347572574,0.004008969712967922,0.024801998912565848,2.3402143476454427,0.7621281035916527,0.003995091981201959,0.005442700751491225,0.003946090484386433,-0.0008511709653629129,0
2017-02-16,-0.0008511709653629129,0.017866440250799087,0.038997583710315586,0.0038512423348098933,0.021965906058971196,1.9490441992295762,0.5898960061142621,0.005220423262644047,0.003995091981201959,0.005442700751491225,0.0015762153333593876,1
2017-02-17,0.0015762153333593876,0.015463705276602457,0.036826410243385954,0.0038295222266462466,0.021719472777451898,1.8120030110140095,0.4537372715119713,-0.0008511709653629129,0.005220423262644047,0.003995091981201959,0.005955169210029698,1
2017-02-21,0.005955169210029698,0.015981281384475965,0.04572172224091742,0.0037876501585181284,0.02549977371765766,1.9981338849769663,1.301310621661167,0.0015762153333593876,-0.0008511709653629129,0.005220423262644047,-0.0008879273276699573,0
2017-02-22,-0.0008879273276699573,0.011039966178778116,0.03813706842646769,0.0037160050119516715,0.022664581749163748,1.6831989622308043,-0.7373010094015157,0.005955169210029698,0.0015762153333593876,-0.0008511709653629129,0.0006770173023364912,1
2017-02-23,0.0006770173023364912,0.0064702569865033865,0.029925279420697448,0.0033616701632644295,0.021837755138391257,1.5254123195786324,0.389523342658205,-0.0008879273276699573,0.005955169210029698,0.0015762153333593876,0.001268735962781653,1
2017-02-24,0.001268735962781653,0.008605697882549501,0.03231136137271884,0.003309558525394217,0.02149856801457961,1.4315408244523116,0.9760402619855707,0.0006770173023364912,-0.0008879273276699573,0.005955169210029698,0.0015633653969935324,1
2017-02-27,0.0015633653969935324,0.008592757759933178,0.03555097023742637,0.0032248585554108993,0.021301965221299568,1.3696344769340019,-1.2763429791850343,0.001268735962781653,0.0006770173023364912,-0.0008879273276699573,-0.0026992615646554974,0
2017-02-28,-0.0026992615646554974,-8.43647093878852e-05,0.03920024400676292,0.002842630784027536,0.01659227421188203,1.083699663014334,1.9540887995616332,0.0015633653969935324,0.001268735962781653,0.0006770173023364912,0.013997256192206597,1
2017-03-01,0.013997256192206597,0.014812790617626082,0.05383892407658286,0.003874385830920722,0.028114595982574153,1.7756710356326746,3.4223249909116724,-0.0026992615646554974,0.0015633653969935324,0.001268735962781653,-0.006297288968992398,0
2017-03-02,-0.006297288968992398,0.007739963833905739,0.04678840106870363,0.00433895803834739,0.019312948002174313,1.2508626616215512,-0.23397029811998254,0.013997256192206597,-0.0026992615646554974,0.0015633653969935324,0.0006297931654837274,1
2017-03-03,0.0006297931654837274,0.0070968915314215675,0.04675806424134521,0.00433953941983877,0.017636688118118915,1.1934809218543685,0.2833297417584221,-0.006297288968992398,0.013997256192206597,-0.0026992615646554974,-0.0029781340172941873,0
2017-03-06,-0.0029781340172941873,0.002530300838272437,0.036496055987006004,0.004350560593524978,0.012796906701585842,0.9002818640371992,-0.8772266383413283,0.0006297931654837274,-0.006297288968992398,0.013997256192206597,-0.0029868807129097563,0
2017-03-07,-0.0029868807129097563,0.0022411734967260344,0.03525082640288035,0.004410502665525792,0.008038820491368392,0.6138622827222054,-0.4559172788751915,-0.0029781340172941873,0.0006297931654837274,-0.006297288968992398,-0.0018566647903641709,0
2017-03-08,-0.0018566647903641709,-0.013428940276327572,0.03328376692524637,0.004469113173531566,0.004539359268954435,0.3920721469595552,0.10142514626008321,-0.0029868807129097563,-0.0029781340172941873,0.0006297931654837274,0.0012683170242779873,1
2017-03-09,0.0012683170242779873,-0.005917631472018958,0.033240444182916384,0.004469289935590481,0.004188752235249726,0.4282374879107192,0.6130789955600594,-0.0018566647903641709,-0.0029868807129097563,-0.0029781340172941873,0.003504119184038812,1
2017-03-10,0.003504119184038812,-0.0030621130415634523,0.03074578927956728,0.004378753148542051,0.006195308748143891,0.7408999345876832,0.15691525481085053,0.0012683170242779873,-0.0018566647903641709,-0.0029868807129097563,0.0005046763444256364,1
2017-03-13,0.0005046763444256364,0.00042040396348519415,0.027212508790153356,0.004346074048208891,0.005362501944891074,0.7637282914315068,-1.0058081296438746,0.003504119184038812,0.0012683170242779873,-0.0018566647903641709,-0.0038263036657828486,0
2017-03-14,-0.0038263036657828486,-0.00042188771088125243,0.017742812233265015,0.004380995164221091,0.0006421233157052342,0.10826299181082968,-0.9024562932080813,0.0005046763444256364,0.003504119184038812,0.0012683170242779873,0.008653058940965686,1
2017-03-15,0.008653058940965686,0.010102943180101409,0.022464560806323197,0.004669153156349454,0.008182898731469823,1.502841959090131,0.775727453026446,-0.0038263036657828486,0.0005046763444256364,0.003504119184038812,-0.001966461374298345,0
2017-03-16,-0.001966461374298345,0.006839622923800803,0.015154388157794463,0.004613332200476372,0.005445220407381157,1.049061524784869,-0.04988031794075117,0.008653058940965686,-0.0038263036657828486,0.0005046763444256364,-0.0017562804598159065,0
2017-03-17,-0.0017562804598159065,0.0015617384661328337,0.0142347795385811,0.004634385164791731,0.002972950943858965,0.6426363481650011,0.4478038529175986,-0.001966461374298345,0.008653058940965686,-0.0038263036657828486,-0.0010967223520277347,0
2017-03-20,-0.0010967223520277347,-4.135215435041584e-05,0.011528059548074232,0.0046468312527506135,0.0013013239836834334,0.3210537771114088,-1.182255708070785,-0.0017562804598159065,-0.001966461374298345,0.008653058940965686,-0.012839816066952392,0
2017-03-21,-0.012839816066952392,-0.009089111301355257,-0.007371048054692908,0.0053505287533203,-0.011192309536817158,-2.365009642943625,2.065259345931934,-0.0010967223520277347,-0.0017562804598159065,-0.001966461374298345,0.0023533349189297503,1
2017-03-22,0.0023533349189297503,-0.015278023409336372,-0.004150817977583987,0.005382569390837308,-0.008660544408814586,-1.7211750111576496,0.6183064349967591,-0.012839816066952392,-0.0010967223520277347,-0.0017562804598159065,-0.0010671999352993566,0
2017-03-23,-0.0010671999352993566,-0.014390756130821525,-0.0058866201188699785,0.005381840723884705,-0.009428069602695599,-1.737780534228909,0.674228845748177,0.0023533349189297503,-0.012839816066952392,-0.0010967223520277347,-0.0007266250291453336,0
2017-03-24,-0.0007266250291453336,-0.013374132744564227,-0.007867721683836093,0.005370073709809364,-0.009759192265059724,-1.6629314363804104,1.0633520161888457,-0.0010671999352993566,0.0023533349189297503,-0.012839816066952392,-0.0010258151148930805,0
2017-03-27,-0.0010258151148930805,-0.013304097020487626,-0.010432521524744609,0.005351906771266919,-0.010258900161710938,-1.6159993775105406,0.03325105518337604,-0.0007266250291453336,-0.0010671999352993566,0.0023533349189297503,0.007276584362631011,1
2017-03-28,0.007276584362631011,0.006802842268213816,-0.0005340302076618508,0.0055964755711235175,-0.003030412155695661,-0.4764233675464797,0.2831021294438007,-0.0010258151148930805,-0.0007266250291453336,-0.0010671999352993566,0.0009348085550464624,1
2017-03-29,0.0009348085550464624,0.005378018979622201,-0.013409283879020073,0.004537561937282962,-0.0014212494934987552,-0.24616388665541705,-0.9810838465806423,0.007276584362631011,-0.0010258151148930805,-0.0007266250291453336,0.0031842489444071642,1
2017-03-30,0.0031842489444071642,0.009656898652204315,-0.003995605948924119,0.004411697874729866,0.001959802091285212,0.348023930690914,-1.1666779881383946,0.0009348085550464624,0.007276584362631011,-0.0010258151148930805,-0.0023276143084480783,0
2017-03-31,-0.0023276143084480783,0.008039273374673694,-0.006939342842582907,0.00443225731755066,-2.3120369090356974e-05,-0.004270687847900328,-0.3426498418943157,0.0031842489444071642,0.0009348085550464624,0.007276584362631011,-0.0017395121687646675,0
2017-04-03,-0.0017395121687646675,0.007319099950295227,-0.005705642089532947,0.004401987092467378,-0.0014766017972790424,-0.27623287026739457,0.14901555872860012,-0.0023276143084480783,0.0031842489444071642,0.0009348085550464624,0.0006378230412897867,1
2017-04-04,0.0006378230412897867,0.0006800584171005042,-0.002090822562910599,0.00435894519999825,-0.0007351253200236219,-0.13764568778179517,-1.2294031343577847,-0.0017395121687646675,-0.0023276143084480783,0.0031842489444071642,-0.0029728870988416922,0
2017-04-05,-0.0029728870988416922,-0.0032266426805005466,-0.0032067830130757535,0.004389717597981847,-0.003546136397173383,-0.6560725066178025,1.1638425668368315,0.0006378230412897867,-0.0017395121687646675,-0.0023276143084480783,0.0028113270638978616,1
2017-04-06,0.0028113270638978616,-0.003597181387865911,-0.001670669350948728,0.004429363406330916,-0.0006612230281438647,-0.12237207241598487,-0.6144217362821516,-0.0029728870988416922,0.0006378230412897867,-0.0017395121687646675,-0.0010193802896182325,0
2017-04-07,-0.0010193802896182325,-0.0022906121348111874,-0.006170842409928712,0.0043518373040270335,-0.0013704176623133835,-0.2581254050126754,-0.35385875166997166,0.0028113270638978616,-0.0029728870988416922,0.0006378230412897867,0.0005949702511123256,1
2017-04-10,0.0005949702511123256,4.2581510043770976e-05,-0.006081150957864878,0.004352763245970065,-0.0004707262526892908,-0.09120646032824936,-0.7043363948995349,-0.0010193802896182325,0.0028113270638978616,-0.0029728870988416922,-0.0011894578367669384,0
2017-04-11,-0.0011894578367669384,-0.0017836123878461896,-0.003450273650904112,0.004279520258206577,-0.0014870575155548904,-0.28838334964597045,0.19130902285531057,0.0005949702511123256,-0.0010193802896182325,0.0028113270638978616,-0.004382000242572959,0
2017-04-12,-0.004382000242572959,-0.003194406351090917,-0.016328918639041734,0.0038356007698005234,-0.005041568422617049,-1.0807921179503692,-0.0734059669142104,-0.0011894578367669384,0.0005949702511123256,-0.0010193802896182325,-0.006494847249307045,0
2017-04-13,-0.006494847249307045,-0.01244484694796233,-0.020792137617256845,0.0040355444975407745,-0.010465186062239007,-2.187985578739554,0.4264117284192615,-0.004382000242572959,-0.0011894578367669384,0.0005949702511123256,0.00885996672656364,1
2017-04-17,0.00885996672656364,-0.0026784912628559088,-0.010378335345913703,0.004595968797718032,-0.001175087248861062,-0.2716587069155031,-0.7032028854522024,-0.006494847249307045,-0.004382000242572959,-0.0011894578367669384,-0.0029844953952489206,0
2017-04-18,-0.0029844953952489206,-0.006246246633448971,-0.012248567572922364,0.004627895481664709,-0.0035408159560197383,-0.8934722052156143,-0.0703277501249231,0.00885996672656364,-0.006494847249307045,-0.004382000242572959,-0.0018385126303072097,0
2017-04-19,-0.0018385126303072097,-0.006892015385372874,-0.0012406750292657254,0.0036471225735822165,-0.005311369771828889,-1.3146927456345066,-0.7775251462226174,-0.0029844953952489206,0.00885996672656364,-0.006494847249307045,0.00813898371795152,1
2017-04-20,0.00813898371795152,0.005597402392789164,0.0045242289100184685,0.00405491908033929,0.0025579875047565537,0.6295291521882806,0.7033496311212523,-0.0018385126303072097,-0.0029844953952489206,0.00885996672656364,-0.003186955380000911,0
2017-04-21,-0.003186955380000911,0.00894555560765764,0.0023926083411185406,0.004117920465156129,-0.0007562986989283482,-0.1888833033712773,1.6945749775749217,0.00813898371795152,-0.0018385126303072097,-0.0029844953952489206,0.010998047856469961,1
2017-04-24,0.010998047856469961,0.011083818126436107,0.01415387981110161,0.0047724719320410905,0.009521760670364587,2.1182473250712697,2.109193926977402,-0.003186955380000911,0.00813898371795152,-0.0018385126303072097,0.005818756996452068,1
2017-04-25,0.005818756996452068,0.020011288159773377,0.021102457129108965,0.00488523923999706,0.014331659130800478,2.6246389296001835,-0.2722050490157588,0.010998047856469961,-0.003186955380000911,0.00813898371795152,-0.0006289915169345184,0
2017-04-26,-0.0006289915169345184,0.021247285745854105,0.013088369359211205,0.004670535817401563,0.013030311291363894,2.0821427857566523,0.2095240340298623,0.005818756996452068,0.010998047856469961,-0.003186955380000911,0.0008391831950234074,1
2017-04-27,0.0008391831950234074,0.013852569748429744,0.012991582895970133,0.004670289396080879,0.013221684122344257,1.8935403763671383,-1.323025566068563,-0.0006289915169345184,0.005818756996452068,0.010998047856469961,-0.0021796032084042682,0
2017-04-28,-0.0021796032084042682,0.014877141601022492,0.007575292629836028,0.004671468793061618,0.010629166176766791,1.4420035440552965,-1.0209225557672388,0.0008391831950234074,-0.0006289915169345184,0.005818756996452068,0.0025202663919574597,1
2017-05-01,0.0025202663919574597,0.00636683177592956,0.012471293446737475,0.004648877706645391,0.012544394385909596,1.580987326037708,-0.7969390853807563,-0.0021796032084042682,0.0008391831950234074,-0.0006289915169345184,0.0003771893781165936,1
2017-05-02,0.0003771893781165936,0.0009222990250077334,0.014618127443610796,0.0046160700474108685,0.01218773450555255,1.4470232095375564,-1.2100943052390443,0.0025202663919574597,-0.0021796032084042682,0.0008391831950234074,-0.0012145603007983619,0
2017-05-03,-0.0012145603007983619,0.0003358212821003015,0.012739863725630407,0.004636680512867697,0.010315939179385225,1.1788679472603452,-0.40699401760195675,0.0003771893781165936,0.0025202663919574597,-0.0021796032084042682,0.0011740921776655089,1
2017-05-04,0.0011740921776655089,0.0006705618256672707,0.01695219774645973,0.004558519853613959,0.010650097098340972,1.182312016981285,-0.9899149136948345,-0.0012145603007983619,0.0003771893781165936,0.0025202663919574597,0.003936809184346357,1
2017-05-05,0.003936809184346357,0.00680444508270539,0.018093550546358417,0.004590829761360332,0.013714869591768819,1.4394832172932377,-0.9208125356666759,0.0011740921776655089,-0.0012145603007983619,0.0003771893781165936,-0.0001669263789899622,0
2017-05-08,-0.0001669263789899622,0.004105768839160806,0.018962313975222633,0.004575936653607226,0.012590704203465641,1.2729914500928003,-1.5403101569469428,0.003936809184346357,0.0011740921776655089,-0.0012145603007983619,-0.0009178802993987656,0
2017-05-09,-0.0009178802993987656,0.0028058722121193647,0.01742169290128226,0.00459457346237069,0.010785772269801708,1.0662389756073443,-1.2771197966874868,-0.0001669263789899622,0.003936809184346357,0.0011740921776655089,0.001795891288969509,1
2017-05-10,0.001795891288969509,0.005828441837422149,0.02046266897551341,0.004572450049397134,0.01157403184530903,1.1227916855503475,-1.014739175775521,-0.0009178802993987656,-0.0001669263789899622,0.003936809184346357,-0.002042736843731019,0
2017-05-11,-0.002042736843731019,0.0025966581271474887,0.022860306394684615,0.004455326582140331,0.008370115887246676,0.834999879995112,-0.5409518113682752,0.001795891288969509,-0.0009178802993987656,-0.0001669263789899622,-0.0016710528672220226,0
2017-05-12,-0.0016710528672220226,-0.0030037180127694407,0.027826629705624217,0.004139633000229282,0.00531512019688285,0.6002891148245394,-0.8872228853318963,-0.002042736843731019,0.001795891288969509,-0.0009178802993987656,0.005523394810444948,1
2017-05-15,0.005523394810444948,0.002670458226103678,0.024427329921292484,0.0038815692372892474,0.009651040751718964,1.124291573279621,-0.44727921408594923,-0.0016710528672220226,-0.002042736843731019,0.001795891288969509,-0.0009153622497648506,0
2017-05-16,-0.0009153622497648506,0.0026729853196534314,0.026553351566583006,0.003790261164102884,0.00741256168314508,0.9579489807755985,-0.9115569830370431,0.005523394810444948,-0.0016710528672220226,-0.002042736843731019,-0.017744007382515914,0
2017-05-17,-0.017744007382515914,-0.016884020956917878,0.010195438390398603,0.005683322242131582,-0.010956850103181592,-1.6646936485158907,3.2568438644190345,-0.0009153622497648506,0.005523394810444948,-0.0016710528672220226,0.004028682188288668,1
2017-05-18,0.004028682188288668,-0.01090289402271749,0.006076752452511824,0.005463479266998998,-0.007270026098567972,-1.1966551879693121,1.0490505957330907,-0.017744007382515914,-0.0009153622497648506,0.005523394810444948,0.006504031480200956,1
2017-05-19,0.006504031480200956,-0.002803407082687115,0.015857800805554323,0.0055651372334877824,-0.0015919156455407313,-0.3386691044372843,1.2879498230090685,0.004028682188288668,-0.017744007382515914,-0.0009153622497648506,0.0050774198066603216,1
2017-05-22,0.0050774198066603216,-0.0032456889396738076,0.009908712968224487,0.005135063158423551,0.002983671913684871,0.6618680363446227,-0.37727701044736833,0.006504031480200956,0.004028682188288668,-0.017744007382515914,0.0022126996482485506,1
2017-05-23,0.0022126996482485506,-0.00012492312634970748,0.006287992326377445,0.005000231072122057,0.004887377980334007,1.0523788622682093,-0.7487977120896654,0.0050774198066603216,0.006504031480200956,0.004028682188288668,0.0023328266455220348,1
2017-05-24,0.0023328266455220348,0.020312036401553657,0.009270310231374701,0.00501431647989989,0.006765897047795066,1.3851798166512908,-0.7265488791790611,0.0022126996482485506,0.0050774198066603216,0.006504031480200956,0.004779515736840656,1
2017-05-25,0.004779515736840656,0.021075046981342993,0.013243836361915617,0.005106011014962185,0.010909435265801681,1.9828518869080674,-0.16839649559720973,0.0023328266455220348,0.0022126996482485506,0.0050774198066603216,-0.0002068800043434349,0
2017-05-26,-0.0002068800043434349,0.014266982587113564,0.015247052204957035,0.005066960112146078,0.009933820722437314,1.6892273922153553,-0.712199822559159,0.004779515736840656,0.0023328266455220348,0.0022126996482485506,-0.0008689298353573571,0
2017-05-30,-0.0008689298353573571,0.008266264642442955,0.011814830837992396,0.0050619858539851965,0.008462142815853335,1.3709801314481607,-1.006621811045831,-0.0002068800043434349,0.004779515736840656,0.0023328266455220348,-0.00024823111587990443,0
2017-05-31,-0.00024823111587990443,0.0057904693646917416,0.011182259705768693,0.005065363535113165,0.007650075905687448,1.1973727221280155,0.7378458556019273,-0.0008689298353573571,-0.0002068800043434349,0.004779515736840656,0.007952236600338836,1
2017-06-01,0.007952236600338836,0.011429264010301532,0.02046283392754278,0.005304616187103147,0.014629920231297833,2.0411734893861384,0.023882108589573955,-0.00024823111587990443,-0.0008689298353573571,-0.0002068800043434349,0.0033282616688878885,1
2017-06-02,0.0033282616688878885,0.0099684053733049,0.022658505910016613,0.005329575875482226,0.01686008765861824,2.0775220310641216,0.5978541626148846,0.007952236600338836,-0.00024823111587990443,-0.0008689298353573571,-0.0007369836228511284,0
2017-06-05,-0.0007369836228511284,0.009432906683066733,0.017897554896551204,0.005302632847862922,0.015203789953483815,1.7173180292154002,-0.7409179142388745,0.0033282616688878885,0.007952236600338836,-0.00024823111587990443,-0.003196891048220629,0
2017-06-06,-0.003196891048220629,0.0070809423373290326,0.014812846349090414,0.005377498811897077,0.011211454749282979,1.2175586266739062,-0.5698597435219603,-0.0007369836228511284,0.0033282616688878885,0.007952236600338836,0.0018503116180681456,1
2017-06-07,0.0018503116180681456,0.009194869473860612,0.01762462394335551,0.005367945636638263,0.012194514961323177,1.2729020472806698,-0.4586284538005363,-0.003196891048220629,-0.0007369836228511284,0.0033282616688878885,0.0004925678940728151,1
2017-06-08,0.0004925678940728151,0.0017260042707532008,0.016300707573623008,0.005364249973489744,0.011871306090155187,1.1946816610970312,-0.11130872221322675,0.0018503116180681456,-0.003196891048220629,-0.0007369836228511284,-0.001517864580050321,0
2017-06-09,-0.001517864580050321,-0.0031123829939150305,0.016835227510155537,0.00535076129166771,0.009491103623425756,0.9429744636107594,1.695289139592876,0.0004925678940728151,0.0018503116180681456,-0.003196891048220629,-0.00020547762022560256,0
2017-06-12,-0.00020547762022560256,-0.002582140461470761,0.018327970502325597,0.005324406397407985,0.008367816126907623,0.8341213821529763,0.3303200914818119,-0.001517864580050321,0.0004925678940728151,0.0018503116180681456,0.004889850059676792,1
2017-06-13,0.004889850059676792,0.005509587919034775,0.017686358040992722,0.005297406420155051,0.01240715384169122,1.194087879191831,-0.4157672677538641,-0.00020547762022560256,-0.001517864580050321,0.0004925678940728151,-0.0012675897831008198,0
2017-06-14,-0.0012675897831008198,0.0023802983268621514,0.017327572466619534,0.0053043066530458,0.010253911895805823,0.9708779314223528,0.07856564805292224,0.004889850059676792,-0.00020547762022560256,-0.001517864580050321,-0.0019242758449423691,0
2017-06-15,-0.0019242758449423691,-4.1105515469985754e-05,0.03371214960654312,0.003106049680029566,0.006654777322201655,0.7426966462884568,-0.16056626785515574,-0.0012675897831008198,0.004889850059676792,-0.00020547762022560256,0.00021849058540057698,1
2017-06-16,0.00021849058540057698,0.0016978177262028105,0.029789312119819167,0.003070002973111227,0.00541052002757092,0.7340832565373846,0.6109873948048725,-0.0019242758449423691,-0.0012675897831008198,0.004889850059676792,0.008325140218752525,1
2017-06-19,0.008325140218752525,0.010244675187294883,0.03165255186502969,0.003248864143061701,0.012206508967489205,1.8029883118233865,-0.08438876173780831,0.00021849058540057698,-0.0019242758449423691,-0.0012675897831008198,-0.006744234875756372,0
2017-06-20,-0.006744234875756372,-0.0014514050905586329,0.01951832222257255,0.003629191907549758,0.0044133208242402855,0.7335999023351161,-0.44368314150726906,0.008325140218752525,0.00021849058540057698,-0.0019242758449423691,-0.0002467919039251809,0
2017-06-21,-0.0002467919039251809,-0.0004307950878091882,0.01701636160914921,0.003626650937717207,0.00332258133254415,0.6288985104473982,-0.5086430794470916,-0.006744234875756372,0.008325140218752525,0.00021849058540057698,-0.000452876655606671,0
2017-06-22,-0.000452876655606671,0.0010428058446629862,0.014189849535990673,0.0036202024953022713,0.0021651087386438395,0.4698089389313562,-1.0330193424074374,-0.0002467919039251809,-0.006744234875756372,0.008325140218752525,0.0011942650408063304,1
2017-06-23,0.0011942650408063304,0.0020193844701381636,0.010571020920348229,0.00349472719937805,0.0028356908306585993,0.6532219856230282,-0.008768718599048014,-0.000452876655606671,-0.0002467919039251809,-0.006744234875756372,0.0006581960719522773,1
2017-06-26,0.0006581960719522773,-0.0055996129626512126,0.011445422630173674,0.0034904555606179643,0.0029263186122836515,0.7343505108998791,-0.5046880557904949,0.0011942650408063304,-0.000452876655606671,-0.0002467919039251809,-0.008056389676344478,0
2017-06-27,-0.008056389676344478,-0.006913279882464596,0.0041693769004509385,0.0039822943752024316,-0.005359073154624361,-1.504356257177877,0.593381048485983,0.0006581960719522773,0.0011942650408063304,-0.000452876655606671,0.008950576643413699,1
2017-06-28,0.008950576643413699,0.002222759382448869,0.013408831476447558,0.004431755858211992,0.0028777111542210854,1.0245423341395563,0.05485821405767207,-0.008056389676344478,0.0006581960719522773,0.0011942650408063304,-0.008789120802390138,0
2017-06-29,-0.008789120802390138,-0.006135799625475502,-0.003423156019361051,0.004564070843474876,-0.0057669606597124945,-1.8827876048778234,1.6660823258979522,0.008950576643413699,-0.008056389676344478,0.0006581960719522773,0.001864615785707846,1
2017-06-30,0.001864615785707846,-0.005470356733605741,-0.004876952997568851,0.004516656797364225,-0.003669909970076768,-1.155875408810826,0.7439921296463484,-0.008789120802390138,0.008950576643413699,-0.008056389676344478,0.0016957458090465227,1
2017-07-03,0.0016957458090465227,-0.004439161492359567,-0.002454302418966159,0.004535138394081138,-0.0018578420685345653,-0.5799573083267276,-1.425387920763738,0.001864615785707846,-0.008789120802390138,0.008950576643413699,0.0023119651007506015,1
2017-07-05,0.0023119651007506015,0.0059670025964049245,0.0030586576637705587,0.004505177065814764,0.0002972473016167321,0.09452411678366028,-0.745614378667232,0.0016957458090465227,0.001864615785707846,-0.008789120802390138,-0.009144521184337395,0
2017-07-06,-0.009144521184337395,-0.01207458610462897,-0.007949436164344958,0.004938358027955775,-0.008456239138132426,-2.2752890132141674,-0.2718827017573381,0.0023119651007506015,0.0016957458090465227,0.001864615785707846,0.006485055434068521,1
2017-07-07,0.006485055434068521,0.003148962382378606,-0.0020075123224275737,0.0051708742166268334,-0.0019258424332988522,-0.5143170692585758,-0.5940583771381426,-0.009144521184337395,0.0023119651007506015,0.0016957458090465227,0.0010739388400169414,1
2017-07-10,0.0010739388400169414,0.002357271823442586,0.0005830200977405831,0.005165621921528935,-0.0008830552648284584,-0.23643627054139024,-1.6738843926417257,0.006485055434068521,-0.009144521184337395,0.0023119651007506015,-0.0007425480618959979,0
2017-07-11,-0.0007425480618959979,-8.263231172733754e-05,4.552609021946097e-05,0.005168370457116491,-0.0016272164200733519,-0.43580815519564897,-0.8078850445687686,0.0010739388400169414,0.006485055434068521,-0.009144521184337395,0.007514580009041039,1
2017-07-12,0.007514580009041039,0.005107553164778178,0.002657602869481135,0.005329482155900268,0.005741063863065721,1.4728838849105412,-0.2694164843431446,-0.0007425480618959979,0.0010739388400169414,0.006485055434068521,0.001680387613726575,1
2017-07-13,0.001680387613726575,0.01608816318094175,0.005617166331904899,0.005329088780709704,0.007147722642066423,1.6925138665257242,-1.28676103465447,0.007514580009041039,-0.0007425480618959979,0.0010739388400169414,0.0046643663157719395,1
2017-07-14,0.0046643663157719395,0.014250102444773649,0.012255592153995076,0.005388088917701801,0.011226020954398619,2.2548799069585854,-0.0974175740300955,0.001680387613726575,0.007514580009041039,-0.0007425480618959979,-0.00012247199534476394,0
2017-07-17,-0.00012247199534476394,0.013037944416029124,0.0119105262685677,0.0053899753833184265,0.01050087494947638,1.8912000659256845,-1.4416892217464856,0.0046643663157719395,0.001680387613726575,0.007514580009041039,0.0005293468976181881,1
2017-07-18,0.0005293468976181881,0.014327379739028423,0.0040870127929850675,0.005075051428350745,0.010827787629738905,1.8391699152365866,-0.8516024989818871,-0.00012247199534476394,0.0046643663157719395,0.001680387613726575,0.005414234034784693,1
2017-07-19,0.005414234034784693,0.012212831254188039,0.016378067279836594,0.004923344906170779,0.015469138091595447,2.2360209944000244,-0.3807313915587788,0.0005293468976181881,-0.00012247199534476394,0.0046643663157719395,0.00044532680519071555,1
2017-07-20,0.00044532680519071555,0.010964784059456001,0.017081695205411362,0.004917850654765546,0.015055399426737504,1.9393666798492084,-0.5641633297395418,0.005414234034784693,0.0005293468976181881,-0.00012247199534476394,-0.0008903992551112516,0
2017-07-21,-0.0008903992551112516,0.005375183627560398,0.016636497358504698,0.004924960161052227,0.013310758009616785,1.5949268368664866,1.2010956709021612,0.00044532680519071555,0.005414234034784693,0.0005293468976181881,-0.00024313661739150394,0
2017-07-24,-0.00024313661739150394,0.00525385555172142,0.01517692548707772,0.00492995548210746,0.012297805188479893,1.39527893697807,-0.619054844822202,-0.0008903992551112516,0.00044532680519071555,0.005414234034784693,0.0024310327731698056,1
2017-07-25,0.0024310327731698056,0.007164521205231811,0.016975484594270895,0.004943852724109444,0.013900037935967502,1.481797098647982,-0.18109399050131492,-0.00024313661739150394,-0.0008903992551112516,0.00044532680519071555,4.058807004514442e-05,1
2017-07-26,4.058807004514442e-05,0.0017815204658409023,0.025276791021051404,0.00448615684831955,0.012675481156520618,1.336702028437399,-0.492179366593151,0.0024310327731698056,-0.00024313661739150394,-0.0008903992551112516,-0.0009295851819254297,0
2017-07-27,-0.0009295851819254297,0.0004047721478110944,0.015236754526149143,0.004123902235679699,0.01096657777686505,1.120504881841884,0.7623122948943697,4.058807004514442e-05,0.0024310327731698056,-0.00024313661739150394,-0.001173058891860257,0
2017-07-28,-0.001173058891860257,0.00012174609212456389,0.023037421506898692,0.0034996806175934462,0.008633893332322007,0.907978549487234,-0.26433456001209116,-0.0009295851819254297,4.058807004514442e-05,0.0024310327731698056,-0.0005671312056195754,0
2017-07-31,-0.0005671312056195754,-0.00020236674487716932,0.020554283433583675,0.0035155798285419534,0.007039585342217158,0.7649135914009342,1.0611000762420857,-0.001173058891860257,-0.0009295851819254297,4.058807004514442e-05,0.002228619112025765,1
2017-08-01,0.002228619112025765,-0.00040424866266919324,0.02109718893573631,0.0035229527915310393,0.008232653638746257,0.9154404796017179,0.12300592304047768,-0.0005671312056195754,-0.001173058891860257,-0.0009295851819254297,0.0004853371670023865,1
2017-08-02,0.0004853371670023865,4.03026015824981e-05,0.019236326536279602,0.003512184762173375,0.0077627028200994985,0.8779620565972036,-0.5034927590512066,0.002228619112025765,-0.0005671312056195754,-0.001173058891860257,-0.0019399812018645601,0
2017-08-03,-0.0019399812018645601,-0.0009710743009266887,0.026647224515969015,0.0026960117177890408,0.004496476718329756,0.5991328788406727,-0.9368549589314364,0.0004853371670023865,0.002228619112025765,-0.0005671312056195754,0.0018222586552310016,1
2017-08-04,0.0018222586552310016,0.0020248489646976786,0.021891021385450626,0.002412481359293024,0.005243397047445697,0.7824874577060673,0.6751168657812798,-0.0019399812018645601,0.0004853371670023865,0.002228619112025765,0.001859178972373643,1
2017-08-07,0.001859178972373643,0.004457451659241718,0.022692590390250178,0.002418655087598508,0.005988289510019396,1.0275961348187321,-1.6135431803211169,0.0018222586552310016,-0.0019399812018645601,0.0004853371670023865,-0.002460823935105605,0
2017-08-08,-0.002460823935105605,-0.00024242012948860747,0.020934016560883784,0.0025170149752514076,0.002481336696353864,0.5827248105891685,0.7411039401933732,0.001859178972373643,0.0018222586552310016,-0.0019399812018645601,-4.04013178639806e-05,0
2017-08-09,-4.04013178639806e-05,-0.0007677761899413937,0.01327840781420897,0.002009930028908959,0.0017828447270877845,0.5156328661727893,0.7951033816824051,-0.002460823935105605,0.001859178972373643,0.0018222586552310016,-0.014115328055623988,0
2017-08-10,-0.014115328055623988,-0.012957422787538864,-0.0027001995556077407,0.0038498370644245664,-0.012225580763027821,-3.1522027107127513,3.294343482149488,-4.04013178639806e-05,-0.002460823935105605,0.001859178972373643,0.0014766994359545205,1
2017-08-11,0.0014766994359545205,-0.013297884041446384,-0.0058644996439876085,0.003704216947344362,-0.01047821317201969,-2.3556592799817833,0.8837864337488264,-0.014115328055623988,-4.04013178639806e-05,-0.002460823935105605,0.009913163361403798,1
2017-08-14,0.009913163361403798,-0.005365747863680714,0.004113503758770509,0.00435100433195183,-0.0008734388516300484,-0.20272261731925703,0.7230240292070119,0.0014766994359545205,-0.014115328055623988,-4.04013178639806e-05,-0.00012155794126567088,0
2017-08-15,-0.00012155794126567088,-0.003033294023111366,0.0034602672091263997,0.004350958112634815,-0.0011669348371353694,-0.2786254436013044,-0.2514737388614925,0.009913163361403798,0.0014766994359545205,-0.014115328055623988,0.0017444652541678263,1
2017-08-16,0.0017444652541678263,-0.0012537695810519445,-0.00020236957931007993,0.004193200861740238,0.0005856270213826509,0.13988491837021988,-0.18953904592448562,-0.00012155794126567088,0.009913163361403798,0.0014766994359545205,-0.015590872770506858,0
2017-08-17,-0.015590872770506858,-0.002748563813827154,-0.01622818718988872,0.005448510412954071,-0.014213512888810897,-2.654844124105769,2.683340779030066,0.0017444652541678263,-0.00012155794126567088,0.009913163361403798,-0.0015633192692858788,0
2017-08-18,-0.0015633192692858788,-0.005775756579810887,-0.016890776901495097,0.005451152068640824,-0.014921713563852301,-2.331141651032429,2.429689940453751,-0.015590872770506858,0.0017444652541678263,-0.00012155794126567088,0.0007828111963845696,1
2017-08-21,0.0007828111963845696,-0.014764269456712165,-0.015881912851561486,0.005461853358764554,-0.013365722915182676,-1.875924020541219,-0.08973746011469654,-0.0015633192692858788,-0.015590872770506858,0.0017444652541678263,0.010457049316259015,1
2017-08-22,0.010457049316259015,-0.004340580525047488,-0.008002519866334712,0.005980843675290865,-0.002647379957641416,-0.3751090039733512,-0.18759140107058447,0.0007828111963845696,-0.0015633192692858788,-0.015590872770506858,-0.003585184670164887,0
2017-08-23,-0.003585184670164887,-0.009637855762120506,-0.011599131308643207,0.006022086613360632,-0.0056432528901138035,-0.7981430188042078,-0.6542404797287505,0.010457049316259015,0.0007828111963845696,-0.0015633192692858788,-0.0023306679898623672,0
2017-08-24,-0.0023306679898623672,0.003702537450762655,-0.012985251289711397,0.0060346763365571226,-0.0073129728498382285,-1.0182249268561554,-0.5935777930733027,-0.003585184670164887,0.010457049316259015,0.0007828111963845696,0.0023361126929364318,1
2017-08-25,0.0023361126929364318,0.007622535414213649,-0.0095175793964134,0.006069153752333438,-0.004518051592689254,-0.628929255568687,-0.13631361589290442,-0.0023306679898623672,-0.003585184670164887,0.010457049316259015,4.06319867634064e-05,1
2017-08-28,4.06319867634064e-05,0.00687528387415548,-0.008915259043800416,0.006070113093671624,-0.004031649501178736,-0.5621195063252378,-0.9209634751515388,0.0023361126929364318,-0.0023306679898623672,-0.003585184670164887,0.0011450432641291197,1
2017-08-29,0.0011450432641291197,-0.002403713925424933,-0.009986786505738476,0.006049936011719512,-0.0023895062158070246,-0.34149661626506633,-0.5440539924336356,4.06319867634064e-05,0.0023361126929364318,-0.0023306679898623672,0.004737485129705954,1
2017-08-30,0.004737485129705954,0.005928824245264419,-0.005779145961270937,0.00615952550127525,0.0026287405086522497,0.3889511359113172,-0.19384661179472787,0.0011450432641291197,4.06319867634064e-05,0.0023361126929364318,0.006015842997323828,1
2017-08-31,0.006015842997323828,0.014344434221942759,0.002146075148601989,0.006301378316779133,0.008551472754436018,1.242363226653976,1.1482266797897724,0.004737485129705954,0.0011450432641291197,4.06319867634064e-05,0.0014143638444961137,1
2017-09-01,0.0014143638444961137,0.013411642514324473,0.0017380484950513253,0.0062962577844980815,0.009889447758447467,1.4121864523651577,-0.3048184508520485,0.006015842997323828,0.004737485129705954,0.0011450432641291197,-0.007181972318670016,0
2017-09-05,-0.007181972318670016,0.00609246861450119,-0.007302009669338916,0.006485462948091128,0.0030063140054750193,0.4531113035372212,0.6385024902108668,0.0014143638444961137,0.006015842997323828,0.004737485129705954,0.0034135432517592434,1
2017-09-06,0.0034135432517592434,0.008372179000086799,-0.0014561515408700876,0.006517601406476531,0.00650397931363611,0.9928319646853325,-0.5643446550996952,-0.007181972318670016,0.0014143638444961137,0.006015842997323828,-0.000121522917522765,0
2017-09-07,-0.000121522917522765,0.0034955932203388773,-0.0015371582879658563,0.006517618654378735,0.006459633900814721,0.9997493161660926,-0.5495424299508123,0.0034135432517592434,-0.007181972318670016,0.0014143638444961137,-0.00117455613853501,0
2017-09-08,-0.00117455613853501,-0.003676792678507068,0.01156871531974657,0.005630453329977417,0.004699950533519237,0.7359573399261906,-0.26074159655609525,-0.000121522917522765,0.0034135432517592434,-0.007181972318670016,0.010665885556433441,1
2017-09-11,0.010665885556433441,0.005527694612103895,0.020850502109156954,0.006064765892012274,0.01436409483160861,2.0200530474299625,0.040511607015945535,-0.00117455613853501,-0.000121522917522765,0.0034135432517592434,0.0033707489970953297,1
2017-09-12,0.0033707489970953297,0.01621550772656466,0.014237233532103488,0.005728664043336072,0.017056726581601067,2.100612620506678,-0.49022557198299993,0.010665885556433441,-0.00117455613853501,-0.000121522917522765,0.0004796871922747581,1
2017-09-13,0.0004796871922747581,0.013244220319556188,0.014847112868696666,0.005725577111179992,0.016787771206152158,1.864647145689512,-0.4089411986799645,0.0033707489970953297,0.010665885556433441,-0.00117455613853501,-0.00031952117159350646,0
2017-09-14,-0.00031952117159350646,0.01304357535002354,0.012756129850734599,0.005725362846625258,0.01581262277197726,1.6303830241774697,0.913511495490475,0.0004796871922747581,0.0033707489970953297,0.010665885556433441,0.0013462367638537032,1
2017-09-15,0.0013462367638537032,0.01560025136408294,0.030180959658187234,0.004262477505988368,0.01566679957589856,1.5778713079868187,1.0991815038302413,-0.00031952117159350646,0.0004796871922747581,0.0033707489970953297,0.0021266719718375793,1
2017-09-18,0.0021266719718375793,0.00701934684666905,0.0339882704183736,0.004202504746983586,0.01612696039837269,1.6193769141578642,-1.09353643568203,0.0013462367638537032,-0.00031952117159350646,0.0004796871922747581,0.0010010909162647685,1
2017-09-19,0.0010010909162647685,0.00464107188181373,0.0342137925471524,0.00420033242024603,0.01543577101645588,1.5672451863640988,-0.9657367763721078,0.0021266719718375793,0.0013462367638537032,-0.00031952117159350646,0.0003601301472473395,1
2017-09-20,0.0003601301472473395,0.004521017552470585,0.023879485835262226,0.003663909291419126,0.014599611735954365,1.423817391797891,-0.2651011949290033,0.0010010909162647685,0.0021266719718375793,0.0013462367638537032,-0.0026792197134122286,0
2017-09-21,-0.0026792197134122286,0.0021498931476779948,0.024810422348683803,0.003606961542812429,0.01064336916922004,1.0519762497311411,-0.8834029438335239,0.0003601301472473395,0.0010010909162647685,0.0021266719718375793,0.0002001328287959403,1
2017-09-22,0.0002001328287959403,0.0010028693771926278,0.027410072325519286,0.0035186991969101975,0.009484435556954551,0.9850281219790514,-0.720251712666983,-0.0026792197134122286,0.0003601301472473395,0.0010010909162647685,-0.0020443501417808374,0
2017-09-25,-0.0020443501417808374,-0.0031634752783711306,0.022920029932708808,0.003590270931828321,0.006284965236023732,0.6940642130771176,-0.3762947650290007,0.0002001328287959403,-0.0026792197134122286,0.0003601301472473395,0.000602280017960366,1
2017-09-26,0.000602280017960366,-0.0035606269633138288,0.02349452761061044,0.0035834108061265956,0.005728740486175443,0.6892525422130606,-0.5990676112066048,-0.0020443501417808374,0.0002001328287959403,-0.0026792197134122286,0.0038946488679012514,1
2017-09-27,0.0038946488679012514,-3.9961243183062045e-05,0.0263055151967575,0.0036348636938311517,0.008340983030409532,1.0933732392348616,0.8458898227355778,0.000602280017960366,-0.0020443501417808374,0.0002001328287959403,0.0011996537205927194,1
2017-09-28,0.0011996537205927194,0.0038491770421797966,0.02269173951828729,0.003543997663984708,0.008421203147241041,1.1581795999206461,-1.121079357996022,0.0038946488679012514,0.000602280017960366,-0.0020443501417808374,0.0035150282600679983,1
2017-09-29,0.0035150282600679983,0.007176166253080929,0.02014947083369356,0.0034038299241565153,0.01095549175871069,1.4658978318832119,1.2808570767810303,0.0011996537205927194,0.0038946488679012514,0.000602280017960366,0.004338759071097487,1
2017-10-02,0.004338759071097487,0.0136182515969685,0.023128577535811212,0.003484272548525294,0.014177885570976656,1.7769482334276243,-0.3095314690708477,0.0035150282600679983,0.0011996537205927194,0.0038946488679012514,0.002140240742465327,1
2017-10-03,0.002140240742465327,0.015176218325336777,0.03273539602902509,0.0028826410980821765,0.014713970799914433,1.8755428552958724,0.2516241473175404,0.004338759071097487,0.0035150282600679983,0.0011996537205927194,0.0011863220678911546,1
2017-10-04,0.0011863220678911546,0.012437455884552584,0.030443090760837954,0.002852397172141659,0.01439544723049524,1.8301752580861919,-0.446975389418323,0.002140240742465327,0.004338759071097487,0.0035150282600679983,0.00592513393191707,1
2017-10-05,0.00592513393191707,0.017215976477530148,0.03667458380276001,0.0029882064088239237,0.01856741065592682,2.2658384918462664,0.026340509421797255,0.0011863220678911546,0.002140240742465327,0.004338759071097487,-0.0011389033311721697,0
2017-10-06,-0.0011389033311721697,0.012498504955204215,0.03671158762506077,0.002986344332552263,0.01557789908584195,1.9910785725068425,1.0517728879356487,0.00592513393191707,0.0011863220678911546,0.002140240742465327,-0.0016511019239001667,0
2017-10-09,-0.0016511019239001667,0.006459979360579515,0.024077181113491886,0.002240509380253733,0.012694049984313116,1.5801418289459268,-1.5563575308178001,-0.0011389033311721697,0.00592513393191707,0.0011863220678911546,0.0026383861136674014,1
2017-10-10,0.0026383861136674014,0.006960271993921241,0.023329704552148556,0.002208798581362013,0.014192094485027118,1.6702476094765049,-1.0562074950893814,-0.0016511019239001667,-0.0011389033311721697,0.00592513393191707,0.0015708522279858084,1
2017-10-11,0.0015708522279858084,0.007347019781085429,0.024445790773494513,0.0022046847375239024,0.014555643151474396,1.6292836754805133,-0.747056885397589,0.0026383861136674014,-0.0016511019239001667,-0.0011389033311721697,-0.0014899519694288044,0
2017-10-12,-0.0014899519694288044,-7.854742285218208e-05,0.02324636462721319,0.0022622221369714844,0.011879604521134457,1.3122634036720378,-0.7154366776076879,0.0015708522279858084,0.0026383861136674014,-0.0016511019239001667,0.0012174091776393503,1
2017-10-13,0.0012174091776393503,0.002280266464678382,0.02311471949347421,0.002261823645272714,0.011953360121284007,1.3011463054783559,-0.1238345167670551,-0.0014899519694288044,0.0015708522279858084,0.0026383861136674014,0.001333513227312455,1
2017-10-16,0.001333513227312455,0.005276634642993994,0.022304949222793802,0.0022506435124228594,0.012183917982695469,1.2977139676406728,-1.2890830624197238,0.0012174091776393503,-0.0014899519694288044,0.0015708522279858084,0.0007050454649282223,1
2017-10-17,0.0007050454649282223,0.0033382067831588813,0.022002603168586266,0.0022523427132866846,0.011794364856526407,1.2345155831166046,-1.6058117892408943,0.001333513227312455,0.0012174091776393503,-0.0014899519694288044,0.0009785588925257382,1
2017-10-18,0.0009785588925257382,0.0027448682971513705,0.02263441142293532,0.002246014105783556,0.011650587105257015,1.2051117407712848,-0.8928901442836668,0.0007050454649282223,0.001333513227312455,0.0012174091776393503,0.00027394724158691375,1
2017-10-19,0.00027394724158691375,0.0045162484505389955,0.025662534581054386,0.002073392217677694,0.010648301660688864,1.124937312149772,0.45530588082564305,0.0009785588925257382,0.0007050454649282223,0.001333513227312455,0.00516033988839526,1
2017-10-20,0.00516033988839526,0.008472170440271709,0.03074901515410433,0.0022294945936910536,0.014326634135905847,1.5170839005298713,1.911561660557674,0.00027394724158691375,0.0009785588925257382,0.0007050454649282223,-0.0038894719469211303,0
2017-10-23,-0.0038894719469211303,0.0032119498192120233,0.028843261643156426,0.0024151026403216374,0.008952475350193057,1.0297698179076213,0.3920743662066242,0.00516033988839526,0.00027394724158691375,0.0009785588925257382,0.0017571408916630116,1
2017-10-24,0.0017571408916630116,0.00426668089030402,0.030030717290392195,0.0024081793101530104,0.009238341991130605,1.185947768900358,0.5288168799126961,-0.0038894719469211303,0.00516033988839526,0.00027394724158691375,-0.004950109080529397,0
2017-10-25,-0.004950109080529397,-0.0016814622087730768,0.020955688965302643,0.0027323547644211494,0.0032085631910132584,0.4714857321896118,2.315907107681724,0.0017571408916630116,-0.0038894719469211303,0.00516033988839526,0.00129286848188781,1
2017-10-26,0.00129286848188781,-0.0006645328310294074,0.021050743074127132,0.002732719038316144,0.003466508633579668,0.6093405751911057,0.49657913755376476,-0.004950109080529397,0.0017571408916630116,-0.0038894719469211303,0.00817597705324613,1
2017-10-27,0.00817597705324613,0.002333628810806676,0.025793138648368297,0.003124978792853728,0.01038571621617601,1.9703364004007058,1.321116803432263,0.00129286848188781,-0.004950109080529397,0.0017571408916630116,-0.0037252486430947584,0
2017-10-30,-0.0037252486430947584,0.0024988780832757573,0.017556870050234652,0.003227914898455003,0.0057483764222932,1.193973670785324,-0.3015190403818628,0.00817597705324613,0.00129286848188781,-0.004950109080529397,0.0015581609427839371,1
2017-10-31,0.0015581609427839371,0.0022997508024511504,0.016965835706933108,0.003218522286170252,0.006469815998790374,1.429674377869886,0.029591116143945394,-0.0037252486430947584,0.00817597705324613,0.00129286848188781,0.001322104581794603,1
2017-11-01,0.001322104581794603,0.008617663349447025,0.017103758264086055,0.003219420041116618,0.0069472218694084376,1.615590981497361,-0.28495280451149935,0.0015581609427839371,-0.0037252486430947584,0.00817597705324613,0.00038848852724049365,1
2017-11-02,0.00038848852724049365,0.0077066675505659266,0.011505585339168123,0.0029902272753503808,0.006761626268964482,1.509550980351393,-0.14904840779324738,0.001322104581794603,0.0015581609427839371,-0.0037252486430947584,0.0033384424445062066,1
2017-11-03,0.0033384424445062066,0.0028713848313899337,0.016039609413883937,0.003022477226326346,0.009317902666308164,1.9443626379139027,0.07287730107227576,0.00038848852724049365,0.001322104581794603,0.0015581609427839371,0.0015477765667113452,1
2017-11-06,0.0015477765667113452,0.008179324320177539,0.0192951719315837,0.002970113582378813,0.009913822013744467,1.9988934962713472,-0.5214741863465597,0.0033384424445062066,0.00038848852724049365,0.001322104581794603,-0.0006952138766336269,0
2017-11-07,-0.0006952138766336269,0.005911052749465906,0.01590619099655699,0.002964513254439821,0.008414998751767655,1.6477673213853,-0.12390716658578639,0.0015477765667113452,0.0033384424445062066,0.00038848852724049365,0.0017008491143415405,1
2017-11-08,0.0017008491143415405,0.006291533026206109,0.01603804850954793,0.0029664491502347096,0.009325486204395883,1.7320925282828503,-0.5385065398985038,-0.0006952138766336269,0.0015477765667113452,0.0033384424445062066,-0.003627719862841605,0
2017-11-09,-0.003627719862841605,0.0022516259859342025,0.013862753906480396,0.0030892772555763375,0.0049729845123680505,0.9624288462613774,1.7549105013006214,0.0017008491143415405,-0.0006952138766336269,0.0015477765667113452,-0.00030991805441837883,0
2017-11-10,-0.00030991805441837883,-0.0013927826079609407,0.012316136578998993,0.0030945085926122875,0.004047900947884653,0.8192969740590039,-0.13262051960017163,-0.003627719862841605,0.0017008491143415405,-0.0006952138766336269,0.0009299070228354633,1
2017-11-13,0.0009299070228354633,-0.0020088380776623893,0.011908103622727984,0.0030909024361806367,0.004387647975423681,0.9177753805299915,-0.7117789655007878,-0.00030991805441837883,-0.003627719862841605,0.0017008491143415405,-0.0023225401220429154,0
2017-11-14,-0.0023225401220429154,-0.003634025140743513,0.008846623715385027,0.0031587069467092777,0.0016148545271035264,0.3569124560510425,-0.1965356975990187,0.0009299070228354633,-0.00030991805441837883,-0.003627719862841605,-0.0050053162378632665,0
2017-11-15,-0.0050053162378632665,-0.010304474691250065,0.0028157130945756226,0.0033810982557855424,-0.0035379627934184477,-0.8109796221233112,0.900736668345904,-0.0023225401220429154,0.0009299070228354633,-0.00030991805441837883,0.00850108293637919,1
2017-11-16,0.00850108293637919,0.0017430522191621556,0.011063754514879065,0.0038635343287145864,0.004380801513690358,1.0314286648190372,0.05941009589467564,-0.0050053162378632665,-0.0023225401220429154,0.0009299070228354633,-0.0029390309648315016,0
2017-11-17,-0.0029390309648315016,-0.0008914598552003383,0.0029168151867902115,0.0037792279403134114,0.0012830839981627928,0.30239450197969153,0.6362234747797526,0.00850108293637919,-0.0050053162378632665,-0.0023225401220429154,0.0017066668473308955,1
2017-11-20,0.0017066668473308955,-0.00011611348094420215,0.008551191632789834,0.0036698039687671543,0.002565646898409435,0.628366223715112,-1.1086619506247126,-0.0029390309648315016,0.00850108293637919,-0.0050053162378632665,0.006542878613640113,1
2017-11-21,0.006542878613640113,0.008768911687548675,0.013369386867261301,0.003908973120660122,0.008454014907802287,1.9077093119446904,0.2361500345338897,0.0017066668473308955,-0.0029390309648315016,0.00850108293637919,-0.0008846762132767028,0
2017-11-22,-0.0008846762132767028,0.012946595871087485,0.017509666917170152,0.003701451433834886,0.0066891365788703805,1.6321345826405134,-1.3053033192770689,0.006542878613640113,0.0017066668473308955,-0.0029390309648315016,0.0023097541447489878,1
2017-11-24,0.0023097541447489878,0.006727975455588897,0.01854302191717072,0.0037144580096636847,0.008088434534869071,2.0511107575334875,-2.1215199353379917,-0.0008846762132767028,0.006542878613640113,0.0017066668473308955,-0.0004992800664597175,0
2017-11-27,-0.0004992800664597175,0.0091913809631885,0.009778557375533348,0.0033074592556920778,0.007093789437374376,1.6691350366374231,-0.456769620688369,0.0023097541447489878,-0.0008846762132767028,0.006542878613640113,0.01014485884751215,1
2017-11-28,0.01014485884751215,0.017692622813057612,0.02383666445235444,0.00379489879197148,0.01610730258143578,2.9335647988142943,2.258851601413467,-0.0004992800664597175,0.0023097541447489878,-0.0008846762132767028,-0.0006085543454913411,0
2017-11-29,-0.0006085543454913411,0.01046197152170425,0.021621753087169626,0.003814572554212471,0.014398875193454286,2.2887924288602473,0.9086992450034114,0.01014485884751215,-0.0004992800664597175,0.0023097541447489878,0.008754899843921748,1
2017-11-30,0.008754899843921748,0.020211021301536736,0.029205232260640868,0.004183901748481221,0.021796336123337756,2.7255711996889573,2.7662048180636765,-0.0006085543454913411,0.01014485884751215,-0.0004992800664597175,-0.002075857461303454,0
2017-12-01,-0.002075857461303454,0.015747082606796248,0.026669899422851362,0.004252493330183563,0.01832655079387968,2.0512128334130533,2.9743729628690962,0.008754899843921748,-0.0006085543454913411,0.01014485884751215,-0.0012094612649039549,0
2017-12-04,-0.0012094612649039549,0.01502535778353642,0.022016239554552897,0.004260774331943093,0.01598190468220473,1.6615436807010096,0.6735931263285072,-0.002075857461303454,0.008754899843921748,-0.0006085543454913411,-0.0035967982721505365,0
2017-12-05,-0.0035967982721505365,0.0012173080644715117,0.016766525907397245,0.0043856574151953645,0.011483371528746567,1.1563621688576364,0.1244123823093999,-0.0012094612649039549,-0.002075857461303454,0.008754899843921748,0.00019003743199763612,1
2017-12-06,0.00019003743199763612,0.0020173588485528082,0.017667245998135073,0.004373790065044016,0.010787956280728705,1.0631009305792742,0.028104533934828146,-0.0035967982721505365,-0.0012094612649039549,-0.002075857461303454,0.0031529070667219994,1
2017-12-07,0.0031529070667219994,-0.0035472178467049753,0.019142448718323823,0.0044000171139137395,0.013010218202119228,1.2363546743106977,0.028032702452537122,0.00019003743199763612,-0.0035967982721505365,-0.0012094612649039549,0.005453225344961288,1
2017-12-08,0.005453225344961288,0.003970763921206988,0.028430921431036538,0.004370375759845735,0.017102446617690115,1.551487727230292,0.03733527203801073,0.0031529070667219994,0.00019003743199763612,-0.0035967982721505365,0.003013306461827403,1
2017-12-11,0.003013306461827403,0.008215433024538088,0.03184968781982889,0.0043646439773493894,0.018563605842913722,1.6088040111351656,0.2164717163193757,0.005453225344961288,0.0031529070667219994,0.00019003743199763612,0.001764425888864718,1
2017-12-12,0.001764425888864718,0.013640213805718338,0.03270998585403739,0.004362111385501043,0.018714602221889365,1.5583558436113725,0.23354335608534,0.003013306461827403,0.005453225344961288,0.0031529070667219994,-0.00011250119426109428,0
2017-12-13,-0.00011250119426109428,0.01333360675472961,0.0349976282651685,0.004284289994957823,0.01684882152107825,1.3963585353871688,0.7608657468355308,0.001764425888864718,0.003013306461827403,0.005453225344961288,-0.004085798426914922,0
2017-12-14,-0.004085798426914922,0.0060214377978047295,0.035954114534904935,0.004212538859715107,0.010917653710045494,0.98100205022218,0.6439874824138739,-0.00011250119426109428,0.001764425888864718,0.003013306461827403,0.008327237393899845,1
2017-12-15,0.008327237393899845,0.008897074039091901,0.035775536635413774,0.004198086564606103,0.0175445343191567,1.559485405389785,1.807237309527696,-0.004085798426914922,-0.00011250119426109428,0.001764425888864718,0.0063410283709335324,1
2017-12-18,0.0063410283709335324,0.012244316668560407,0.045415928484080714,0.004163222890217075,0.02172422155438336,1.9127199501458174,-0.06093964837949346,0.008327237393899845,-0.004085798426914922,-0.00011250119426109428,-0.0038402004315422067,0
2017-12-19,-0.0038402004315422067,0.006581057929012868,0.03962702480754676,0.004379178232121254,0.015830135391684985,1.4569225351641826,-0.15781336381175526,0.0063410283709335324,0.008327237393899845,-0.004085798426914922,-0.0005241536125939472,0
2017-12-20,-0.0005241536125939472,0.00616664978085657,0.03232770567898835,0.004273259207084375,0.013686206888327002,1.2873082992966223,-0.3502035865895998,-0.0038402004315422067,0.0063410283709335324,0.008327237393899845,0.002059766623136783,1
2017-12-21,0.002059766623136783,0.012375480408689743,0.03537002706617032,0.004233663233986707,0.01401481784720393,1.37594931626405,-0.722802672035316,-0.0005241536125939472,-0.0038402004315422067,0.0063410283709335324,-0.0002615778228775012,0
2017-12-22,-0.0002615778228775012,0.0037521827243987005,0.03271388205919168,0.004254694827500352,0.01212444942379065,1.2576879784930437,-0.4742156642305483,0.002059766623136783,-0.0005241536125939472,-0.0038402004315422067,-0.001196672680783939,0
2017-12-26,-0.001196672680783939,-0.003766127341557013,0.03199331526049454,0.004275777809071754,0.009331654999869654,1.0816821133782342,-1.6777823524380686,-0.0002615778228775012,0.002059766623136783,-0.0005241536125939472,0.00048671040555237077,1
2017-12-27,0.00048671040555237077,0.0005611052387517468,0.022126270407870408,0.0037740440556300065,0.008720379079778962,1.0388338390368483,-1.1071049807465208,-0.001196672680783939,-0.0002615778228775012,0.002059766623136783,0.002057727554348965,1
2017-12-28,0.002057727554348965,0.003145789884537953,0.024853206670923056,0.003757510859875893,0.009558719803702376,1.18599759846994,-1.4182551281662628,0.00048671040555237077,-0.001196672680783939,-0.0002615778228775012,-0.0037707015329436766,0
2017-12-29,-0.0037707015329436766,-0.0026909972799024073,0.012127714345137486,0.003471085819859291,0.005146308315592041,0.6425301654514557,0.36185853020055786,0.002057727554348965,0.00048671040555237077,-0.001196672680783939,0.0071574056078544945,1
2018-01-02,0.0071574056078544945,0.0047099576122657805,0.02149239553459159,0.0037016183109145227,0.01126356059245559,1.3801283834521056,0.22280565439927025,-0.0037707015329436766,0.002057727554348965,0.00048671040555237077,0.006325023442299571,1
2018-01-03,0.006325023442299571,0.01227613484285106,0.02919813415965633,0.003838270127977583,0.01619291146843871,1.8824166642805378,0.393016105929768,0.0071574056078544945,-0.0037707015329436766,0.002057727554348965,0.004215070109470975,1
2018-01-04,0.004215070109470975,0.016048428378721002,0.03726711702595331,0.0036927009802210056,0.01860892952045301,2.1010210031980643,-0.054891346376771476,0.006325023442299571,0.0071574056078544945,-0.0037707015329436766,0.0066640860736348895,1
2018-01-05,0.0066640860736348895,0.020719100741571905,0.04398115887667875,0.003822161402581626,0.02318703310679804,2.438498238753568,0.06266365970137117,0.004215070109470975,0.006325023442299571,0.0071574056078544945,0.0018284870966556177,1
2018-01-08,0.0018284870966556177,0.026455931400619415,0.042602835108239256,0.00381554476398211,0.022915629553382555,2.252394837803907,-1.0853229312279655,0.0066640860736348895,0.004215070109470975,0.006325023442299571,0.0022636705714957905,1
2018-01-09,0.0022636705714957905,0.021468425647492406,0.03929543227166543,0.0037335743329982005,0.023247931452919257,2.0966692708071624,-1.0153780493266469,0.0018284870966556177,0.0066640860736348895,0.004215070109470975,-0.00153018487507528,0
2018-01-10,-0.00153018487507528,0.01349501041268586,0.034587588654250156,0.0038021473921348212,0.019940311533478194,1.7101001848010737,-0.43887254169072293,0.0022636705714957905,0.0018284870966556177,0.0066640860736348895,0.0072962247199930275,1
2018-01-11,0.0072962247199930275,0.016604637938723465,0.04030063881426105,0.004002369744865059,0.025341586299810537,1.9880028958338023,-0.6974814861452521,-0.00153018487507528,0.0022636705714957905,0.0018284870966556177,0.00651929596538614,1
2018-01-12,0.00651929596538614,0.0164584180649745,0.047200477876063296,0.004093133984868584,0.02963134807257628,2.1015455218754377,0.5784844126080009,0.0072962247199930275,-0.00153018487507528,0.0022636705714957905,-0.00341864819305826,0
2018-01-16,-0.00341864819305826,0.011134657656231894,0.047901984132933784,0.00404059175338304,0.023710498278235903,1.6553000037709762,1.2458541147499622,0.00651929596538614,0.0072962247199930275,-0.00153018487507528,0.009531491190428953,1
2018-01-17,0.009531491190428953,0.018466805402584496,0.04915350238611915,0.004142051607886834,0.03097207330942564,1.9787000965632446,1.9595193509200082,-0.00341864819305826,0.00651929596538614,0.0072962247199930275,-0.0016804696960665,0
2018-01-18,-0.0016804696960665,0.018313510731862603,0.04079074805720162,0.004129738508253793,0.02716785943826161,1.62907512051138,1.19949711875093,0.009531491190428953,-0.00341864819305826,0.00651929596538614,0.004549339093351312,1
2018-01-19,0.004549339093351312,0.015536581088527512,0.049556164129755276,0.003925349794398375,0.029333353222602554,1.669444142409475,2.5149186851512293,-0.0016804696960665,0.009531491190428953,-0.00341864819305826,0.008131059942362295,1
2018-01-22,0.008131059942362295,0.01716278466481369,0.05864506084626764,0.004057564759319092,0.03472885793941294,1.8504580265852577,0.4246656739220854,0.004549339093351312,-0.0016804696960665,0.009531491190428953,0.002122737186752488,1
2018-01-23,0.002122737186752488,0.022818610928881045,0.05871158729346271,0.004056934400090963,0.03395252533591275,1.717602610285375,0.6002224991997392,0.008131059942362295,0.004549339093351312,-0.0016804696960665,-0.0003882469881562045,0
2018-01-24,-0.0003882469881562045,0.012768312435829987,0.05857744609206583,0.004062167018942834,0.03060395102922775,1.5121128995267004,1.8415980724425955,0.002122737186752488,0.008131059942362295,0.004549339093351312,0.00042356717707292546,1
2018-01-25,0.00042356717707292546,0.014902801252915987,0.060294650394328464,0.003992605658731307,0.02802676482455624,1.3861324775344548,-0.1085535831758437,-0.0003882469881562045,0.002122737186752488,0.008131059942362295,0.01157779550704574,1
2018-01-26,0.01157779550704574,0.022003696973160514,0.07204874775301784,0.004385007420998099,0.036307666571445685,1.7516681251296073,0.7305142563834437,0.00042356717707292546,-0.0003882469881562045,0.002122737186752488,-0.006630322264641775,0
2018-01-29,-0.006630322264641775,0.007039187111858913,0.06275386116839266,0.004931092785986026,0.026317299275720796,1.2976951573442264,-0.08791603741395705,0.01157779550704574,0.00042356717707292546,-0.0003882469881562045,-0.010256754039015936,0
2018-01-30,-0.010256754039015936,-0.0054010383398195305,0.05583469370847549,0.005575147941057438,0.013069657922339717,0.709555026582197,1.588381149596797,-0.006630322264641775,0.01157779550704574,0.00042356717707292546,0.0004965803196768093,1
2018-01-31,0.0004965803196768093,-0.004520648209383693,0.04885194166909179,0.0054954438373010055,0.011185886966754932,0.6658397051071988,0.5584728202188627,-0.010256754039015936,-0.006630322264641775,0.01157779550704574,-0.0011349089662062717,0
2018-02-01,-0.0011349089662062717,-0.006071422173326346,0.04107675531367638,0.005468258124878881,0.008029678038773636,0.5230969519153329,-0.2014543861569482,0.0004965803196768093,-0.010256754039015936,-0.006630322264641775,-0.021769863488907637,0
2018-02-02,-0.021769863488907637,-0.03883725731414511,0.01413799372479474,0.007594946088430502,-0.014592305986608878,-1.0197430024059981,2.50056892474476,-0.0011349089662062717,0.0004965803196768093,-0.010256754039015936,-0.041822629114190546,0
2018-02-05,-0.041822629114190546,-0.07288856261477439,-0.03470870771528234,0.012039236627953209,-0.05419914164637896,-2.93220722122168,3.5262751986671015,-0.021769863488907637,-0.0011349089662062717,0.0004965803196768093,0.019702162010305724,1
2018-02-06,0.019702162010305724,-0.04482547268277737,-0.017486894822663412,0.012943920798085387,-0.034736375566690736,-1.75824959776527,3.0970800677632417,-0.041822629114190546,-0.021769863488907637,-0.0011349089662062717,-0.0054250742627394155,0
2018-02-07,-0.0054250742627394155,-0.05047887892919145,-0.02502412557721434,0.012962277459827157,-0.038788768949698404,-1.8054549429634326,0.5045149375011903,0.019702162010305724,-0.041822629114190546,-0.021769863488907637,-0.037508711732418654,0
2018-02-08,-0.037508711732418654,-0.08505581458367217,-0.06015607964514291,0.015298671464094997,-0.07209522114860123,-2.652657736482474,1.4102305215450452,-0.0054250742627394155,0.019702162010305724,-0.041822629114190546,0.015021622098250642,1
2018-02-09,0.015021622098250642,-0.05064452980066925,-0.05294800362927288,0.01566504169408156,-0.05567031720919591,-1.8428319672456754,1.6617133352012543,-0.037508711732418654,-0.0054250742627394155,0.019702162010305724,0.014684525177621088,1
2018-02-12,0.014684525177621088,0.005342365384232828,-0.04526519351597558,0.016017595783360976,-0.03962181747915938,-1.251080959921864,-0.11828377760579191,0.015021622098250642,-0.037508711732418654,-0.0054250742627394155,0.0024873972875165684,1
2018-02-13,0.0024873972875165684,-0.011629975099798462,-0.039607143444339465,0.01604816011426133,-0.035317837453997636,-1.0768070110166525,-0.8833760259303368,0.014684525177621088,0.015021622098250642,-0.037508711732418654,0.0134958985910405,1
2018-02-14,0.0134958985910405,0.007172954600811021,-0.03583570235384481,0.016220276738263158,-0.020518924269230077,-0.6209203581973962,-0.3943766069760204,0.0024873972875165684,0.014684525177621088,0.015021622098250642,0.012760244977104263,1
2018-02-15,0.012760244977104263,0.05977554360186055,-0.021889043896579974,0.01653928726499917,-0.006918214481433593,-0.20993665265725522,-0.5226574585940517,0.0134958985910405,0.0024873972875165684,0.014684525177621088,0.0002931516340674012,1
2018-02-16,0.0002931516340674012,0.044397671394234894,-0.02603321424555749,0.016491789917601512,-0.005306539793085374,-0.16235084038614708,0.08496555505835982,0.012760244977104263,0.0134958985910405,0.0024873972875165684,-0.006260851148133462,0
2018-02-20,-0.006260851148133462,0.022838948738772347,-0.039937401848383014,0.016377399801187253,-0.009497747309442417,-0.2960734348649343,-0.842624296218714,0.0002931516340674012,0.012760244977104263,0.0134958985910405,-0.004974568712635241,0
2018-02-21,-0.004974568712635241,0.015225496958958251,-0.046736826398684594,0.01636238268278987,-0.012038102724416189,-0.3849121747836084,-0.6870810038011577,-0.006260851148133462,0.0002931516340674012,0.012760244977104263,0.001296248525469057,1
2018-02-22,0.001296248525469057,0.0030050273766311086,-0.04513043518289772,0.016376861444624434,-0.008439436832435199,-0.2790710060748774,-0.5223843008707834,-0.004974568712635241,-0.006260851148133462,0.0002931516340674012,0.015939028946183598,1
2018-02-23,0.015939028946183598,0.006153192322622791,-0.030321465548953874,0.016866703838742097,0.008954173910795227,0.30933326040345105,-0.7525380954046563,0.001296248525469057,-0.004974568712635241,-0.006260851148133462,0.011612342530191944,1
2018-02-26,0.011612342530191944,0.017538694698641555,-0.030288349453560293,0.01686810473833254,0.022300042551110177,0.8341752483917496,-0.8101472073574155,0.015939028946183598,0.001296248525469057,-0.004974568712635241,-0.012486499914815319,0
2018-02-27,-0.012486499914815319,0.01116394481883587,-0.036005056760339826,0.0170138780690076,0.011441963378960196,0.4669206923321678,-0.661746026520083,0.011612342530191944,0.015939028946183598,0.001296248525469057,-0.010129934846372923,0
2018-02-28,-0.010129934846372923,0.005924962785953447,-0.03588153678592987,0.01701054155476548,0.003064905015374597,0.13427303884145428,-0.37003748016351184,-0.012486499914815319,0.011612342530191944,0.015939028946183598,-0.014541050435015856,0
2018-03-01,-0.014541050435015856,-0.00998554760586745,-0.05037239836285046,0.017239777030333785,-0.008922440912425667,-0.4278208591325029,0.2736132494831358,-0.010129934846372923,-0.012486499914815319,0.011612342530191944,0.005155196074051904,1
2018-03-02,0.005155196074051904,-0.02049420028228588,-0.044392354193678374,0.01732198111244597,-0.00150284717079896,-0.08189757380690459,-0.234588659942654,-0.014541050435015856,-0.010129934846372923,-0.012486499914815319,0.011557852629773047,1
2018-03-05,0.011557852629773047,-0.02054696078276852,-0.0118353728131394,0.01693118750118782,0.010648944402758431,0.5988155512151966,-0.7096678297815536,0.005155196074051904,-0.014541050435015856,-0.010129934846372923,0.0025352058173719882,1
2018-03-06,0.0025352058173719882,-0.005647867927482286,0.03391069127668733,0.013852817366245496,0.011530399808630909,0.6652292158039236,-0.8640744899414702,0.011557852629773047,0.005155196074051904,-0.014541050435015856,-0.00036649753894413273,0
2018-03-07,-0.00036649753894413273,0.004159777585559299,0.013562395038249297,0.013196096228832012,0.01047607698950892,0.5990779897899525,-0.7697124288524732,0.0025352058173719882,0.011557852629773047,0.005155196074051904,0.0048389167600928484,1
2018-03-08,0.0048389167600928484,0.02390751396447821,0.024022336320240756,0.013142484370245374,0.014157862038253421,0.8012443809262314,-1.0267538314581688,-0.00036649753894413273,0.0025352058173719882,0.011557852629773047,0.01740255233967858,1
2018-03-09,0.01740255233967858,0.03638335864553288,0.0824440193119047,0.009966863970632376,0.02776832296968501,1.8222600196674967,-0.08761696861863909,0.0048389167600928484,-0.00036649753894413273,0.0025352058173719882,-0.0012550640872981411,0
2018-03-12,-0.0012550640872981411,0.023255989185880344,0.06508616088585173,0.00968135569787813,0.02326908367043612,1.6951996157750637,-1.197854654542016,0.01740255233967858,0.0048389167600928484,-0.00036649753894413273,-0.006462557058077856,0
2018-03-13,-0.006462557058077856,0.014072257085348427,0.0428886560718158,0.009514665406200062,0.014535270572441528,1.1335349723001202,-0.44771992472970484,-0.0012550640872981411,0.01740255233967858,0.0048389167600928484,-0.005132058150219221,0
2018-03-14,-0.005132058150219221,0.009237862486272785,0.0349621288526607,0.009651783462130447,0.0076108314781973,0.6594260721333287,-0.0005769778000310439,-0.006462557058077856,-0.0012550640872981411,0.01740255233967858,-0.0010894492371961162,0
2018-03-15,-0.0010894492371961162,0.003283543513007192,0.020067857786193022,0.009261823459588397,0.0055175682036725515,0.49376584344471486,-0.7349539337422413,-0.005132058150219221,-0.006462557058077856,-0.0012550640872981411,0.0010843802972329009,1
2018-03-16,0.0010843802972329009,-0.012808173018222568,0.008307745429030788,0.00884230793708746,0.006190677441596959,0.5499163858491493,-0.11281521583147738,-0.0010894492371961162,-0.005132058150219221,-0.006462557058077856,-0.013530569324753827,0
2018-03-19,-0.013530569324753827,-0.024941679789312166,-0.005626734568816905,0.009379264171805875,-0.00714483341705574,-0.6279745667726822,0.3350443821601848,0.0010843802972329009,-0.0010894492371961162,-0.005132058150219221,0.0017008234033299985,1
2018-03-20,0.0017008234033299985,-0.016930132668982356,0.002340020420342981,0.009278707766464448,-0.005571606289522468,-0.49287275870562636,-1.5229047625463366,-0.013530569324753827,0.0010843802972329009,-0.0010894492371961162,-0.0019190664581224537,0
2018-03-21,-0.0019190664581224537,-0.013755243637366465,0.005417984154616917,0.009214690272418691,-0.007745333165032786,-0.7014278210474105,-0.7482984299094712,0.0017008234033299985,-0.013530569324753827,0.0010843802972329009,-0.02499724095089506,0
2018-03-22,-0.02499724095089506,-0.037359893919456155,-0.02098373983530799,0.010805071827624515,-0.03154487482156654,-2.4224759059681733,1.6774613189912084,-0.0019190664581224537,0.0017008234033299985,-0.013530569324753827,-0.021314591177344577,0
2018-03-23,-0.021314591177344577,-0.05889868595412984,-0.05688343343086211,0.010940726658896954,-0.04947016769486923,-2.8338514968381086,2.2984060208678345,-0.02499724095089506,-0.0019190664581224537,0.0017008234033299985,0.027358893399690443,1
2018-03-26,0.027358893399690443,-0.019889745682900584,-0.04220307380396815,0.012493876054157615,-0.02135923963085029,-1.2130522017045353,0.9805589384196215,-0.021314591177344577,-0.02499724095089506,-0.0019190664581224537,-0.017011675320614872,0
2018-03-27,-0.017011675320614872,-0.03819891689923427,-0.0465920761758839,0.012730985505775158,-0.03574099090590099,-1.8389084658755568,0.5864065209135559,0.027358893399690443,-0.021314591177344577,-0.02499724095089506,-0.002954861977235157,0
2018-03-28,-0.002954861977235157,-0.0391970616575138,-0.03968129912719143,0.01259931475034248,-0.03667677583880036,-1.7218644731435,0.9970855785909998,-0.017011675320614872,0.027358893399690443,-0.021314591177344577,0.012777521561376348,1
2018-03-29,0.012777521561376348,-0.001972446157577412,-0.013059656915857865,0.012642868748315196,-0.023737714238788232,-1.0854680368104417,0.13160646820963254,-0.002954861977235157,-0.017011675320614872,0.027358893399690443,-0.021584401654861196,0
2018-04-02,-0.021584401654861196,-0.0022475890057791492,-0.039314694804117645,0.01339576324264461,-0.0429391849130526,-1.7822752909199953,2.1080887803270794,0.012777521561376348,-0.002954861977235157,-0.017011675320614872,0.012816980274989787,1
2018-04-03,0.012816980274989787,-0.01637043251631254,-0.038118890310107734,0.013465208562993635,-0.028807186013741326,-1.1519931631524285,0.25163579604326575,-0.021584401654861196,0.012777521561376348,-0.002954861977235157,0.010698906581984025,1
2018-04-04,0.010698906581984025,0.01135822611293924,-0.03028623814480147,0.013726504531719174,-0.01690955680227979,-0.6711644171885301,0.29953814843687104,0.012816980274989787,-0.021584401654861196,0.012777521561376348,0.007892159966622181,1
2018-04-05,0.007892159966622181,0.022360962552236963,-0.02227476812315876,0.013884036613371467,-0.008031226494819577,-0.3200327116509716,-0.8435267942993024,0.010698906581984025,0.012816980274989787,-0.021584401654861196,-0.022285776848317673,0
2018-04-06,-0.022285776848317673,-0.013034123485144766,-0.04866755298203096,0.014587163267263647,-0.027726029580449008,-1.083872990692232,1.6497593947777587,0.007892159966622181,0.010698906581984025,0.012816980274989787,0.004928258403191554,1
2018-04-09,0.004928258403191554,0.01371022811472189,-0.06033176647169558,0.013949054550261582,-0.019860062247395893,-0.8162200754719551,-0.33982802634259246,-0.022285776848317673,0.007892159966622181,0.010698906581984025,0.015900600931244346,1
2018-04-10,0.015900600931244346,0.01679656835165444,-0.04419087517571574,0.014576292423503168,-0.0019779844927396706,-0.0886427663020634,-0.4512708821566789,0.004928258403191554,-0.022285776848317673,0.007892159966622181,-0.005242314296371453,0
2018-04-11,-0.005242314296371453,0.0007591722697057879,-0.04301696957766776,0.014559863038781241,-0.004989737412211981,-0.24243209978094782,-0.7964726728600924,0.015900600931244346,0.004928258403191554,-0.022285776848317673,0.00822700973232271,1
2018-04-12,0.00822700973232271,0.001091652258803144,-0.030166619568316455,0.01471877462031794,0.004763872839385286,0.2509270846460383,-1.3065658373153195,-0.005242314296371453,0.015900600931244346,0.004928258403191554,-0.0029329394277767262,0
2018-04-13,-0.0029329394277767262,0.02090722160459113,-0.031956447818661915,0.014722319927513853,0.0034762772439491663,0.20252034026297933,-0.8776236294400089,0.00822700973232271,-0.005242314296371453,0.015900600931244346,0.00822155337895314,1
2018-04-16,0.00822155337895314,0.02425288194951114,-0.025054837406450647,0.01487446920152459,0.013043370858899506,0.8680643531296073,-1.344761759496166,-0.0029329394277767262,0.00822700973232271,-0.005242314296371453,0.010698764059721588,1
2018-04-17,0.010698764059721588,0.019008277898480586,-0.0011085592537752875,0.014800633043427415,0.02393985765894313,1.603590000722944,-1.2046465505206156,0.00822155337895314,-0.0029329394277767262,0.00822700973232271,0.0007399664673262141,1
2018-04-18,0.0007399664673262141,0.02513639704400772,-0.0020667213583994704,0.014796547692767495,0.024806278459711617,1.6833679529731775,-1.3768662517525505,0.010698764059721588,0.00822155337895314,-0.0029329394277767262,-0.005547661686433059,0
2018-04-19,-0.005547661686433059,0.011130704980235828,-0.005694779776669323,0.014843500238633347,0.019418512616546035,1.3607672396814463,-0.8770482583203514,0.0007399664673262141,0.010698764059721588,0.00822155337895314,-0.008479263040706453,0
2018-04-20,-0.008479263040706453,0.005506150397546428,0.011150210159207363,0.01381383468599567,0.01021160053201231,0.7060417741381071,-0.2781887237690298,-0.005547661686433059,0.0007399664673262141,0.010698764059721588,-0.00015018835879831993,0
2018-04-23,-0.00015018835879831993,-0.0028430440613871344,0.033016675281652974,0.012817782753553223,0.008432120647983599,0.6196474363416217,-1.0557425507160265,-0.008479263040706453,-0.005547661686433059,0.0007399664673262141,-0.013466964118488578,0
2018-04-24,-0.013466964118488578,-0.026684988669523735,-0.008034014861683536,0.01172093950276006,-0.0047474418498272275,-0.34800150294162135,0.2484496087134396,-0.00015018835879831993,-0.008479263040706453,-0.005547661686433059,0.0024712692973902772,1
2018-04-25,0.0024712692973902772,-0.025001131633605733,0.011626868046257677,0.01105278785173052,-0.002859612322004157,-0.21562819056165392,0.03774388547827208,-0.013466964118488578,-0.00015018835879831993,-0.008479263040706453,0.010166056845970495,1
2018-04-26,0.010166056845970495,-0.009594804757344089,0.024939679581883256,0.01121659185872384,0.006044470784569489,0.4762872162026229,-0.8714181004679579,0.0024712692973902772,-0.013466964118488578,-0.00015018835879831993,0.0009387431879201991,1
2018-04-27,0.0009387431879201991,-0.00018739455403893324,0.012958732676560558,0.010886103572075537,0.006340685990995132,0.4994757100831111,-1.0653103905617467,0.010166056845970495,0.0024712692973902772,-0.013466964118488578,-0.007690721549054924,0
2018-04-30,-0.007690721549054924,-0.0077276471476031006,0.027342931595705666,0.00977585843083376,-0.002724078227106075,-0.25088783340861764,-0.28499203242737403,0.0009387431879201991,0.010166056845970495,0.0024712692973902772,0.0017770383632031983,1
2018-05-01,0.0017770383632031983,0.007605039806848568,0.01614465341792304,0.009401500324521455,-0.001744147471353652,-0.1725151626900405,-0.4878108659309273,-0.007690721549054924,0.0009387431879201991,0.010166056845970495,-0.006717861887104659,0
2018-05-02,-0.006717861887104659,-0.0016311499738648205,-0.0013659583423429877,0.009245893368028318,-0.008383047489632589,-0.8246737442866511,-0.0030709187321964993,0.0017770383632031983,-0.007690721549054924,0.0009387431879201991,-0.0022034796838660275,0
2018-05-03,-0.0022034796838660275,-0.01385622908532047,-0.011368863244014316,0.009064563227469865,-0.010004843479468617,-0.9584663964829773,1.5806775200288536,-0.006717861887104659,0.0017770383632031983,-0.007690721549054924,0.012946452378709505,1
2018-05-04,0.012946452378709505,-0.002026007004258701,0.02425676028315782,0.007972201920083704,0.0016227097470049578,0.17640261119348377,0.3097243649134716,-0.0022034796838660275,-0.006717861887104659,0.0017770383632031983,0.0033833164818273254,1
2018-05-07,0.0033833164818273254,0.009111248478747891,0.022682103392011488,0.007941900731630593,0.0038926686137981115,0.4694139915590083,-1.2591169102906559,0.012946452378709505,-0.0022034796838660275,-0.006717861887104659,0.0,0
2018-05-08,0.0,0.0073212000621696305,0.006675360221807702,0.007143511542415953,0.0035586387408435005,0.42840903075272646,-0.6150791476643541,0.0033833164818273254,0.012946452378709505,-0.0022034796838660275,0.00966587755322812,1
2018-05-09,0.00966587755322812,0.02393650747713716,0.021762159365094513,0.0073044953066878976,0.01216673253265177,1.42182954173232,-0.8990404927619264,0.0,0.0033833164818273254,0.012946452378709505,0.009350700939637191,1
2018-05-10,0.009350700939637191,0.035793381211915776,0.02290093579477004,0.007366241519845059,0.020464172167531824,2.086738903135403,-0.32617281286238925,0.00966587755322812,0.0,0.0033833164818273254,0.003051325540847305,1
2018-05-11,0.003051325540847305,0.02567507055409024,0.029040252274582512,0.0073126448327089,0.022101713845174453,2.0059176583539466,-0.8261915233656447,0.009350700939637191,0.00966587755322812,0.0,0.00047617183477544067,1
2018-05-14,0.00047617183477544067,0.022703339071219908,0.02113493686898371,0.007138610983077551,0.021507398661214205,1.7759525820440678,-1.0231085890617588,0.003051325540847305,0.009350700939637191,0.00966587755322812,-0.006886841475431393,0
2018-05-15,-0.006886841475431393,0.01566014329864207,0.003367747636643603,0.006971324357748818,0.014299753597787568,1.1630986689049616,0.3931806067232609,0.00047617183477544067,0.003051325540847305,0.009350700939637191,0.004204973861473782,1
2018-05-16,0.004204973861473782,0.010166818873785566,0.006841853579352186,0.00702850154981484,0.018212478870516247,1.431252519989107,-1.101027624575181,-0.006886841475431393,0.00047617183477544067,0.003051325540847305,-0.0008444680601576993,0
2018-05-17,-0.0008444680601576993,-3.6593504901039076e-05,0.011603642562072247,0.0068977467318491635,0.01675937287713336,1.2650586001979232,-0.9138698207988636,0.004204973861473782,-0.006886841475431393,0.00047617183477544067,-0.0025000324580355393,0
2018-05-18,-0.0025000324580355393,-0.005570861506833502,0.01770398036811538,0.006606988382817287,0.013323521453101117,0.9812016174526847,-0.4996648546060965,-0.0008444680601576993,0.004204973861473782,-0.006886841475431393,0.007518448236282449,1
2018-05-21,0.007518448236282449,0.0014288502825421379,0.025509554661318212,0.0067635872323286135,0.01964739667771087,1.3748992553330617,-0.7610794741158208,-0.0025000324580355393,-0.0008444680601576993,0.004204973861473782,-0.0027803542907854917,0
2018-05-22,-0.0027803542907854917,0.005569722553461887,0.036618377261926405,0.005904666867111367,0.014989558621303134,1.0713104188118796,-0.9088012246767261,0.007518448236282449,-0.0025000324580355393,-0.0008444680601576993,0.0027511473750843063,1
2018-05-23,0.0027511473750843063,0.004113920267462268,0.036907788806791464,0.005906632072915916,0.015941717344712503,1.1554332799882918,-0.2745507702090914,-0.0027803542907854917,0.007518448236282449,-0.0025000324580355393,-0.0020482476536155536,0
2018-05-24,-0.0020482476536155536,0.0029041668225924244,0.02437013978894309,0.005624089057652764,0.012639567753748082,0.9099633630299033,0.28108834012876177,0.0027511473750843063,-0.0027803542907854917,0.007518448236282449,-0.002382755218416688,0
2018-05-25,-0.002382755218416688,0.003022079440251124,0.020970887027508933,0.005681566243018652,0.009179661558314622,0.6640717633917188,-0.7149266075167809,-0.0020482476536155536,0.0027511473750843063,-0.0027803542907854917,-0.011501156438525562,0
2018-05-29,-0.011501156438525562,-0.015912644250866248,0.017050392506751777,0.006042637906970847,-0.0032605382432886465,-0.24928981645115741,1.9817383993003146,-0.002382755218416688,-0.0020482476536155536,0.0027511473750843063,0.013344638444301449,1
2018-05-30,0.013344638444301449,0.0,0.028794355237285796,0.00665709377371239,0.008614939186399218,0.6889970052188847,-0.10215567492236854,-0.011501156438525562,-0.002382755218416688,-0.0020482476536155536,-0.0061257687692477525,0
2018-05-31,-0.0061257687692477525,-0.008852561443154938,0.02940761710322759,0.006620112978888973,0.0010031051703482952,0.092333322283132,0.9485982220377771,0.013344638444301449,-0.011501156438525562,-0.002382755218416688,0.00981752735198449,1
2018-06-01,0.00981752735198449,0.00293230939417799,0.041809460521197606,0.006811868784410862,0.008784351880827934,1.0278881948776943,0.13409809434598086,-0.0061257687692477525,0.013344638444301449,-0.011501156438525562,0.004751071154959208,1
2018-06-04,0.004751071154959208,0.010104143077780403,0.03338055919928573,0.0063544259238383,0.011920600379783153,1.5339802899390542,-1.2951395397638907,0.00981752735198449,-0.0061257687692477525,0.013344638444301449,0.0007282334155607195,1
2018-06-05,0.0007282334155607195,0.022600826750590164,0.03064609951805508,0.006344304714759992,0.011135189483305385,1.570824980838149,-0.9239397244955636,0.004751071154959208,0.00981752735198449,-0.0061257687692477525,0.00836053516285351,1
2018-06-06,0.00836053516285351,0.017571197202203237,0.03926285247353367,0.006511456207520371,0.01762888907259974,2.557954799813308,-0.21375152393848137,0.0007282334155607195,0.004751071154959208,0.00981752735198449,-0.00010858748525488515,0
2018-06-07,-0.00010858748525488515,0.02373184627683833,0.029201862354788943,0.006263765117998041,0.016051698217069754,2.174003682862915,0.36002247666324,0.00836053516285351,0.0007282334155607195,0.004751071154959208,0.002956958611067595,1
2018-06-08,0.002956958611067595,0.01677674546564023,0.022682372641397386,0.005997275944515189,0.017905788505993447,2.118169382720396,0.3100232299504895,-0.00010858748525488515,0.00836053516285351,0.0007282334155607195,0.0013294682257778412,1
2018-06-11,0.0013294682257778412,0.013314190022320593,0.020926816291002792,0.005980717221970721,0.018195422851320364,1.923253299290651,-0.4806184237217862,0.002956958611067595,-0.00010858748525488515,0.00836053516285351,0.001292838762069204,1
2018-06-12,0.001292838762069204,0.013885896296087497,0.021760176634331163,0.0059793590459241135,0.01840618867333088,1.7726673122942702,0.274827643034334,0.0013294682257778412,0.002956958611067595,-0.00010858748525488515,-0.003191211382996828,0
2018-06-13,-0.003191211382996828,0.0022708513870428604,0.025562409666497254,0.005773301324923829,0.013873535466935483,1.3079218510545514,0.7252757054036048,0.001292838762069204,0.0013294682257778412,0.002956958611067595,0.00251781812258689,1
2018-06-14,0.00251781812258689,0.0049035070451597385,0.023839371491928274,0.0057405255619448255,0.015224930235869794,1.3773072687400942,0.5369831215148245,-0.003191211382996828,0.001292838762069204,0.0013294682257778412,-0.0012757774146343603,0
2018-06-15,-0.0012757774146343603,0.0006625560849962131,0.023397406768429718,0.005749391048348366,0.012755896900216168,1.1355075115254152,2.4970547810176056,0.00251781812258689,-0.003191211382996828,0.001292838762069204,-0.00205712231728028,0
2018-06-18,-0.00205712231728028,-0.002721778898407856,0.023851815895476802,0.005735335515248549,0.009484129589291124,0.8596275718465048,-0.9240112326765552,-0.0012757774146343603,0.00251781812258689,-0.003191211382996828,-0.0038324559917208845,0
2018-06-19,-0.0038324559917208845,-0.007826524120595257,0.012316896682591727,0.005637431080211586,0.005000499021995397,0.4554668736237866,1.2002879585909179,-0.00205712231728028,-0.0012757774146343603,0.00251781812258689,0.0017059048768173213,1
2018-06-20,0.0017059048768173213,-0.002952180197497767,0.01687107486971695,0.00558370067059626,0.005874899344093576,0.5437651962384931,-0.9559094554629619,-0.0038324559917208845,-0.00205712231728028,-0.0012757774146343603,-0.006268500294231094,0
2018-06-21,-0.006268500294231094,-0.011690558172648968,0.007724419845235531,0.005782902891472895,-0.0008132117816521678,-0.07648333703009558,-0.12044487154609555,0.0017059048768173213,-0.0038324559917208845,-0.00205712231728028,0.001822838635984203,1
2018-06-22,0.001822838635984203,-0.008624254752575111,0.011633414619968585,0.005761366099755788,0.00043233427075928255,0.041829248955912814,-0.8512446234655202,-0.006268500294231094,0.0017059048768173213,-0.0038324559917208845,-0.013612917188102758,0
2018-06-25,-0.013612917188102758,-0.020104004754488813,0.00024547284214171405,0.00655883532484361,-0.013198417254388528,-1.2790234411830157,2.466303167073453,0.001822838635984203,-0.006268500294231094,0.0017059048768173213,0.0022144369383421125,1
2018-06-26,0.0022144369383421125,-0.014155882672529208,0.014124052743284876,0.005980986945735521,-0.011693851723844184,-1.3080511907683186,-0.24202473907431837,-0.013612917188102758,0.001822838635984203,-0.006268500294231094,-0.008284410026803135,0
2018-06-27,-0.008284410026803135,-0.0239880031881754,-0.007521631716221111,0.0055151178268289455,-0.01951723566950292,-2.029453511239342,1.21179038276725,0.0022144369383421125,-0.013612917188102758,0.001822838635984203,0.00571732844799433,1
2018-06-28,0.00571732844799433,-0.012215897093513117,0.004304832269105496,0.0054995735152511835,-0.014119847123501228,-1.5290531163819843,0.06656365509221891,-0.008284410026803135,0.0022144369383421125,-0.013612917188102758,0.0014396725112446607,1
2018-06-29,0.0014396725112446607,-0.012593693837801179,-0.004027287022453696,0.005029809293686277,-0.012503387566677349,-1.3196903478477628,0.8747993102869668,0.00571732844799433,-0.008284410026803135,0.0022144369383421125,0.0021379490110626787,1
2018-07-02,0.0021379490110626787,0.003173447564981169,-0.006617578713316585,0.004927612804722704,-0.010065866405626012,-1.0347090411643667,-0.5886978441318649,0.0014396725112446607,0.00571732844799433,-0.008284410026803135,-0.0035308384956930228,0
2018-07-03,-0.0035308384956930228,-0.0025773254751462193,-0.010845387049646993,0.0049717449859476084,-0.013027428409302377,-1.2791376051815273,-1.447424552022816,0.0021379490110626787,0.0014396725112446607,0.00571732844799433,0.008157522519453453,1
2018-07-05,0.008157522519453453,0.013959226435959371,-0.011044532975835075,0.004952802215371955,-0.004423019746190082,-0.4361610078061777,-0.8125448574385516,-0.0035308384956930228,0.0021379490110626787,0.0014396725112446607,0.008458273629487145,1
2018-07-06,0.008458273629487145,0.016722633784442165,-0.0025713687615800396,0.005347144763130526,0.004127792179806411,0.40991462878037793,-0.4015845111658295,0.008157522519453453,-0.0035308384956930228,0.0021379490110626787,0.00900443883167057,1
2018-07-09,0.00900443883167057,0.024402845931400963,0.003442777575497713,0.005690005843725103,0.012993333661304174,1.264909894008495,-0.9874040109746881,0.008458273629487145,0.008157522519453453,-0.0035308384956930228,0.003598842461540963,1
2018-07-10,0.003598842461540963,0.02589619663201992,0.0057169413335336206,0.005736420591248112,0.016345262757988532,1.5327083807696773,-0.9063211602835365,0.00900443883167057,0.008458273629487145,0.008157522519453453,-0.007315111755356152,0
2018-07-11,-0.007315111755356152,0.022000168843017587,-0.002929042469005494,0.005975986398509913,0.009060117363672848,0.8619124595256524,0.07976328542380628,0.003598842461540963,0.00900443883167057,0.008458273629487145,0.00906616914078806,1
2018-07-12,0.00906616914078806,0.022921291762481477,0.009331561846721348,0.006266930789282343,0.01772940060763961,1.5952117511088415,-0.5501864049007964,-0.007315111755356152,0.003598842461540963,0.00900443883167057,0.0007878371904310733,1
2018-07-13,0.0007878371904310733,0.015140848133036844,0.0075898228724575745,0.006249284214638827,0.018140634688891044,1.5605273696832291,-0.938816670543673,0.00906616914078806,-0.007315111755356152,0.003598842461540963,-0.0008944723017167977,0
2018-07-16,-0.0008944723017167977,0.005181735311713842,0.007974512802366718,0.006244493081969764,0.016820780812852654,1.3919427610493276,-0.8682359077519288,0.0007878371904310733,0.00906616914078806,-0.007315111755356152,0.004045356061543659,1
2018-07-17,0.004045356061543659,0.005628953160421224,0.014138335209782804,0.0062663549308257975,0.02020814783102609,1.5686220541092797,-0.695104325208173,-0.0008944723017167977,0.0007878371904310733,0.00906616914078806,0.00210328959063677,1
2018-07-18,0.00210328959063677,0.01517016527936832,0.020181161217644572,0.006179308662065379,0.02132117373458331,1.5445090594020872,-0.9211591186165923,0.004045356061543659,-0.0008944723017167977,0.0007878371904310733,-0.003771217775532132,0
2018-07-19,-0.003771217775532132,0.002255123039182294,0.014603019648944837,0.0062679351314777485,0.016725088970168,1.1671597493297037,-0.22777835555162954,0.00210328959063677,0.004045356061543659,-0.0008944723017167977,-0.0011429357167750398,0
2018-07-20,-0.0011429357167750398,0.0003215193663947957,0.0198362373734835,0.00606771786367221,0.014561000197952145,0.9914119121829494,0.632049886692949,-0.003771217775532132,0.00210328959063677,0.004045356061543659,0.0018592955751255413,1
2018-07-23,0.0018592955751255413,0.003078638799905775,0.019873349831101672,0.006067983506719788,0.015441747016072593,1.0229424016144264,-0.8278552169974479,-0.0011429357167750398,-0.003771217775532132,0.00210328959063677,0.0050321797484889075,1
2018-07-24,0.0050321797484889075,0.004064512350996585,0.03915141804793132,0.005051604205636518,0.018593353774048804,1.2301079244079003,0.26462580996513924,0.0018592955751255413,-0.0011429357167750398,-0.003771217775532132,0.008522490301053676,1
2018-07-25,0.008522490301053676,0.01049627612019921,0.045691957033788144,0.005262544432837498,0.024973895857595352,1.5958750574604024,0.8465812584817098,0.0050321797484889075,0.0018592955751255413,-0.0011429357167750398,-0.0023593647258316475,0
2018-07-26,-0.0023593647258316475,0.011928349028156982,0.05193948634453971,0.004783277817051849,0.019980735671137895,1.3387045358009997,-0.24970232637617926,0.008522490301053676,0.0050321797484889075,0.0018592955751255413,-0.006776231094388185,0
2018-07-27,-0.006776231094388185,0.006221334986916904,0.03887173038978231,0.005149109714625216,0.011152659353507843,0.7991298802650965,1.0273372953992792,-0.0023593647258316475,0.008522490301053676,0.0050321797484889075,-0.005223235747114807,0
2018-07-30,-0.005223235747114807,-0.0008920332810894438,0.031959774311157485,0.0053917290090678095,0.004306871756763586,0.3406003101855314,0.31577367505645115,-0.006776231094388185,-0.0023593647258316475,0.008522490301053676,0.004929247415900395,1
2018-07-31,0.004929247415900395,-0.000994358873835921,0.034834136742730726,0.005442599753588917,0.007545871843823271,0.6649476057679296,0.6861208540542443,-0.005223235747114807,-0.006776231094388185,-0.0023593647258316475,-0.0016706149604056586,0
2018-08-01,-0.0016706149604056586,-0.011091277638385244,0.03676598058763347,0.00536332430263388,0.004071884355995259,0.45470855384630016,-0.5941644009466823,0.004929247415900395,-0.005223235747114807,-0.006776231094388185,0.00544768135896323,1
2018-08-02,0.00544768135896323,-0.0033525632194290056,0.03397924233965499,0.005227314942571152,0.007869885272097754,1.0860171996100605,0.20293299549639668,-0.0016706149604056586,0.004929247415900395,-0.005223235747114807,0.004284780442535663,1
2018-08-03,0.004284780442535663,0.0077465759087276265,0.029700130911650247,0.005021968209472761,0.01071299656500635,1.638658326293147,-0.5605429214362588,0.00544768135896323,-0.0016706149604056586,0.004929247415900395,0.0036674344882865473,1
2018-08-06,0.0036674344882865473,0.016753161917990145,0.02425365926141465,0.004734467336586949,0.0132028232491741,1.9217216693123997,-1.6575762357699024,0.004284780442535663,0.00544768135896323,-0.0016706149604056586,0.0033019506242282226,1
2018-08-07,0.0033019506242282226,0.015106718486707527,0.023950657167443934,0.004727041276643869,0.015341254379866998,2.0277399701164645,-1.269477789874107,0.0036674344882865473,0.004284780442535663,0.00544768135896323,-0.00041972103487331047,0
2018-08-08,-0.00041972103487331047,0.016378634196041908,0.031063226264924415,0.004306453174364895,0.01336582386786933,1.8288001978345503,-1.2315289462186132,0.0033019506242282226,0.0036674344882865473,0.004284780442535663,-0.0013664320655414341,0
2018-08-09,-0.0013664320655414341,0.009490439589740607,0.02040320040428867,0.0039650903579951146,0.01095830140538756,1.4618487430954838,-1.5317318337603496,-0.00041972103487331047,0.0033019506242282226,0.0036674344882865473,-0.006699860261888402,0
2018-08-10,-0.006699860261888402,-0.0015511394418146196,0.012768744668440135,0.004325104149473578,0.0035497488135767252,0.48830890579570635,1.3528871437403633,-0.0013664320655414341,-0.00041972103487331047,0.0033019506242282226,-0.0037435514774085688,0
2018-08-13,-0.0037435514774085688,-0.008923591948290177,0.009880703054984563,0.004424209017274702,-0.0006958511789282307,-0.10118035501541363,0.49274592550078883,-0.006699860261888402,-0.0013664320655414341,-0.00041972103487331047,0.006380320678361695,1
2018-08-14,0.006380320678361695,-0.005882732779217026,0.012229238103331541,0.004551634209932733,0.005069444334282247,0.7446398914131177,-1.01011225744291,-0.0037435514774085688,-0.006699860261888402,-0.0013664320655414341,-0.007467166068214404,0
2018-08-15,-0.007467166068214404,-0.012891661371412844,0.002562075905093497,0.004878578029317205,-0.0025627146728370853,-0.3806615371322241,2.4335755782564568,0.006380320678361695,-0.0037435514774085688,-0.006699860261888402,0.008091171381017226,1
2018-08-16,0.008091171381017226,-0.003543208119585972,0.01449987745247383,0.005094451940018243,0.00478571469219613,0.7368668179176556,0.47884404719904194,-0.007467166068214404,0.006380320678361695,-0.0037435514774085688,0.0035206785640917726,1
2018-08-17,0.0035206785640917726,0.006709811005640942,0.019236527255136027,0.005110802701912398,0.007364706709994673,1.1828491823415412,0.2857210769034013,0.008091171381017226,-0.007467166068214404,0.006380320678361695,0.002139795843658421,1
2018-08-20,0.002139795843658421,0.012654890185258783,0.019521892795842488,0.005113768399018689,0.008545483115319774,1.39704605054373,-1.2224575429878242,0.0035206785640917726,0.008091171381017226,-0.007467166068214404,0.002345413385669959,1
2018-08-21,0.002345413385669959,0.008594826094742603,0.01679639088364837,0.0050364090458296686,0.010067574709407667,1.5700838681061795,0.40063740451986807,0.002139795843658421,0.0035206785640917726,0.008091171381017226,-0.0005938138988685893,0
2018-08-22,-0.0005938138988685893,0.015579408567916397,0.007605296686124419,0.004706760241674688,0.009083354353413009,1.3471103350759026,-0.826986370110161,0.002345413385669959,0.002139795843658421,0.0035206785640917726,-0.0013281125835731267,0
2018-08-23,-0.0013281125835731267,0.006090156891614962,0.00864684920916603,0.004680638539398062,0.007308066181688222,1.0510999963085572,-0.5440288350275563,-0.0005938138988685893,0.002345413385669959,0.002139795843658421,0.006018677039234976,1
2018-08-24,0.006018677039234976,0.008594551401320594,0.021640440561817353,0.004513698900059592,0.012284280286445126,1.687763911396251,0.005729610492401384,-0.0013281125835731267,-0.0005938138988685893,0.002345413385669959,0.00789532996214004,1
2018-08-27,0.00789532996214004,0.014387156760753417,0.03511326957467431,0.004502572195071586,0.018514061243826596,2.3814379770466862,0.0007199404904107271,0.006018677039234976,-0.0013281125835731267,-0.0005938138988685893,0.0004832810106008001,1
2018-08-28,0.0004832810106008001,0.012502653534387509,0.030533764267168806,0.004446050811859623,0.017470305594948776,2.0842936179317113,-0.5611788074643135,0.00789532996214004,0.006018677039234976,-0.0013281125835731267,0.00538069569311328,1
2018-08-29,0.00538069569311328,0.01855545458722796,0.03781253800625861,0.004459752151424729,0.021042248484934634,2.306942642400338,0.3175226476385484,0.0004832810106008001,0.00789532996214004,0.006018677039234976,-0.004048631350457521,0
2018-08-30,-0.004048631350457521,0.01578077026474678,0.028010543752967854,0.004562786771249645,0.015501546920887677,1.6354907890947716,0.3092945502591405,0.00538069569311328,0.0004832810106008001,0.00789532996214004,3.4551538249827374e-05,1
2018-08-31,3.4551538249827374e-05,0.00973857666587552,0.023659905157166428,0.00451974415227237,0.014346189686211375,1.4525375319393288,0.5715954996522232,-0.004048631350457521,0.00538069569311328,0.0004832810106008001,-0.001722055657636723,0
2018-09-04,-0.001722055657636723,0.00010360269757159202,0.018163059506859813,0.004524271490825996,0.011685684210815062,1.1498286092173884,-0.011251234311910836,3.4551538249827374e-05,-0.004048631350457521,0.00538069569311328,-0.0026915476092497226,0
2018-09-05,-0.0026915476092497226,-0.003070021090976538,0.012080784380463339,0.004555891185708814,0.008355474295176135,0.8096312155013042,0.8452391787465827,-0.001722055657636723,3.4551538249827374e-05,-0.004048631350457521,-0.003009949188212957,0
2018-09-06,-0.003009949188212957,-0.011390138495664504,0.009458163470144498,0.004623039130447909,0.004847122991714192,0.4690806456295765,0.3617502096718708,-0.0026915476092497226,-0.001722055657636723,3.4551538249827374e-05,-0.0019430945831147017,0
2018-09-07,-0.0019430945831147017,-0.009300122378936293,0.008875250272928792,0.0046369446500672505,0.0024523962827567303,0.23924994314791118,0.7865558193258162,-0.003009949188212957,-0.0026915476092497226,-0.001722055657636723,0.001738461159556115,1
2018-09-10,0.001738461159556115,-0.007612117648790884,0.017445885970400754,0.004325369910280312,0.0033313188691219686,0.3397833673323421,-0.7656626376437584,-0.0019430945831147017,-0.003009949188212957,-0.0026915476092497226,0.0032974695213030536,1
2018-09-11,0.0032974695213030536,-0.002622208785264646,0.02463666286202737,0.004214885756361466,0.005423013378278663,0.6045375346598364,-0.6820691037267542,0.001738461159556115,-0.0019430945831147017,-0.003009949188212957,0.00024207183439939328,1
2018-09-12,0.00024207183439939328,0.00031161462108197924,0.0183870625051219,0.004039659119103815,0.004754212274359126,0.556636403872546,-0.08770950857224075,0.0032974695213030536,0.001738461159556115,-0.0019430945831147017,0.005914124280718358,1
2018-09-13,0.005914124280718358,0.009265419459390412,0.03211691859159016,0.0036686745926101166,0.009109610185817019,1.245106233361221,-0.7680487545469128,0.00024207183439939328,0.0032974695213030536,0.001738461159556115,0.0001726798851517941,1
2018-09-14,0.0001726798851517941,0.011404954785088739,0.024009706392310592,0.00334274261775837,0.008091067934176799,1.198195460535924,-0.2804351659687975,0.005914124280718358,0.00024207183439939328,0.0032974695213030536,-0.005294681204663809,0
2018-09-17,-0.005294681204663809,0.004303944580641872,0.015014362139452508,0.0035915009901712393,0.002010406241433893,0.3274971676940674,1.1140980877987259,0.0001726798851517941,0.005914124280718358,0.00024207183439939328,0.005426028664746507,1
2018-09-18,0.005426028664746507,0.00643463902468655,0.018342813443923855,0.003730827309873037,0.006534086882405976,1.1263968698102031,0.3602087290598576,-0.005294681204663809,0.0001726798851517941,0.005914124280718358,0.0010656523103766968,1
2018-09-19,0.0010656523103766968,0.007263318343811553,0.017042627423669243,0.003715963165341875,0.006756772557320989,1.2065299712510884,-1.0586521999106555,0.005426028664746507,-0.005294681204663809,0.0001726798851517941,0.008103663260106808,1
2018-09-20,0.008103663260106808,0.009455794067918522,0.025893588268959045,0.004033254462848106,0.013616924876695968,2.2942828281540906,3.24983533380551,0.0010656523103766968,0.005426028664746507,-0.005294681204663809,-0.000913663174114232,0
2018-09-21,-0.000913663174114232,0.008359368103106668,0.02631933469997727,0.004020155987208341,0.011377554768782883,1.9938341177084884,2.7142765857365583,0.008103663260106808,0.0010656523103766968,0.005426028664746507,-0.003321668049421911,0
2018-09-24,-0.003321668049421911,0.010359464273184571,0.016790508867964737,0.00398644056812265,0.007179836215298607,1.284418905440912,-0.6410234353560326,-0.000913663174114232,0.008103663260106808,0.0010656523103766968,-0.0009279222535564235,0
2018-09-25,-0.0009279222535564235,0.003974335717918942,0.007889387051470687,0.0036375637543793527,0.005849122228065218,1.0186485917699848,-1.1432118580847923,-0.003321668049421911,-0.000913663174114232,0.008103663260106808,-0.0029921717780869717,0
2018-09-26,-0.0029921717780869717,-9.52787317157755e-05,0.0043882071243273035,0.003715518205161055,0.0026198029187105565,0.4546380686391024,0.957164132699612,-0.0009279222535564235,-0.003321668049421911,-0.000913663174114232,0.0027944778050423835,1
2018-09-27,0.0027944778050423835,-0.00536128439768091,0.0018045422907375652,0.0035687652054761237,0.00533056612322258,0.9134956520398806,-0.31225919800769936,-0.0029921717780869717,-0.0009279222535564235,-0.003321668049421911,0.000102930959059222,1
2018-09-28,0.000102930959059222,-0.004349215824987818,0.005980503196254761,0.0034331537333727193,0.005133648779570121,0.8619197463269899,0.33392390391773497,0.0027944778050423835,-0.0029921717780869717,-0.0009279222535564235,0.0034740344429140535,1
2018-10-01,0.0034740344429140535,0.0024394804861604946,0.009440436393409524,0.0035043653757596853,0.008150033049744154,1.3036277639154652,-0.15079776951140914,0.000102930959059222,0.0027944778050423835,-0.0029921717780869717,-0.0005826861525823901,0
2018-10-02,-0.0005826861525823901,0.0027858802158837737,0.010592546040741224,0.0034759020369970876,0.007030846043210692,1.094236394302157,-1.0135725820854673,0.0034740344429140535,0.000102930959059222,0.0027944778050423835,0.0005488963816853154,1
2018-10-03,0.0005488963816853154,0.006347470256590437,0.0138761525671387,0.0033922155635928335,0.006889349853202553,1.0665267320958431,0.06650947915211304,-0.0005826861525823901,0.0034740344429140535,0.000102930959059222,-0.007815953347760196,0
2018-10-04,-0.007815953347760196,-0.004300554623170028,0.008988748723403273,0.0038126356924094483,-0.0014248131147855947,-0.2361658439627884,2.3303995863621383,0.0005488963816853154,-0.0005826861525823901,0.0034740344429140535,-0.005596978873811276,0
2018-10-05,-0.005596978873811276,-0.009975367568518134,0.005294842976706127,0.0040157029109027026,-0.007273416027045787,-1.3061501139202862,1.7875450156976571,-0.007815953347760196,0.0005488963816853154,-0.0005826861525823901,0.0,0
2018-10-08,0.0,-0.013402840083349798,0.003550209915104352,0.0040010720987177124,-0.007447704225544638,-1.4168993673033583,0.8516711601326076,-0.005596978873811276,-0.007815953347760196,0.0005488963816853154,-0.0014593970734328998,0
2018-10-09,-0.0014593970734328998,-0.0142683048822827,-0.0012078549806071592,0.003947326938129022,-0.008836833848529513,-1.6502163984620346,0.17830694878088185,0.0,-0.005596978873811276,-0.007815953347760196,-0.03166284246010076,0
2018-10-10,-0.03166284246010076,-0.04600301774442184,-0.03306652067982352,0.008092372988156123,-0.03864219778088829,-3.710545895162662,3.557606083696817,-0.0014593970734328998,0.0,-0.005596978873811276,-0.02202707453736985,0
2018-10-11,-0.02202707453736985,-0.05966718295157292,-0.05992495713817403,0.009070813910984512,-0.05699229174650011,-3.352150627096203,3.2107195681103975,-0.03166284246010076,-0.0014593970734328998,0.0,0.013888881009370024,1
2018-10-12,0.013888881009370024,-0.041240857681752896,-0.04703292497305678,0.009814915996936615,-0.041633810472542665,-2.1195026355437614,1.4370251094992619,-0.02202707453736985,-0.03166284246010076,-0.0014593970734328998,-0.005617173824447486,0
2018-10-15,-0.005617173824447486,-0.04662637443993256,-0.04734188567004505,0.009820255327345382,-0.0447551945899326,-2.004213314107559,0.07694249951455308,0.013888881009370024,-0.02202707453736985,-0.03166284246010076,0.021865965499215045,1
2018-10-16,0.021865965499215045,-0.0243560877653467,-0.03176476833081332,0.011110893138337267,-0.022302362914102147,-0.9741775123370269,0.29728997492516185,-0.005617173824447486,0.013888881009370024,-0.02202707453736985,0.00017835707012014979,1
2018-10-17,0.00017835707012014979,0.007725375016513825,-0.032622964304799607,0.011101651647878193,-0.02051296192441332,-0.8806067693188887,0.12112741833036986,0.021865965499215045,-0.005617173824447486,0.013888881009370024,-0.01444116532593398,0
2018-10-18,-0.01444116532593398,0.01554206708017114,-0.05425699882193569,0.011208777445795171,-0.03197737407300394,-1.3296699042609486,0.49604320718182515,0.00017835707012014979,0.021865965499215045,-0.005617173824447486,-0.0005426284557416006,0
2018-10-19,-0.0005426284557416006,0.0010870264659610385,-0.05390577443305078,0.011212240156232855,-0.029828602980287555,-1.2153760633684603,0.5525692913106173,-0.01444116532593398,0.00017835707012014979,0.021865965499215045,-0.004488710498108617,0
2018-10-22,-0.004488710498108617,0.0022230979729329636,-0.055013586338154674,0.011218644067438941,-0.031460554907750904,-1.24994259707283,-0.44311145213099123,-0.0005426284557416006,-0.01444116532593398,0.00017835707012014979,-0.005090753876629495,0
2018-10-23,-0.005090753876629495,-0.02421544457197633,-0.05895105933313538,0.011221381972637766,-0.033473967376859814,-1.2957334671294198,0.5747255331118393,-0.004488710498108617,-0.0005426284557416006,-0.01444116532593398,-0.03029856499160921,0
2018-10-24,-0.03029856499160921,-0.05394905121783,-0.08472483129322728,0.012777163282972799,-0.05867493489753062,-2.0344717544042825,1.0186483741044914,-0.005090753876629495,-0.004488710498108617,-0.0005426284557416006,0.017940459579632417,1
2018-10-25,0.017940459579632417,-0.022865501573479774,-0.0709007214374261,0.013641780529019555,-0.03827093298138329,-1.3018310770768338,0.27707081831792885,-0.03029856499160921,-0.005090753876629495,-0.004488710498108617,-0.0175873646312813,0
2018-10-26,-0.0175873646312813,-0.03952954369061856,-0.08733507070463864,0.013960125786190596,-0.050894707932519934,-1.6545305269974337,1.2530416380240548,0.017940459579632417,-0.03029856499160921,-0.005090753876629495,-0.005540038673838454,0
2018-10-29,-0.005540038673838454,-0.04054386634403562,-0.09553341776832847,0.013835249871574067,-0.05142447289329888,-1.6293176021658993,0.4789728774392717,-0.0175873646312813,0.017940459579632417,-0.03029856499160921,0.014818307185310964,1
2018-10-30,0.014818307185310964,-0.02134425509744231,-0.0815956125949594,0.014501702067318153,-0.03323405663352852,-1.0860935570801988,0.33857737576130437,-0.005540038673838454,-0.0175873646312813,0.017940459579632417,0.010681305140312514,1
2018-10-31,0.010681305140312514,0.020014026825301068,-0.07229506897079807,0.014847238653984756,-0.01917354329035792,-0.6755018475418787,-0.2866695904564019,0.014818307185310964,-0.005540038673838454,-0.0175873646312813,0.010641641610927843,1
2018-11-01,0.010641641610927843,0.012700341002853666,-0.05503697868413149,0.015144659356761953,-0.005866190214928735,-0.2252133636123269,-0.8471928131061582,0.010681305140312514,0.014818307185310964,-0.005540038673838454,-0.005923086192238913,0
2018-11-02,-0.005923086192238913,0.024724228244834334,-0.055346872510223744,0.015148098541776771,-0.008885206970670634,-0.3727771227494011,-0.405712411408899,0.010641641610927843,0.010681305140312514,0.014818307185310964,0.005516860249068722,1
2018-11-05,0.005516860249068722,0.03611762029296428,-0.05013535322201712,0.015250373868441783,-0.0007893811732864187,-0.03778617568717588,-1.4879312222830055,-0.005923086192238913,0.010641641610927843,0.010681305140312514,0.006327882658520245,1
2018-11-06,0.006327882658520245,0.02744899617208585,-0.04272768077457334,0.015376086173051952,0.007795089777490993,0.44982036631669237,-1.5497048903138873,0.005516860249068722,-0.005923086192238913,0.010641641610927843,0.021408885644771836,1
2018-11-07,0.021408885644771836,0.03835455241875252,0.009737615896807661,0.014557570242032298,0.028860187262048642,1.6003137807070977,-0.6543870364820857,0.006327882658520245,0.005516860249068722,-0.005923086192238913,-0.0018148044697000598,0
2018-11-08,-0.0018148044697000598,0.025556536819314024,0.030606383179232033,0.013573457662792998,0.025429274971085603,1.3413870552816547,-1.4844699859668602,0.021408885644771836,0.006327882658520245,0.005516860249068722,-0.00976858548758519,0
2018-11-09,-0.00976858548758519,0.021589261365174472,0.006558840654317333,0.013476297837804274,0.015076467212608247,0.7864960609681446,-0.5768685279395962,-0.0018148044697000598,0.021408885644771836,0.006327882658520245,-0.01868479782163257,0
2018-11-12,-0.01868479782163257,-0.002999241294180166,-0.00666879372800766,0.014087013580760074,-0.0035568482063211837,-0.18542120598455245,-0.549675803968749,-0.00976858548758519,-0.0018148044697000598,0.021408885644771836,-0.0018713763758921864,0
2018-11-13,-0.0018713763758921864,-0.011122505708298203,-0.02974329002652354,0.013091274123173974,-0.0039030746895177826,-0.2132417439002783,-0.5578602894440275,-0.01868479782163257,-0.00976858548758519,-0.0018148044697000598,-0.006836447042807392,0
2018-11-14,-0.006836447042807392,-0.038468237869123456,-0.03654823707582289,0.013139882150552114,-0.008853035799505582,-0.510590734158139,0.13309216672673885,-0.0018713763758921864,-0.01868479782163257,-0.00976858548758519,0.010436471373565182,1
2018-11-15,0.010436471373565182,-0.026666829771032075,-0.012228630683733588,0.013055244581286736,0.0021122745948471966,0.12391887198683216,0.38783422457827504,-0.006836447042807392,-0.0018713763758921864,-0.01868479782163257,0.002601005362629527,1
2018-11-16,0.002601005362629527,-0.014508325304070646,-0.00912175332226739,0.013074043005378826,0.005183629478352936,0.3089591397724304,0.18568985970130839,0.010436471373565182,-0.006836447042807392,-0.0018713763758921864,-0.016914790753634668,0
2018-11-19,-0.016914790753634668,-0.012730785094979047,-0.021490003433055405,0.01356575350604254,-0.010745381253539965,-0.6386598133937702,-0.4729226231110576,0.002601005362629527,0.010436471373565182,-0.006836447042807392,-0.018506239727433482,0
2018-11-20,-0.018506239727433482,-0.029184664978212815,-0.03468435966701722,0.014099936019580794,-0.02735614736315284,-1.5206422231158032,0.430837796255515,-0.016914790753634668,0.002601005362629527,0.010436471373565182,0.0034075991038480247,1
2018-11-21,0.0034075991038480247,-0.019171130890869525,-0.0011306428194255425,0.012411046972013978,-0.023987856562851628,-1.3277511214313777,-1.110576972342157,-0.018506239727433482,-0.016914790753634668,0.002601005362629527,-0.00667895845510591,0
2018-11-23,-0.00667895845510591,-0.0357850479047237,-0.025288816350197862,0.011742656851142569,-0.029285760940248706,-1.5160624562013492,-1.7504082086473198,0.0034075991038480247,-0.018506239727433482,-0.016914790753634668,0.01614416268823815,1
2018-11-26,0.01614416268823815,-0.022760410265139974,0.008178278571260078,0.011689535998686003,-0.01400886263690626,-0.7405418128478447,-0.7448342603286991,-0.00667895845510591,0.0034075991038480247,-0.018506239727433482,0.003364864183629912,1
2018-11-27,0.003364864183629912,-0.0026013421757630217,0.017206022254087072,0.011617850435171325,-0.011518206123348196,-0.640884088124531,-0.8088344137593984,0.01614416268823815,-0.00667895845510591,0.0034075991038480247,0.023025179079399383,1
2018-11-28,0.023025179079399383,0.03960308443614724,0.02543220368521304,0.012261759136906272,0.009975242102231885,0.5601530461280574,1.0472368325005552,0.003364864183629912,0.01614416268823815,-0.00667895845510591,-0.002184838308094017,0
2018-11-29,-0.002184838308094017,0.033808913464985046,0.0123782788108453,0.012081387782545975,0.007148109747175946,0.4005814150048943,-0.5078386920819168,0.023025179079399383,0.003364864183629912,0.01614416268823815,0.0060951489725269425,1
2018-11-30,0.0060951489725269425,0.04710369487795818,0.007823973701713172,0.011925946708491593,0.012888439087695769,0.7141024168165326,0.07827241772454754,-0.002184838308094017,0.023025179079399383,0.003364864183629912,0.013241253353119209,1
2018-12-03,0.013241253353119209,0.044112340695833696,0.02725333632516369,0.012154046342901577,0.024905043068264465,1.3141135753840305,0.3045696769156617,0.0060951489725269425,-0.002184838308094017,0.023025179079399383,-0.03240203738431535,0
2018-12-04,-0.03240203738431535,0.006892915690424939,-0.01148526234340319,0.01425630564273333,-0.007732311881289089,-0.40621653759482756,2.462067483048491,0.013241253353119209,0.0060951489725269425,-0.002184838308094017,-0.0015173299766404469,0
2018-12-06,-0.0015173299766404469,-0.017262578237918214,-0.01919160581608792,0.014166762440269678,-0.008276613509730968,-0.4355442916728032,2.5665297125720756,-0.03240203738431535,0.013241253353119209,0.0060951489725269425,-0.02323584822106095,0
2018-12-07,-0.02323584822106095,-0.03799549150842729,-0.06206173387853786,0.013987254395744036,-0.02820574862576397,-1.5128261850792661,1.2767220681586808,-0.0015173299766404469,-0.03240203738431535,0.013241253353119209,0.0018970028292635277,1
2018-12-10,0.0018970028292635277,-0.042009660070168486,-0.05857395814538102,0.014029834966434939,-0.023404235568928455,-1.319053661340704,0.9362426221551245,-0.02323584822106095,-0.0015173299766404469,-0.03240203738431535,0.00022719892763656269,1
2018-12-11,0.00022719892763656269,-0.05431407264878696,-0.04907083431054693,0.01395082271589762,-0.02071422297268044,-1.1981025015748152,0.13557364106973027,0.0018970028292635277,-0.02323584822106095,-0.0015173299766404469,0.0050351097526875055,1
2018-12-12,0.0050351097526875055,-0.01772471986435764,-0.02608540427766015,0.01349613944211063,-0.014484436376574927,-0.8292221724117232,-0.47106532325341305,0.00022719892763656269,0.0018970028292635277,-0.02323584822106095,-0.000338852433546033,0
2018-12-13,-0.000338852433546033,-0.016565371391389583,-0.02459005848712903,0.01349667860393747,-0.013593441221208868,-0.7713891102862607,-0.5026002032387256,0.0050351097526875055,0.00022719892763656269,0.0018970028292635277,-0.018464763273401297,0
2018-12-14,-0.018464763273401297,-0.011761703950261215,-0.036010509046963124,0.013995464668004476,-0.03005317594977097,-1.582527991967881,0.03289615477070037,-0.000338852433546033,0.0050351097526875055,0.00022719892763656269,-0.01961854210693692,0
2018-12-17,-0.01961854210693692,-0.03298393079223105,-0.06468397637170342,0.014230975109658489,-0.04594504468990557,-2.131890095026029,1.2068074722724373,-0.018464763273401297,-0.000338852433546033,0.0050351097526875055,-0.001096403709833993,0
2018-12-18,-0.001096403709833993,-0.03426358507582994,-0.06813325074195298,0.014174992368790816,-0.04365922793564336,-1.8708461509708392,0.42130314945523567,-0.01961854210693692,-0.018464763273401297,-0.000338852433546033,-0.014975722361557642,0
2018-12-19,-0.014975722361557642,-0.053491957376590626,-0.06629520726197935,0.014084217718781239,-0.054820179318086026,-2.0568830461470418,2.0191957598667263,-0.001096403709833993,-0.01961854210693692,-0.018464763273401297,-0.016278026957883163,0
2018-12-20,-0.016278026957883163,-0.06858362810600682,-0.06417548625469394,0.013966161139473115,-0.06723208704937,-2.1665323912110375,2.2864331457792635,-0.014975722361557642,-0.001096403709833993,-0.01961854210693692,-0.020489288803364092,0
2018-12-21,-0.020489288803364092,-0.07050477790620502,-0.08646283341627192,0.014385446006224873,-0.08237630423265374,-2.2442271264279072,1.9833181492618253,-0.016278026957883163,-0.014975722361557642,-0.001096403709833993,-0.02642294124329103,0
2018-12-24,-0.02642294124329103,-0.07695599792423014,-0.10462097296936557,0.015203375939940408,-0.10193530323724631,-2.3161826769016227,0.07479672719907364,-0.020489288803364092,-0.016278026957883163,-0.014975722361557642,0.050524598626332295,1
2018-12-26,0.050524598626332295,-0.02925524205099117,-0.0743265301043875,0.019188813789976833,-0.052973941182504425,-1.159706310434799,1.2400738530528208,-0.02642294124329103,-0.020489288803364092,-0.016278026957883163,0.007677493182906003,1
2018-12-27,0.007677493182906003,-0.00693042149611256,-0.07034783163423475,0.019296085860292314,-0.042245050466620526,-0.9086840175571987,0.5800769145536991,0.050524598626332295,-0.02642294124329103,-0.020489288803364092,-0.0012899105616172024,0
2018-12-28,-0.0012899105616172024,0.008200116237204735,-0.09244364732971977,0.018278367993133506,-0.03879792306031771,-0.8460111019942477,-0.07360359935100777,0.007677493182906003,0.050524598626332295,-0.02642294124329103,0.008758830707357168,1
2018-12-31,0.008758830707357168,0.03830489932263359,-0.08248990367277564,0.018519239516737784,-0.02613407832966419,-0.5874481476482752,-0.31862447200691374,-0.0012899105616172024,0.007677493182906003,0.050524598626332295,0.0010402600854961808,1
2019-01-02,0.0010402600854961808,0.06759397945685386,-0.08709971775884828,0.018406443122261557,-0.020565994823132372,-0.48975704872577697,-0.7209934406971631,0.008758830707357168,-0.0012899105616172024,0.007677493182906003,-0.023862597646322814,0
2019-01-03,-0.023862597646322814,-0.008001892351579443,-0.12052918575329796,0.01840609087167484,-0.037633088188548824,-0.9919255662285257,-0.4201811690857241,0.0010402600854961808,0.008758830707357168,-0.0012899105616172024,0.033495453696516186,1
2019-01-04,0.033495453696516186,0.017414342650301506,-0.060633524149169005,0.01935055951354227,-0.002195277850448485,-0.061939284079180305,-0.41378951272255216,-0.023862597646322814,0.0010402600854961808,0.008758830707357168,0.007884685669550473,1
2019-01-07,0.007884685669550473,0.026760764492163913,-0.051788164516387236,0.01950073561497556,0.008441604725454521,0.2589798050590939,-1.1426794651495906,0.033495453696516186,-0.023862597646322814,0.0010402600854961808,0.00939539604874251,1
2019-01-08,0.00939539604874251,0.027408689741166947,-0.020110781632471708,0.019031903907127466,0.01898070108954819,0.5999089782840596,-1.0593523931703757,0.007884685669550473,0.033495453696516186,-0.023862597646322814,0.004673601838750541,1
2019-01-09,0.004673601838750541,0.03113773745176962,-0.01739517371524757,0.019063060386934887,0.02467154023900453,0.8049967124350447,-1.115625511648982,0.00939539604874251,0.007884685669550473,0.033495453696516186,0.003527493122710723,1
2019-01-10,0.003527493122710723,0.0600711193261656,-0.01415302532364593,0.019085836055223928,0.029045615526665625,0.9765741437059898,-1.0330559602536005,0.004673601838750541,0.00939539604874251,0.007884685669550473,0.0003863638085694898,1
2019-01-11,0.0003863638085694898,0.026110650654677103,-0.018713017388177433,0.019042608960025683,0.030454662333648574,1.0740234770293478,-1.4152751652282156,0.003527493122710723,0.004673601838750541,0.00939539604874251,-0.006100991821985091,0
2019-01-14,-0.006100991821985091,0.011872064797850967,-0.02436924638900917,0.01907923871248085,0.02547953741147424,0.9598863886034545,-1.403630827001653,0.0003863638085694898,0.003527493122710723,0.004673601838750541,0.01146061703429857,1
2019-01-15,0.01146061703429857,0.013942353042773581,0.005376116028202871,0.01881418567260059,0.03694459697364394,1.3728104718500174,-1.0840315823377833,-0.006100991821985091,0.0003863638085694898,0.003527493122710723,0.002419877271288229,1
2019-01-16,0.002419877271288229,0.011667836436722867,0.027976401151401875,0.018213687571823848,0.03798570915924704,1.3470062852469946,-1.105614534345523,0.01146061703429857,-0.006100991821985091,0.0003863638085694898,0.007586670256958694,1
2019-01-17,0.007586670256958694,0.01575994051684071,0.03691219351461417,0.01825107570908116,0.04391727387280331,1.4679621959518652,-0.7398796722917116,0.002419877271288229,0.01146061703429857,-0.006100991821985091,0.013310133233008559,1
2019-01-18,0.013310133233008559,0.028882317767010557,0.06668805715151538,0.017962441235643452,0.05432565888406349,1.67745157397863,-0.1272602018140087,0.007586670256958694,0.002419877271288229,0.01146061703429857,-0.01351041752750981,0
2019-01-22,-0.01351041752750981,0.021212094705617357,0.06968908387160533,0.017813027108526638,0.03656937330498189,1.1160292230047772,-0.26059857235325645,0.013310133233008559,0.007586670256958694,0.002419877271288229,0.002092631502445652,1
2019-01-23,0.002092631502445652,0.011753792556191245,0.09435000219323686,0.016903318757757177,0.03410803166827692,1.08577581829183,-0.8650979680023254,-0.01351041752750981,0.013310133233008559,0.007586670256958694,0.0005313090619956107,1
2019-01-24,0.0005313090619956107,0.009847639165204924,0.12464794688636349,0.015293107358762152,0.028758865651491883,1.1104506863742687,-1.3823210489061195,0.002092631502445652,-0.01351041752750981,0.013310133233008559,0.008461287846104337,1
2019-01-25,0.008461287846104337,0.010724219347975517,0.07961671566142647,0.01118942585832193,0.033509896035388564,1.3204561385321252,-0.37770915602601995,0.0005313090619956107,0.002092631502445652,-0.01351041752750981,-0.007600213349680418,0
2019-01-28,-0.007600213349680418,-0.010132765135790756,0.06324831658420682,0.01143651209678083,0.022535650864048407,0.9204707334527483,-0.6756949537479228,0.008461287846104337,0.0005313090619956107,0.002092631502445652,-0.0013267367262467245,0
2019-01-29,-0.0013267367262467245,0.002092631502445652,0.0632091106545154,0.011437264619719344,0.018088588570597697,0.7873128155706846,-1.2874444568689192,-0.007600213349680418,0.008461287846104337,0.0005313090619956107,0.015830290366716016,1
2019-01-30,0.015830290366716016,0.015830290366716016,0.07066227002877734,0.011726052985865989,0.030687687660420515,1.3553648025298297,-0.19827579446927324,-0.0013267367262467245,-0.007600213349680418,0.008461287846104337,0.008782685988091288,1
2019-01-31,0.008782685988091288,0.024207837918545305,0.07894317902208225,0.011768828816840184,0.03579998082440228,1.5896479574808593,0.34384951164920163,0.015830290366716016,-0.0013267367262467245,-0.007600213349680418,0.00048163584816496297,1
2019-02-01,0.00048163584816496297,0.016103588188139284,0.1058513218860535,0.0098522288939948,0.03118450332541456,1.693544767913034,-0.366592859710861,0.008782685988091288,0.015830290366716016,-0.0013267367262467245,0.007035306832829047,1
2019-02-04,0.007035306832829047,0.03108868267575815,0.07753867834045369,0.007276932159105755,0.034573770429362716,1.9021656850133666,-1.5960678143351275,0.00048163584816496297,0.008782685988091288,0.015830290366716016,0.00419179459422514,1
2019-02-05,0.00419179459422514,0.03678633715273638,0.07359057492630372,0.007213501774122762,0.03522439941435862,1.912094377975758,-0.47545676168728135,0.007035306832829047,0.00048163584816496297,0.008782685988091288,-0.0013180247678482582,0
2019-02-06,-0.0013180247678482582,0.019284261259441937,0.06219580568232397,0.0071565990175567655,0.030740071597925578,1.641990486453406,-1.4880949267109496,0.00419179459422514,0.007035306832829047,0.00048163584816496297,-0.009533034350205805,0
2019-02-07,-0.009533034350205805,0.0007778715941892944,0.04717577395744721,0.007672940202489233,0.01857164970502767,1.0172596343704963,0.5313576206176676,-0.0013180247678482582,0.00419179459422514,0.007035306832829047,0.0012214015001315026,1
2019-02-08,0.0012214015001315026,0.001517856285688346,0.044769379218647654,0.0076714109584979815,0.017592290840391156,0.9872579818241722,-0.4843071404402596,-0.009533034350205805,-0.0013180247678482582,0.00419179459422514,0.0005549638743742591,1
2019-02-11,0.0005549638743742591,-0.00492698149081372,0.04494545937373573,0.007669382169918408,0.015932469680477235,0.9292723683031221,-0.8815133562780941,0.0012214015001315026,-0.009533034350205805,-0.0013180247678482582,0.012859070467035494,1
2019-02-12,0.012859070467035494,0.00366158934937566,0.06487930661106667,0.007756902464089578,0.025780948041479457,1.5794575235563892,-0.6578342476545354,0.0005549638743742591,0.0012214015001315026,-0.009533034350205805,0.0032470413584417823,1
2019-02-13,0.0032470413584417823,0.008249417744628396,0.05623194395235087,0.007508687763014153,0.026300248679378635,1.6096359265264062,-0.9568658844997107,0.012859070467035494,0.0005549638743742591,0.0012214015001315026,-0.0022182269629140716,0
2019-02-14,-0.0022182269629140716,0.015695552290178272,0.05134485625325147,0.0075911079709286506,0.02146946860724186,1.347245696772752,-0.025662745174246018,0.0032470413584417823,0.012859070467035494,0.0005549638743742591,0.010897280842624424,1
2019-02-15,0.010897280842624424,0.025511310920528718,0.05479924237510225,0.007741686915232772,0.029838373963674947,1.7911570408642559,0.7022402040277123,-0.0022182269629140716,0.0032470413584417823,0.012859070467035494,0.0017305993856131519,1
2019-02-19,0.0017305993856131519,0.026716269726216657,0.04274559450490867,0.007328350744918688,0.02944387598451992,1.6508883050610588,-1.2747948996892502,0.010897280842624424,-0.0022182269629140716,0.0032470413584417823,0.002015524053442741,1
2019-02-20,0.002015524053442741,0.015724369817344597,0.05915692562459696,0.006341266101489815,0.028555822452162705,1.5865884469756164,-0.12284055952838474,0.0017305993856131519,0.010897280842624424,-0.0022182269629140716,-0.0035558513727644847,0
2019-02-21,-0.0035558513727644847,0.008836869882150822,0.05318678916367814,0.006502698007778175,0.022252932025739858,1.2640075914654723,-0.8928540458587921,0.002015524053442741,0.0017305993856131519,0.010897280842624424,0.006200062566279918,1
2019-02-22,0.006200062566279918,0.017348431315612922,0.05915387509858472,0.006530605907500838,0.025644956321934975,1.483746860377633,-0.008843163944415396,-0.0035558513727644847,0.002015524053442741,0.0017305993856131519,0.0013614261293115604,1
2019-02-25,0.0013614261293115604,0.0077517225127599065,0.051697122776374727,0.006404010716416977,0.024455307513064684,1.4117665832373592,-0.5816160159782865,0.006200062566279918,-0.0035558513727644847,0.002015524053442741,-0.0007154855855741049,0
2019-02-26,-0.0007154855855741049,0.005290934807324454,0.05899322307588095,0.006002546640603286,0.020811562467869305,1.2875807859928905,-1.3280312711482818,0.0013614261293115604,0.006200062566279918,-0.0035558513727644847,-0.0004299651185377673,0
2019-02-27,-0.0004299651185377673,0.0028374517656479803,0.05994415977373291,0.005972688159254269,0.01743702636819422,1.2335351752392165,-1.2479419003100019,-0.0007154855855741049,0.0013614261293115604,0.006200062566279918,-0.0018623952314862358,0
2019-02-28,-0.0018623952314862358,0.004541773321187437,0.041483144239575775,0.005225208062207514,0.013492373597862262,1.0203104338785411,-0.32544348996202205,-0.0004299651185377673,-0.0007154855855741049,0.0013614261293115604,0.00624376423846873,1
2019-03-01,0.00624376423846873,0.004585402969913277,0.03886192140981937,0.005081834106640817,0.017878796964182264,1.3578456904094032,0.5285676655609253,-0.0018623952314862358,-0.0004299651185377673,-0.0007154855855741049,-0.003637296381383437,0
2019-03-04,-0.003637296381383437,-0.0004294133957940538,0.03458497948822381,0.0052246628126273115,0.01246021099951089,0.985372302147702,2.359922713663325,0.00624376423846873,-0.0018623952314862358,-0.0004299651185377673,-0.001360037141870829,0
2019-03-05,-0.001360037141870829,-0.0010741494723873757,0.025959962356323585,0.005110674669239617,0.009791525669854195,0.7911199678630275,-1.0236876465795355,-0.003637296381383437,0.00624376423846873,-0.0018623952314862358,-0.0060569170475622824,0
2019-03-06,-0.0060569170475622824,-0.006697475047813817,0.015489086307731936,0.005314631269628985,0.002907631901259311,0.24069301243401484,0.12752199331496122,-0.001360037141870829,-0.003637296381383437,0.00624376423846873,-0.0083656040253699,0
2019-03-07,-0.0083656040253699,-0.013169181638563954,0.008322901277469041,0.005682145122625981,-0.00589032607070572,-0.5025875294984727,1.3843391133485456,-0.0060569170475622824,-0.001360037141870829,-0.003637296381383437,-0.0020001166031757833,0
2019-03-08,-0.0020001166031757833,-0.021254017506929457,0.015991620923042182,0.005217670546279714,-0.008652700583951067,-0.822173528807391,0.8154683091513095,-0.0083656040253699,-0.0060569170475622824,-0.001360037141870829,0.01450131913790309,1
2019-03-11,0.01450131913790309,-0.003436111434159117,0.02946744657589817,0.006051605966393101,0.004277596338414291,0.47219124094471016,-0.6457548094003871,-0.0020001166031757833,-0.0083656040253699,-0.0060569170475622824,0.0037710998735003276,1
2019-03-12,0.0037710998735003276,0.0016843584518719812,0.03277651747595178,0.006068704920257573,0.006454889151521481,0.8909011201744012,0.36200384822093207,0.01450131913790309,-0.0020001166031757833,-0.0083656040253699,0.00661912117326624,1
2019-03-13,0.00661912117326624,0.014459123356141301,0.026413862207560035,0.005603676656706188,0.011797773019358804,1.6553357680291774,0.40044641679259435,0.0037710998735003276,0.01450131913790309,-0.0020001166031757833,-0.0006398018596753818,0
2019-03-14,-0.0006398018596753818,0.022362752479988313,0.022437264625073228,0.005600699721196558,0.010029816242901779,1.4252868994710626,-0.5534999979659743,0.00661912117326624,0.0037710998735003276,0.01450131913790309,0.004940360173398828,1
2019-03-15,0.004940360173398828,0.029472658061010293,0.029772742630402638,0.005604544781499806,0.013532560650467484,1.949543761426407,0.4515542598734272,-0.0006398018596753818,0.00661912117326624,0.0037710998735003276,0.0036258868143539402,1
2019-03-18,0.0036258868143539402,0.018436733306175235,0.022365577220879507,0.005181571726099257,0.016076990250611045,2.058640970553975,-0.8538949833089527,0.004940360173398828,-0.0006398018596753818,0.00661912117326624,0.0002485396491116454,1
2019-03-19,0.0002485396491116454,0.014862706590071495,0.020852988048787102,0.005182966492704129,0.015275639747898362,1.7915102827259501,1.1719491822770323,0.0036258868143539402,0.004940360173398828,-0.0006398018596753818,-0.003010058303304919,0
2019-03-20,-0.003010058303304919,0.005154670114026372,0.015732926889637344,0.005254773642503638,0.011426717776223061,1.2842863228254426,0.7006481877141171,0.0002485396491116454,0.0036258868143539402,0.004940360173398828,0.011294278472333108,1
2019-03-21,0.011294278472333108,0.017157946411758163,0.030870519772321803,0.0056426547131269485,0.021285936094253666,2.121401870713603,0.2670647744247206,-0.003010058303304919,0.0002485396491116454,0.0036258868143539402,-0.01924606420647057,0
2019-03-22,-0.01924606420647057,-0.007322524995546309,0.0048004936330718895,0.007191873169330581,0.0013906013007598528,0.13893037198336666,2.654435803771463,0.011294278472333108,-0.003010058303304919,0.0002485396491116454,-0.0007518964800796724,0
2019-03-25,-0.0007518964800796724,-0.011652551675735867,0.0026799130457706433,0.007190427053517139,0.0005038691231387116,0.05040092944112583,0.38806496481276803,-0.01924606420647057,0.011294278472333108,-0.003010058303304919,0.007454086809094429,1
2019-03-26,0.007454086809094429,-0.004532737082607374,0.010877244256399354,0.007368025729024945,0.007415396867167301,0.7327189856680858,-0.7209673774399273,-0.0007518964800796724,-0.01924606420647057,0.011294278472333108,-0.005229109567732482,0
2019-03-27,-0.005229109567732482,-0.006748399243364789,0.006023811534033197,0.007479504638349626,0.0018469271807093346,0.18311763999870212,-0.5398603237337406,0.007454086809094429,-0.0007518964800796724,-0.01924606420647057,0.003790419174767301,1
2019-03-28,0.003790419174767301,-0.014118380877611414,0.011721288382621431,0.007499197794131118,0.0050588557750927965,0.5032986516372246,-1.4730083073907407,-0.005229109567732482,0.007454086809094429,-0.0007518964800796724,0.006305367675180973,1
2019-03-29,0.006305367675180973,0.011566641751429962,0.011783227159858356,0.007501645983276403,0.010800824455867275,1.0423706268035968,0.13918071609666316,0.003790419174767301,-0.005229109567732482,0.007454086809094429,0.011858997789581105,1
2019-04-01,0.011858997789581105,0.024333000697628115,0.027519354644733207,0.007832556212980102,0.02138898239146192,1.8670026704445177,-0.06097991627631809,0.006305367675180973,0.003790419174767301,-0.005229109567732482,0.0004899230679380473,1
2019-04-02,0.0004899230679380473,0.017252159162781888,0.02942281334015817,0.007809290654137323,0.020399219213228292,1.6602814739902303,-2.2649275882403934,0.011858997789581105,0.006305367675180973,0.003790419174767301,0.00157404097281022,1
2019-04-03,0.00157404097281022,0.02420905712093324,0.03732616556278079,0.00760542627414774,0.020129612367687733,1.5873484263977518,-0.5384969806223596,0.0004899230679380473,0.011858997789581105,0.006305367675180973,0.0026530351122491247,1
2019-04-04,0.0026530351122491247,0.02304853692069675,0.04885251310855376,0.007214638437529176,0.020405408524371005,1.6705869250526098,-1.5018976973758145,0.00157404097281022,0.0004899230679380473,0.011858997789581105,0.00484048217484867,1
2019-04-05,0.00484048217484867,0.02155927827614268,0.056041671483079813,0.007156350735563202,0.02256264540919517,1.9786351701821687,-0.8574525821404136,0.0026530351122491247,0.00157404097281022,0.0004899230679380473,0.0007622155756563664,1
2019-04-08,0.0007622155756563664,0.010356115726411597,0.04173999871356249,0.006607798774273582,0.021248354552269477,1.813358019089831,-1.0845396564795033,0.00484048217484867,0.0026530351122491247,0.00157404097281022,-0.005124806533407966,0
2019-04-09,-0.005124806533407966,0.004686017247583996,0.03250759350678112,0.006784145889105126,0.014392218770944432,1.2421377040975068,-0.3449476198961115,0.0007622155756563664,0.00484048217484867,0.0026530351122491247,0.0034112033251429974,1
2019-04-10,0.0034112033251429974,0.006528887820596907,0.029217173656945095,0.006697165082373079,0.016384118465367248,1.3749247622207443,-1.0002039125877487,-0.005124806533407966,0.0007622155756563664,0.00484048217484867,-0.0002779204294607318,0
2019-04-11,-0.0002779204294607318,0.0035866023855175566,0.029589866689444744,0.006691673262054303,0.014620186341095298,1.2185701607558843,-0.8155437598454661,0.0034112033251429974,-0.005124806533407966,0.0007622155756563664,0.006766221029729902,1
2019-04-12,0.006766221029729902,0.005509938227111988,0.031460512859272205,0.006753529454930768,0.01989652269833786,1.571648572365603,0.0006403346265640576,-0.0002779204294607318,0.0034112033251429974,-0.005124806533407966,-0.0006547975921615823,0
2019-04-15,-0.0006547975921615823,0.004086202597744837,0.027061107671201512,0.006752834872422709,0.017861976049310613,1.3529477790103468,-1.029096285243747,0.006766221029729902,-0.0002779204294607318,0.0034112033251429974,0.0006552266329831191,1
2019-04-16,0.0006552266329831191,0.00991974995227074,0.027478696268008695,0.006749930812464522,0.01714359007790489,1.2573105554354562,-0.8074960035363923,-0.0006547975921615823,0.006766221029729902,-0.0002779204294607318,-0.002446887534241049,0
2019-04-17,-0.002446887534241049,0.004023661054417538,0.02805908925230427,0.006731811974841295,0.013251742862262939,0.9723459317340799,-0.4163956222548153,0.0006552266329831191,-0.0006547975921615823,0.006766221029729902,0.001969093874183203,1
2019-04-18,0.001969093874183203,0.006280343760230567,0.018579315669914775,0.00632132302733217,0.01430775615224178,1.0216033066822212,0.18851045727229504,-0.002446887534241049,0.0006552266329831191,-0.0006547975921615823,0.0008619301496959331,1
2019-04-22,0.0008619301496959331,0.00037890236071280725,0.03946282822418956,0.004177244478870495,0.013229473914111667,1.000126319658881,-1.636162205686994,0.001969093874183203,-0.002446887534241049,0.0006552266329831191,0.008991573580956036,1
2019-04-23,0.008991573580956036,0.0100352515208193,0.049598424089405846,0.004407921071719077,0.019876472509799292,1.5771301292719773,-0.6260999318746423,0.0008619301496959331,0.001969093874183203,-0.002446887534241049,-0.0022192509027991747,0
2019-04-24,-0.0022192509027991747,0.007133828969303702,0.0395204263413933,0.004358353504982521,0.015648462923361972,1.2894490366293294,-0.7100838945162179,0.008991573580956036,0.0008619301496959331,0.001969093874183203,-0.0006162219319452156,0
2019-04-25,-0.0006162219319452156,0.008982076681192552,0.04434082364889269,0.004071093436633827,0.01284012890042141,1.2116406407179772,-0.013367129452264634,-0.0022192509027991747,0.008991573580956036,0.0008619301496959331,0.004656611938887334,1
2019-04-26,0.004656611938887334,0.011688405224280496,0.04524200824623459,0.004093677766795897,0.015320609705598232,1.6509467008187053,-0.597578582475381,-0.0006162219319452156,-0.0022192509027991747,0.008991573580956036,0.001568160881939118,1
2019-04-29,0.001568160881939118,0.012402275361309778,0.04032150627824338,0.003980511145708767,0.014912696399385084,1.7803961408215119,0.0818765780092238,0.004656611938887334,-0.0006162219319452156,-0.0022192509027991747,0.000510382811379495,1
2019-04-30,0.000510382811379495,0.003892415558993223,0.02865366693097715,0.0032387895061138177,0.013996628716224313,1.6531394300876354,2.426344084452334,0.001568160881939118,0.004656611938887334,-0.0006162219319452156,-0.00751633552796116,0
2019-05-01,-0.00751633552796116,-0.0014371150864773696,0.020422032535485135,0.003804910863399578,0.005362644076004841,0.6774783559386347,1.3702546739274486,0.000510382811379495,0.001568160881939118,0.004656611938887334,-0.002158949625439832,0
2019-05-02,-0.002158949625439832,-0.0029785755844954354,0.016618793136426335,0.003867258859765363,0.0023702080040051143,0.3249074884258585,0.7238874400695837,-0.00751633552796116,0.000510382811379495,0.001568160881939118,0.009787558311556976,1
2019-05-03,0.009787558311556976,0.0021133766311038915,0.023852691713985852,0.004343812053795752,0.01098896966604146,1.5151873360332841,-0.19309771530275624,-0.002158949625439832,-0.00751633552796116,0.000510382811379495,-0.0041153794039739955,0
2019-05-06,-0.0041153794039739955,-0.0035732575587451576,0.014727379640322669,0.004408634537413042,0.006093277696073596,0.8513337195231889,3.2068811961218606,0.009787558311556976,-0.002158949625439832,-0.00751633552796116,-0.016699004756993374,0
2019-05-07,-0.016699004756993374,-0.0207124040271488,-0.0029775037752447497,0.00588564536807705,-0.01056131791154058,-1.436004671991613,3.3678277921564646,-0.0041153794039739955,0.009787558311556976,-0.002158949625439832,-0.0013895699446165866,0
2019-05-08,-0.0013895699446165866,-0.01466709995416493,0.0007657948135666448,0.005777158752673901,-0.011973563276833077,-1.6430629542647017,1.0267098509438237,-0.016699004756993374,-0.0041153794039739955,0.009787558311556976,-0.0030257523834813504,0
2019-05-09,-0.0030257523834813504,-0.015523037154812402,-0.005654190407421433,0.005759570473080957,-0.01468713710208458,-1.8925152886215109,1.3513239180156191,-0.0013895699446165866,-0.016699004756993374,-0.0041153794039739955,0.005023549629101565,1
2019-05-10,0.005023549629101565,-0.02016763468433025,-0.0003812304067015715,0.005879813648267724,-0.009718669443736783,-1.2483544112576084,1.501522717008427,-0.0030257523834813504,-0.0013895699446165866,-0.016699004756993374,-0.025130660999119758,0
2019-05-13,-0.025130660999119758,-0.04084417958450426,-0.032051663225682314,0.007919344827464031,-0.033059579243313264,-3.0058262177752244,1.7703330156330792,0.005023549629101565,-0.0030257523834813504,-0.0013895699446165866,0.009043595404798044,1
2019-05-14,0.009043595404798044,-0.01573369470015895,-0.02265796888645677,0.008269297911364274,-0.023210233834301208,-1.8892776359529924,0.024507051899558485,-0.025130660999119758,0.005023549629101565,-0.0030257523834813504,0.005857758838426541,1
2019-05-15,0.005857758838426541,-0.00859046716128431,-0.017576644912653427,0.00840848874439023,-0.016624134931538026,-1.2883315411228582,-0.12056657808332956,0.009043595404798044,-0.025130660999119758,0.005023549629101565,0.009261237332953254,1
2019-05-16,0.009261237332953254,0.0036279414524655884,-0.006046095641568328,0.008694341776338774,-0.007217178757752185,-0.5545637676706877,-0.055500698067473854,0.005857758838426541,0.009043595404798044,-0.025130660999119758,-0.006465015509992789,0
2019-05-17,-0.006465015509992789,-0.007844670293843281,-0.014412736891722955,0.008784252794434889,-0.012923650582873925,-0.9664139229744231,0.7208544538556988,0.009261237332953254,0.005857758838426541,0.009043595404798044,-0.00661194488293293,0
2019-05-20,-0.00661194488293293,0.011002412242181903,-0.021772549285746456,0.0088733380786633,-0.018378988403960683,-1.3073815216196663,-0.6686379875732915,-0.006465015509992789,0.009261237332953254,0.005857758838426541,0.009015449819470334,1
2019-05-21,0.009015449819470334,0.010974212018931118,-0.02174940103302958,0.008874763413901423,-0.008437468972827933,-0.6068093549467768,-1.234479991619777,-0.00661194488293293,-0.006465015509992789,0.009261237332953254,-0.003071258095571072,0
2019-05-22,-0.003071258095571072,0.0019997762404802,-0.02258473138732575,0.00888265625845174,-0.010352573773077522,-0.7460545858548379,-1.1346605477393512,0.009015449819470334,-0.00661194488293293,-0.006465015509992789,-0.012219011256375478,0
2019-05-23,-0.012219011256375478,-0.019325925653088993,-0.03393246755542467,0.009221568711955763,-0.020763936591535637,-1.4354347910281602,0.5863223507197858,-0.003071258095571072,0.009015449819470334,-0.00661194488293293,0.0022686987527151814,1
2019-05-24,0.0022686987527151814,-0.01070526580326181,-0.036228660475516095,0.009150337818262787,-0.016728528744361038,-1.1632884659584342,-1.0263643486403775,-0.012219011256375478,-0.003071258095571072,0.009015449819470334,-0.009300596020051177,0
2019-05-28,-0.009300596020051177,-0.013382838176255185,-0.046687256113354,0.00926163744092771,-0.02354437150423294,-1.6171820671896526,-0.5127715524111551,0.0022686987527151814,-0.012219011256375478,-0.003071258095571072,-0.00671089719424145,0
2019-05-29,-0.00671089719424145,-0.02876008919783235,-0.05356788261638756,0.009285120194530714,-0.027427733154232414,-1.846879676145029,0.7491471761299251,-0.009300596020051177,0.0022686987527151814,-0.012219011256375478,0.0027311047578721936,1
2019-05-30,0.0027311047578721936,-0.023107241463244388,-0.0437959267095438,0.00928854810901492,-0.022588621060923075,-1.4967029238650496,-0.8018041058411454,-0.00671089719424145,-0.009300596020051177,0.0022686987527151814,-0.013474880552036606,0
2019-05-31,-0.013474880552036606,-0.024349267412903997,-0.054639677065398184,0.00962476794376742,-0.03306471249251253,-2.022020144164437,0.05283185592419806,0.0027311047578721936,-0.00671089719424145,-0.009300596020051177,-0.002543278612794353,0
2019-06-03,-0.002543278612794353,-0.029033449656342802,-0.06618377253469687,0.00916245032612437,-0.03221616918968395,-1.9730662680797997,0.34501831426395285,-0.013474880552036606,0.0027311047578721936,-0.00671089719424145,0.02170685149404994,1
2019-06-04,0.02170685149404994,0.0013563882973077757,-0.041970909173578486,0.010737086211975631,-0.009062327982695018,-0.6181303519411764,-0.33862114568142637,-0.002543278612794353,-0.013474880552036606,0.0027311047578721936,0.008662080023962515,1
2019-06-05,0.008662080023962515,0.016854221607986775,-0.0172616318387514,0.010413230510547648,0.0003994250726184756,0.028304421543771476,-0.5080413882996945,0.02170685149404994,-0.002543278612794353,-0.013474880552036606,0.006502556052414787,1
2019-06-06,0.006502556052414787,0.02067879247474025,-0.009494944459754628,0.010539228689390844,0.007390752725198402,0.5402363959706077,-0.5354245670464205,0.008662080023962515,0.02170685149404994,-0.002543278612794353,0.010007057604025649,1
2019-06-07,0.010007057604025649,0.04497367945694686,0.0034532978959360694,0.010770273820544895,0.017293665230491584,1.245298806304521,-0.2546460546144074,0.006502556052414787,0.008662080023962515,0.02170685149404994,0.004588866425778049,1
2019-06-10,0.004588866425778049,0.05244558644155517,0.003019293842920545,0.010760520548397257,0.02180472031950975,1.5442193785083025,-0.8067425518356757,0.010007057604025649,0.006502556052414787,0.008662080023962515,-0.0002422409438205264,0
2019-06-11,-0.0002422409438205264,0.02983614085659614,0.028626382413699414,0.008965653158822078,0.020107132993708143,1.3599425933858167,-0.8955893891915835,0.004588866425778049,0.010007057604025649,0.006502556052414787,-0.001765107605845584,0
2019-06-12,-0.001765107605845584,0.019190063363116794,0.017607911926344366,0.008808235521016058,0.0174101957340993,1.1357477047282332,-1.4107620744765534,-0.0002422409438205264,0.004588866425778049,0.010007057604025649,0.004126259586198611,1
2019-06-13,0.004126259586198611,0.016783812398915243,0.015856185777115783,0.008765449235428045,0.020794416518411518,1.2976370804403539,-1.187526729241665,-0.001765107605845584,-0.0002422409438205264,0.004588866425778049,-0.0011049705612901084,0
2019-06-14,-0.0011049705612901084,0.0055972268435462436,0.0054222406072341744,0.008543927859046401,0.01938618546407156,1.1878363782948955,-0.9193425136868064,0.004126259586198611,-0.001765107605845584,-0.0002422409438205264,0.00038043359566808377,1
2019-06-17,0.00038043359566808377,0.0013845697807890467,0.012349592824538735,0.008394249670008489,0.01914008079715579,1.1370560249411987,-1.4725289585999854,-0.0011049705612901084,0.004126259586198611,-0.001765107605845584,0.010470621624495635,1
2019-06-18,0.010470621624495635,0.012114864371572276,0.029758227002403492,0.008485333613902505,0.02828104135921561,1.5643755883706525,0.9250953931363697,0.00038043359566808377,-0.0011049705612901084,0.004126259586198611,0.0022572768225421758,1
2019-06-19,0.0022572768225421758,0.01619317810434895,0.022861123252072124,0.008302958977168368,0.029416570221884486,1.5275539901073782,0.5009483756579274,0.010470621624495635,0.00038043359566808377,-0.0011049705612901084,0.00955463877237217,1
2019-06-20,0.00955463877237217,0.02168679192481271,0.03581544838040451,0.008442846071739242,0.0373883832740749,1.7696921153103564,2.1164414837800356,0.0022572768225421758,0.010470621624495635,0.00038043359566808377,-0.0014539220364873096,0
2019-06-21,-0.0014539220364873096,0.021329878432679417,0.047104029396056735,0.007822790106691268,0.033472156769476236,1.4968978862853781,0.5684005615564591,0.00955463877237217,0.0022572768225421758,0.010470621624495635,-0.0012241534394941134,0
2019-06-24,-0.0012241534394941134,0.019691688973428878,0.04345492850215593,0.007863186222865741,0.029993237696809727,1.2891506918851667,-1.1774790297391593,-0.0014539220364873096,0.00955463877237217,0.0022572768225421758,-0.009808223391294835,0
2019-06-25,-0.009808223391294835,-0.0007722109975948355,0.04292026957308148,0.007902840395501607,0.017754947050900194,0.7715163549208105,0.48055203046845685,-0.0012241534394941134,-0.0014539220364873096,0.00955463877237217,-0.000997396307401699,0
2019-06-26,-0.000997396307401699,-0.004017046341539432,0.048919254026124515,0.0076660408277442575,0.014334931092221836,0.6498538415492797,-0.9209802699418571,-0.009808223391294835,-0.0012241534394941134,-0.0014539220364873096,0.003545688307571737,1
2019-06-27,0.003545688307571737,-0.009945217044213805,0.04977135920690379,0.007669951007983378,0.01548100069602687,0.7323871989562591,-1.369135242136226,-0.000997396307401699,-0.009808223391294835,-0.0012241534394941134,0.005146163353292099,1
2019-06-28,0.005146163353292099,-0.0034012565277453666,0.06958620039542507,0.006703160156321783,0.017328986341088815,0.9322184045241726,-0.3817027528601669,0.003545688307571737,-0.000997396307401699,-0.009808223391294835,0.009078438897957897,1
2019-07-01,0.009078438897957897,0.006878878512934783,0.08204832372154502,0.006665328194156471,0.02258478515075457,1.500340634245403,0.658197990980077,0.005146163353292099,0.003545688307571737,-0.000997396307401699,0.0026040973005712065,1
2019-07-02,0.0026040973005712065,0.019500376522918472,0.061817370857431,0.005197106935969721,0.02219703318961508,1.6222464223157964,-0.2030016174617399,0.009078438897957897,0.005146163353292099,0.003545688307571737,0.007995190046963918,1
2019-07-03,0.007995190046963918,0.02867747490114403,0.06111533657255808,0.005160991901824715,0.02732139747817297,2.0294750688560583,-1.1674818484439278,0.0026040973005712065,0.009078438897957897,0.005146163353292099,-0.0011379746788190426,0
2019-07-05,-0.0011379746788190426,0.023876518980289196,0.05306023100952362,0.005169537067185948,0.02350634110485239,1.7772875557024475,-0.5697803735972687,0.007995190046963918,0.0026040973005712065,0.009078438897957897,-0.005494661676674117,0
2019-07-08,-0.005494661676674117,0.013037407925620803,0.0368977260409904,0.005162792962826752,0.016042412611896983,1.2304405464314285,-0.7863936000137193,-0.0011379746788190426,0.007995190046963918,0.0026040973005712065,0.0012465712742242285,1
2019-07-09,0.0012465712742242285,0.00517481313524093,0.03344793841320781,0.005122589939636569,0.015636959342253842,1.2010349291422089,-0.950043102497031,-0.005494661676674117,-0.0011379746788190426,0.007995190046963918,0.004777976112962712,1
2019-07-10,0.004777976112962712,0.007354265857315134,0.03863732846367096,0.0051474696601867325,0.018556314793758855,1.4186437913502885,-0.10181701683653853,0.0012465712742242285,-0.005494661676674117,-0.0011379746788190426,0.0023445195200804125,1
2019-07-11,0.0023445195200804125,0.0017071882557393447,0.042913288131656735,0.005074557946900352,0.018804375975691512,1.461758940808447,-0.4860807612614484,0.004777976112962712,0.0012465712742242285,-0.005494661676674117,0.0044769500592805045,1
2019-07-12,0.0044769500592805045,0.007338106569868552,0.043277524950390056,0.005082471901848072,0.021197941566666767,1.627789103375912,-0.9642297559391872,0.0023445195200804125,0.004777976112962712,0.0012465712742242285,0.00033254622482470353,1
2019-07-15,0.00033254622482470353,0.013240506836498911,0.04477891289456193,0.0050442940307589895,0.019306133540476278,1.5158971977292235,-1.1860937960150923,0.0044769500592805045,0.0023445195200804125,0.004777976112962712,-0.0032251205388379445,0
2019-07-16,-0.0032251205388379445,0.008715248614323157,0.04101333851653055,0.005175643497324847,0.01398931905237566,1.1798516072147769,-1.0455562374368685,0.00033254622482470353,0.0044769500592805045,0.0023445195200804125,-0.0068051862245631645,0
2019-07-17,-0.0068051862245631645,-0.002913302921248917,0.02321534813497328,0.005133280480736742,0.005939673890570374,0.523998786004124,-0.9745872107711049,-0.0032251205388379445,0.00033254622482470353,0.0044769500592805045,0.0036607261649230782,1
2019-07-18,0.0036607261649230782,-0.0016040004702236876,0.024648144823670615,0.005158590431727092,0.008397611518511594,0.7659591569346561,-0.1941869855143413,-0.0068051862245631645,-0.0032251205388379445,0.00033254622482470353,-0.005554704108230224,0
2019-07-19,-0.005554704108230224,-0.011574924530669106,0.009312907326332054,0.00497865719945658,0.002332543118860997,0.21465363744939964,0.41430668390971276,0.0036607261649230782,-0.0068051862245631645,-0.0032251205388379445,0.0024563113587339203,1
2019-07-22,0.0024563113587339203,-0.009476439661126879,0.013265302837718318,0.004975682648246916,0.004134144456276578,0.3854996882200546,-0.5255991823704631,-0.005554704108230224,0.0036607261649230782,-0.0068051862245631645,0.00715016642951527,1
2019-07-23,0.00715016642951527,0.0008337782217580081,0.021761110768349523,0.005156877600845929,0.010225927638615628,0.9545142943897681,-0.441612815879074,0.0024563113587339203,-0.005554704108230224,0.0036607261649230782,0.004699628013239199,1
2019-07-24,0.004699628013239199,0.0124270794972543,0.03673150207651399,0.004524902394056541,0.013151935227543099,1.3176319332092834,-0.1309994258404547,0.00715016642951527,0.0024563113587339203,-0.005554704108230224,-0.004776878124797768,0
2019-07-25,-0.004776878124797768,0.003915777972448131,0.03280928220727963,0.00472311853538572,0.006699947397006412,0.7966519114095889,0.6005086251523158,0.004699628013239199,0.00715016642951527,0.0024563113587339203,0.006699696646208286,1
2019-07-26,0.006699696646208286,0.01628688206213691,0.03605526206276255,0.00484175256497001,0.011660549370024142,1.6213914749075111,-0.3684124443217706,-0.004776878124797768,0.004699628013239199,0.00715016642951527,-0.0018208800211297893,0
2019-07-29,-0.0018208800211297893,0.011950679633990102,0.028873976183892536,0.004837729787810605,0.008389588778326074,1.388206617721869,-0.9163817709431996,0.006699696646208286,-0.004776878124797768,0.004699628013239199,-0.002454992000197387,0
2019-07-30,-0.002454992000197387,0.0022997388657446383,0.017114288879318984,0.00455802581929207,0.005063423809488876,0.9068536213779537,-0.06363194829168317,-0.0018208800211297893,0.006699696646208286,-0.004776878124797768,-0.01094033836292696,0
2019-07-31,-0.01094033836292696,-0.013302868896437059,0.0033738313196083336,0.005240202241064468,-0.006098417890108121,-1.1431137706952303,3.730293080478517,-0.002454992000197387,-0.0018208800211297893,0.006699696646208286,-0.008707873883049055,0
2019-08-01,-0.008707873883049055,-0.01720018815258384,-0.013252654020517673,0.00526033574844303,-0.014100891978229058,-2.2468421810846517,3.467777171928869,-0.01094033836292696,-0.002454992000197387,-0.0018208800211297893,-0.007529539350071279,0
2019-08-02,-0.007529539350071279,-0.03109161029810059,-0.019566698719520437,0.005480836757035811,-0.02056795871678474,-2.5979366688194934,2.0450569872531963,-0.008707873883049055,-0.01094033836292696,-0.002454992000197387,-0.03007336242665115,0
2019-08-05,-0.03007336242665115,-0.05851561334997202,-0.04379761613029298,0.008481929429250981,-0.04795147380417886,-3.4973865135643276,2.8927718700840095,-0.007529539350071279,-0.008707873883049055,-0.01094033836292696,0.014023223097672899,1
2019-08-06,0.014023223097672899,-0.04296345068052709,-0.03159576168008793,0.009205625633753468,-0.03307789277485573,-2.09766683012575,1.2850901046790248,-0.03007336242665115,-0.007529539350071279,-0.008707873883049055,0.0005906169533724803,1
2019-08-07,0.0005906169533724803,-0.0318058369244445,-0.035631535208088705,0.009100832020289246,-0.030774467529566474,-1.772531087199367,1.5522044945617648,0.014023223097672899,-0.03007336242665115,-0.007529539350071279,0.019619937149157662,1
2019-08-08,0.019619937149157662,-0.004138088365273407,-0.019010635254877895,0.01025837269889594,-0.010811116874507087,-0.6185820124252301,0.3227338956385214,0.0005906169533724803,0.014023223097672899,-0.03007336242665115,-0.0068114321919398035,0
2019-08-09,-0.0068114321919398035,-0.0034175273051618715,-0.030035062378836463,0.01025698712740504,-0.016052241831394864,-0.9095769971084933,0.40271018819488313,0.019619937149157662,0.0005906169533724803,0.014023223097672899,-0.012173264183558352,0
2019-08-12,-0.012173264183558352,0.014974507182325736,-0.04216122748107942,0.010518946520464712,-0.025946439570404878,-1.4113484798339004,-0.28368919409005977,-0.0068114321919398035,0.019619937149157662,0.0005906169533724803,0.015551907568545742,1
2019-08-13,0.015551907568545742,0.016504625755667357,-0.024117669276991993,0.011227225809587028,-0.009587425424196883,-0.5249534825878422,0.3290324090444171,-0.012173264183558352,-0.0068114321919398035,0.019619937149157662,-0.029567924334507723,0
2019-08-14,-0.029567924334507723,-0.014133575528406994,-0.046483627709586695,0.01286407661887942,-0.03661491359795943,-1.8175108682987684,1.18854591221174,0.015551907568545742,-0.012173264183558352,-0.0068114321919398035,0.0026420815297405476,1
2019-08-15,0.0026420815297405476,-0.03054939597765083,-0.04745137937294397,0.012841239258912925,-0.031740035174721015,-1.4918812097773437,0.28029679776995214,-0.029567924334507723,0.015551907568545742,-0.012173264183558352,0.014754507144103979,1
2019-08-16,0.014754507144103979,-0.009498899029444452,-0.02799780938336871,0.013366644404320498,-0.016061488795447776,-0.7475141542538559,-0.14986749627359602,0.0026420815297405476,-0.029567924334507723,0.015551907568545742,0.01204813496831858,1
2019-08-19,0.01204813496831858,0.014788075251680466,-0.018697380571775057,0.01367821986381045,-0.0032612848301596387,-0.15356208635174637,-0.8931208290557233,0.014754507144103979,0.0026420815297405476,-0.029567924334507723,-0.007662869359841951,0
2019-08-20,-0.007662869359841951,-0.008409241026282044,-0.033130253946867416,0.013622945142132713,-0.009220187281224757,-0.4457330350690762,-0.9598627501230049,0.01204813496831858,0.014754507144103979,0.0026420815297405476,0.008135787701917918,1
2019-08-21,0.008135787701917918,0.030116538749378252,-0.029823475728823712,0.01372776674066819,0.0003763956076812125,0.01929086588610628,-1.0177633933958266,-0.007662869359841951,0.01204813496831858,0.014754507144103979,-0.0003077758772133121,0
2019-08-22,-0.0003077758772133121,0.027085849176465837,-0.025466846557061218,0.013706651620998878,0.0013770105049146775,0.0742793745993085,-0.9550983137762923,0.008135787701917918,-0.007662869359841951,0.01204813496831858,-0.02568748622067929,0
2019-08-23,-0.02568748622067929,-0.01384759709553851,-0.05681917889166943,0.014607873911684098,-0.021470171590213583,-1.2290283986193036,1.328051259513597,-0.0003077758772133121,0.008135787701917918,-0.007662869359841951,0.011058140642822956,1
2019-08-26,0.011058140642822956,-0.014812259989739673,-0.044649774581594026,0.014934389951931401,-0.008356830005847637,-0.5394746003491688,-0.628887473947501,-0.02568748622067929,-0.0003077758772133121,0.008135787701917918,-0.0039234855188633455,0
2019-08-27,-0.0039234855188633455,-0.011099816908074378,-0.04605615284305831,0.014939449968987708,-0.009886680424078254,-0.7439604243864454,-0.8290241885894685,0.011058140642822956,-0.02568748622067929,-0.0003077758772133121,0.007041807951142065,1
2019-08-28,0.007041807951142065,-0.012172923119596835,-0.028712449019783204,0.014929895606320286,-0.0014428655961952197,-0.12280618435916944,-0.9324731964634589,-0.0039234855188633455,0.011058140642822956,-0.02568748622067929,0.01277279069155246,1
2019-08-29,0.01277279069155246,0.0007523928184174355,-0.0076652707577916646,0.01514375404205783,0.011706661034337928,1.0451288073906952,-0.8873012945868287,0.007041807951142065,-0.0039234855188633455,0.011058140642822956,-0.0004441879822024708,0
2019-08-30,-0.0004441879822024708,0.02668071741397582,-0.0005808883907681972,0.015047680961300684,0.01128699325316207,1.010518575335972,-0.6833092461445066,0.01277279069155246,0.007041807951142065,-0.0039234855188633455,-0.005847510517313137,0
2019-09-03,-0.005847510517313137,0.009513845041627889,0.02438159686871777,0.013374795622571574,0.00417203129310062,0.40447215258045377,-0.449379668439053,-0.0004441879822024708,0.01277279069155246,0.007041807951142065,0.01135052468638853,1
2019-09-04,0.01135052468638853,0.024993905606594424,0.021681596509617096,0.013253685675935501,0.014476715814599972,1.34530214804428,-1.0476583523415814,-0.005847510517313137,-0.0004441879822024708,0.01277279069155246,0.01285577002657634,1
2019-09-05,0.01285577002657634,0.030911510663004682,0.03420528098251441,0.013507428479369293,0.025775590839769436,2.1052348726577628,0.23687439235332444,0.01135052468638853,-0.005847510517313137,-0.0004441879822024708,0.0007719652018696177,1
2019-09-06,0.0007719652018696177,0.018695750871191796,0.015087694700123055,0.012837415817855616,0.025784866039155974,1.9249086213795892,-0.8926467355548633,0.01285577002657634,0.01135052468638853,-0.005847510517313137,0.0005033975650028388,1
2019-09-09,0.0005033975650028388,0.0196614812075262,0.02256381143743713,0.012711902007804803,0.025140462677516462,1.7213515717611523,-0.7554650680487334,0.0007719652018696177,0.01285577002657634,0.01135052468638853,-0.00023496690684376986,0
2019-09-10,-0.00023496690684376986,0.025418037260784176,0.034921920732039924,0.012325621211161151,0.02313040521489884,1.5023694368775504,-0.5033593521356852,0.0005033975650028388,0.0007719652018696177,0.01285577002657634,0.007110978288399572,1
2019-09-11,0.007110978288399572,0.0211195203369412,0.02631999435263177,0.011968966510352457,0.029046247455966512,1.7288332311483028,-0.078093616520344,-0.00023496690684376986,0.0005033975650028388,0.0007719652018696177,0.0034638543366509733,1
2019-09-12,0.0034638543366509733,0.011650977304313859,0.061254098190855144,0.009499698954642626,0.029542633360726933,1.7382983256864395,0.2138487599845591,0.007110978288399572,-0.00023496690684376986,0.0005033975650028388,-0.000663904101643964,0
2019-09-13,-0.000663904101643964,0.010199499210712615,0.05775485268291303,0.00953531843777881,0.025977294014803753,1.54284961389274,-0.1742389968844065,0.0034638543366509733,0.007110978288399572,-0.00023496690684376986,-0.003088677394078587,0
2019-09-16,-0.003088677394078587,0.006572612651783549,0.03915556103187412,0.009191889008500265,0.02084124066618598,1.2179554123650846,-0.2978671693294741,-0.000663904101643964,0.0034638543366509733,0.007110978288399572,0.002532062925243217,1
2019-09-17,0.002532062925243217,0.009358483686652486,0.029384603662290676,0.00888346901376757,0.021933310739362,1.2323706595980437,-1.0064891001406397,-0.003088677394078587,-0.000663904101643964,0.0034638543366509733,0.0005981135330683784,1
2019-09-18,0.0005981135330683784,0.002831084586039534,0.03795399841585989,0.008623912155424428,0.02063643582975061,1.1411907878796543,0.36276133727956666,0.002532062925243217,-0.003088677394078587,-0.000663904101643964,-6.656700698903784e-05,0
2019-09-19,-6.656700698903784e-05,-0.0006971105251124543,0.0295090379547871,0.00850597766701266,0.019077952303271584,1.03154542349003,0.4481811795436363,0.0005981135330683784,0.002532062925243217,-0.003088677394078587,-0.0047250004602746865,0
2019-09-20,-0.0047250004602746865,-0.004758071939667818,0.024960065259787667,0.00861179676511709,0.013011761109697817,0.7009721775463953,0.9362621644368411,-6.656700698903784e-05,0.0005981135330683784,0.002532062925243217,-0.00023450096919175323,0
2019-09-23,-0.00023450096919175323,-0.0019086750236979588,0.05173616949273607,0.00585940327620444,0.01025767802239752,0.6207887370527757,-1.5233762302631435,-0.0047250004602746865,-6.656700698903784e-05,0.0005981135330683784,-0.007846850631958557,0
2019-09-24,-0.007846850631958557,-0.012241614953714453,0.032070571335353515,0.005937549549066688,0.0007718138116195039,0.05130013995797424,2.0844419946794774,-0.00023450096919175323,-0.0047250004602746865,-6.656700698903784e-05,0.005915052356690653,1
2019-09-25,0.005915052356690653,-0.0069929033733308055,0.04226463299498118,0.005863264434367244,0.004640853400646572,0.3642255310874682,0.4929688971712444,-0.007846850631958557,-0.00023450096919175323,-0.0047250004602746865,-0.002083422356399245,0
2019-09-26,-0.002083422356399245,-0.008995788374224434,0.032820233822681955,0.005812329793740118,0.000953330786461315,0.08911549711209539,-0.5552892042362177,0.005915052356690653,-0.007846850631958557,-0.00023450096919175323,-0.005387312870825944,0
2019-09-27,-0.005387312870825944,-0.009655258760370766,0.014300658079802409,0.005382928590070131,-0.005137334747936317,-0.5219999864961137,1.2327626117551749,-0.002083422356399245,0.005915052356690653,-0.007846850631958557,0.004637908618815301,1
2019-09-30,0.004637908618815301,-0.004828761729490982,0.01945772271277324,0.005444484011976463,-0.0014756630496505219,-0.16977099704417564,-0.860722544357884,-0.005387312870825944,-0.002083422356399245,0.005915052356690653,-0.01189455869768985,0
2019-10-01,-0.01189455869768985,-0.008888782755979818,0.013256752507177172,0.005984599111100196,-0.013989071070397263,-2.016255576686463,1.3365397938166412,0.004637908618815301,-0.005387312870825944,-0.002083422356399245,-0.017664740632483134,0
2019-10-02,-0.017664740632483134,-0.03212155701172803,-0.015813201769309337,0.006730990053606091,-0.03065241720600298,-3.298872852853705,2.6107801464010336,-0.01189455869768985,0.004637908618815301,-0.005387312870825944,0.008192832550443896,1
2019-10-03,0.008192832550443896,-0.022154626086026585,-0.02034415438940862,0.006301021814988097,-0.02171800268507862,-2.049231253184154,0.7538236109880838,-0.017664740632483134,-0.01189455869768985,0.004637908618815301,0.013532174392552276,1
2019-10-04,0.013532174392552276,-0.0035540860600213886,-0.007853183459437862,0.007087674343243411,-0.008090483678491411,-0.7511416021151459,-0.2903062225896066,0.008192832550443896,-0.017664740632483134,-0.01189455869768985,-0.004314976974063911,0
2019-10-07,-0.004314976974063911,-0.01243396824489873,-0.012631313120436416,0.0071381282336308765,-0.011746238430127676,-1.0556972297684335,-0.6005503688941581,0.013532174392552276,0.008192832550443896,-0.017664740632483134,-0.015524827636163141,0
2019-10-08,-0.015524827636163141,-0.016062255409319826,-0.0277315908968776,0.007876322462757082,-0.025736921245575473,-2.029507802668769,1.1404252516234674,-0.004314976974063911,0.013532174392552276,0.008192832550443896,0.009496794541783204,1
2019-10-09,0.009496794541783204,0.01114358842468377,-0.02542831566396131,0.008028223529711682,-0.015220991032270037,-1.1695041865729772,-0.5231330461939727,-0.015524827636163141,-0.004314976974063911,0.013532174392552276,0.006763437586199128,1
2019-10-10,0.006763437586199128,0.00971000993973603,-0.02222373545788625,0.008163098094926434,-0.007442170610147847,-0.5847190577671713,-0.8176321475166541,0.009496794541783204,-0.015524827636163141,-0.004314976974063911,0.010366761103953737,1
2019-10-11,0.010366761103953737,0.006556533845097023,-0.011431047527957983,0.008556650292725426,0.0034292352316491748,0.27882308515160165,1.1880688530177301,0.006763437586199128,0.009496794541783204,-0.015524827636163141,-0.0011136482148015325,0
2019-10-14,-0.0011136482148015325,0.009792816710765706,-0.009472545821150313,0.008537060285536142,0.0027923683704378366,0.23270334320936648,-1.4706225763914678,0.010366761103953737,0.006763437586199128,0.009496794541783204,0.009900430688288386,1
2019-10-15,0.009900430688288386,0.03587193372638331,-0.0021924090238427674,0.008826213786624624,0.012833131303853662,1.0816241040641748,-1.2145812505213043,-0.0011136482148015325,0.010366761103953737,0.006763437586199128,-0.0016064662998356294,0
2019-10-16,-0.0016064662998356294,0.02447857780800544,-0.004390840604347579,0.00883116082331294,0.011431579343862852,0.9858064425190363,-1.0267405520014263,0.009900430688288386,-0.0011136482148015325,0.010366761103953737,0.002949532550955647,1
2019-10-17,0.002949532550955647,0.020597562804352654,-0.0013877843543423918,0.008858959868816891,0.014486338085272,1.2597249160178672,-1.0665762198633535,-0.0016064662998356294,0.009900430688288386,-0.0011136482148015325,-0.004377337313534846,0
2019-10-18,-0.004377337313534846,0.005704168158041423,-0.0010389554724506977,0.00884960283610312,0.010098643796494278,0.88204365468929,-0.2111234572067724,0.002949532550955647,-0.0016064662998356294,0.009900430688288386,0.006779259890899558,1
2019-10-21,0.006779259890899558,0.013650948656749318,0.005969161812708235,0.00897846451413136,0.016639629708855574,1.407560710937259,-1.299725654479664,-0.004377337313534846,0.002949532550955647,-0.0016064662998356294,-0.0032667658390141963,0
2019-10-22,-0.0032667658390141963,0.0004348524501622819,0.010613025578220636,0.008815702719859257,0.012779634543049534,1.0495816244686276,-0.7977569408071093,0.006779259890899558,-0.004377337313534846,0.002949532550955647,0.0029097583347810207,1
2019-10-23,0.0029097583347810207,0.004960310972734527,0.007593695787778909,0.008745040563163825,0.015337958481633107,1.2218994044577114,-1.2859497437533363,-0.0032667658390141963,0.006779259890899558,-0.004377337313534846,0.0016333086358697457,1
2019-10-24,0.0016333086358697457,0.0036414482063800158,0.011346469116379598,0.008728635065574124,0.01641646047794243,1.2569032107915206,-1.154500709948989,0.0029097583347810207,-0.0032667658390141963,0.006779259890899558,0.004095542955148579,1
2019-10-25,0.004095542955148579,0.012182569398213161,0.020988868495398938,0.008643391278554556,0.019509749210863347,1.4105242560110798,-0.6796347328228513,0.0016333086358697457,0.0029097583347810207,-0.0032667658390141963,0.005636569340802033,1
2019-10-28,0.005636569340802033,0.01103374611280894,0.02200378289570648,0.008667909148666544,0.02412596853270088,1.6171260487026842,-0.7767077143449836,0.004095542955148579,0.0016333086358697457,0.0029097583347810207,-0.00029695460133205565,0
2019-10-29,-0.00029695460133205565,0.014046166365264012,0.03399925904993406,0.008121823041307619,0.02210141721140002,1.4162243867212734,-0.6146347431907789,0.005636569340802033,0.004095542955148579,0.0016333086358697457,0.00306729711793019,1
2019-10-30,0.00306729711793019,0.01420545447446675,0.05582165773521086,0.006721973489759098,0.02246538905300466,1.5011995915737837,-0.304554160371295,-0.00029695460133205565,0.005636569340802033,0.004095542955148579,-0.0026632191023441276,0
2019-10-31,-0.0026632191023441276,0.009854998244799296,0.04445274686573941,0.006696845264021338,0.01753423687539346,1.2124674588305544,0.8212941219195634,0.00306729711793019,-0.00029695460133205565,0.005636569340802033,0.009264023562355561,1
2019-11-01,0.009264023562355561,0.015053125067629347,0.040054384414830224,0.006377031832712133,0.02493388497289084,1.6299423207662969,0.9099061534433962,-0.0026632191023441276,0.00306729711793019,-0.00029695460133205565,0.00401768979210293,1
2019-11-04,0.00401768979210293,0.013419086693216897,0.04875836850980231,0.0062138887265794415,0.02659602190118382,1.6733502846874084,0.31895142376874025,0.009264023562355561,-0.0026632191023441276,0.00306729711793019,-0.001106195537848409,0
2019-11-05,-0.001106195537848409,0.01259874287754692,0.06411849286851279,0.004668990622802462,0.02230204730477814,1.5540489103524455,-0.608760204014796,0.00401768979210293,0.009264023562355561,-0.0026632191023441276,0.00022792744587252223,1
2019-11-06,0.00022792744587252223,0.009732392664803191,0.054348107327887085,0.00445823396824081,0.019847339502556682,1.4938547403180171,-0.32765236379518514,-0.001106195537848409,0.00401768979210293,0.009264023562355561,0.0035164039141561965,1
2019-11-07,0.0035164039141561965,0.015988820436976026,0.05094760262267406,0.004358917257727075,0.020900996714709352,1.6418210890618072,0.18940496073399285,0.00022792744587252223,-0.001106195537848409,0.00401768979210293,0.0024665148744176246,1
2019-11-08,0.0024665148744176246,0.00914601947257454,0.04273004722131879,0.003946652971858128,0.02127751153666435,1.6438233421106565,0.011040282099463205,0.0035164039141561965,0.00022792744587252223,-0.001106195537848409,-0.0019096146237601586,0
2019-11-11,-0.0019096146237601586,0.0031884395232522067,0.04189914379600257,0.003984613833070396,0.01724235394131224,1.374185580993115,-1.2257640076372491,0.0024665148744176246,0.0035164039141561965,0.00022792744587252223,0.0021078138376373623,1
2019-11-12,0.0021078138376373623,0.006416267181811985,0.03385961774184487,0.0035332173512004263,0.017687705032096712,1.3836155680439939,-0.20824903570081732,-0.0019096146237601586,0.0024665148744176246,0.0035164039141561965,0.0003234880878859592,1
2019-11-13,0.0003234880878859592,0.006512419050786811,0.03585813019029227,0.003464646992919521,0.016226297531657607,1.2785820313905105,0.4716816015794847,0.0021078138376373623,-0.0019096146237601586,0.0024665148744176246,0.0014559331507248974,1
2019-11-14,0.0014559331507248974,0.0044457967171651624,0.0343155230782064,0.0034539364909456096,0.015990636147841686,1.262425246272776,0.19120380898324538,0.0003234880878859592,0.0021078138376373623,-0.0019096146237601586,0.007236258548481089,1
2019-11-15,0.007236258548481089,0.009224957830024305,0.046380457846191714,0.003354289508845583,0.021026953019351202,1.6755814358033205,1.2430389034261693,0.0014559331507248974,0.0003234880878859592,0.0021078138376373623,0.0007374404471518492,1
2019-11-18,0.0007374404471518492,0.011901543118748359,0.040100986220546586,0.003195568150667426,0.019771224668585274,1.5562865302264697,-0.036099246072120075,0.007236258548481089,0.0014559331507248974,0.0003234880878859592,-0.00028822443075671167,0
2019-11-19,-0.00028822443075671167,0.009482088058444305,0.04320912363389895,0.0030020859773064227,0.017329405711512313,1.4206235469855708,1.579988542154029,0.0007374404471518492,0.007236258548481089,0.0014559331507248974,-0.0037188758918603737,0
2019-11-20,-0.0037188758918603737,0.005402713656502689,0.036314134683002486,0.0032648910004950227,0.011749403884304455,1.0333721265883167,2.217702034005233,-0.00028822443075671167,0.0007374404471518492,0.007236258548481089,-0.0016085533726735157,0
2019-11-21,-0.0016085533726735157,0.002326149861134219,0.03296002555625965,0.003352390309332567,0.00849669295405131,0.8257957757535556,0.07952510279554138,-0.0037188758918603737,-0.00028822443075671167,0.0007374404471518492,0.0022235926147577967,1
2019-11-22,0.0022235926147577967,-0.0026620801626038304,0.0310342627291893,0.0033056799942028873,0.009204008994492474,0.976521687546905,-0.7880502659067301,-0.0016085533726735157,-0.0037188758918603737,-0.00028822443075671167,0.007750159886065644,1
2019-11-25,0.007750159886065644,0.004326816959586921,0.03320123272211184,0.003473259660337868,0.01536631993239257,1.6371888643251957,-0.49198448246460574,0.0022235926147577967,-0.0016085533726735157,-0.0037188758918603737,0.0022656925215935875,1
2019-11-26,0.0022656925215935875,0.006892523742497048,0.03584974937775809,0.0034451928068524275,0.015877843755148557,1.7248354488270996,-1.4133851409887692,0.007750159886065644,0.0022235926147577967,-0.0016085533726735157,0.004457511756778221,1
2019-11-27,0.004457511756778221,0.015155998172974305,0.03728539929812702,0.003486557718311568,0.01853819980302074,1.9666696105780939,-0.7790678174952039,0.0022656925215935875,0.007750159886065644,0.0022235926147577967,-0.003708702215505899,0
2019-11-29,-0.003708702215505899,0.013020584551333814,0.036198039051050346,0.003564558343866187,0.012965306512742636,1.5049182055438486,-1.3187977868819245,0.004457511756778221,0.0022656925215935875,0.007750159886065644,-0.008494566900400957,0
2019-12-02,-0.008494566900400957,0.0021869579061726263,0.017965528841414447,0.003807188744503748,0.003471257332563926,0.43095060843949357,1.970528186615213,-0.003708702215505899,0.004457511756778221,0.0022656925215935875,-0.006706552667182897,0
2019-12-03,-0.006706552667182897,-0.012189947552916802,0.007092304935617744,0.004089372728787798,-0.0036082796212784096,-0.4669622284065104,1.6481279104555768,-0.008494566900400957,-0.003708702215505899,0.004457511756778221,0.006170025012469216,1
2019-12-04,0.006170025012469216,-0.008341927101493618,0.014428245645736526,0.004271545601710593,0.0018252233398730056,0.25260459379744743,-0.3139887863952282,-0.006706552667182897,-0.008494566900400957,-0.003708702215505899,0.001797917099429558,1
2019-12-05,0.001797917099429558,-0.010967631505839126,0.016020524571607853,0.0042763498012193535,0.0028329257023322896,0.4254369215127886,-0.9350105861876343,0.006170025012469216,-0.006706552667182897,-0.008494566900400957,0.009134439282714846,1
2019-12-06,0.009134439282714846,0.0017819354964399015,0.02170856237543517,0.0046335203924202815,0.010906409720616184,1.6109251178587813,-0.27686280056100676,0.001797917099429558,0.006170025012469216,-0.006706552667182897,-0.003144441728028191,0
2019-12-09,-0.003144441728028191,0.007187512280394159,0.01598990512476961,0.004714599423895691,0.006929185021349538,1.03563781918563,-1.2558731806167702,0.009134439282714846,0.001797917099429558,0.006170025012469216,-0.001114980875323246,0
2019-12-10,-0.001114980875323246,0.012857298281603313,0.0167987896491697,0.004693829427114651,0.004971488485791653,0.7900523295839925,0.0008834227533722289,-0.003144441728028191,0.009134439282714846,0.001797917099429558,0.0028388525434208667,1
2019-12-11,0.0028388525434208667,0.009503985955420013,0.017540545437282784,0.00470701876634045,0.006949764532627745,1.1400485047704627,0.03441984170121219,-0.001114980875323246,-0.003144441728028191,0.009134439282714846,0.008618928685580007,1
2019-12-12,0.008618928685580007,0.01637746639187765,0.025978762924862675,0.005011039197115949,0.014324339679144149,2.189281152593313,2.558105650356181,0.0028388525434208667,-0.001114980875323246,-0.003144441728028191,0.0005990934772543977,1
2019-12-13,0.0005990934772543977,0.007780858440712413,0.025100941665721965,0.00501325400878908,0.013672428347579757,1.9812585953886326,1.451397440928955,0.008618928685580007,0.0028388525434208667,-0.001114980875323246,0.00687002302377504,1
2019-12-16,0.00687002302377504,0.017905079347793063,0.024728210463820233,0.00499086485964065,0.01938104060433843,2.360137258090253,1.387217872280561,0.0005990934772543977,0.008618928685580007,0.0028388525434208667,0.00021903152263758052,1
2019-12-17,0.00021903152263758052,0.019264493063885446,0.024197373674833544,0.004994923727308575,0.018377739270422744,1.9948496084954839,0.15811959688073599,0.00687002302377504,0.0005990934772543977,0.008618928685580007,6.253665079380966e-05,1
2019-12-18,6.253665079380966e-05,0.01644270349748922,0.02455672582741464,0.0049900070240756515,0.017199924892948637,1.7279066229807603,-0.5082115659156591,0.00021903152263758052,0.00687002302377504,0.0005990934772543977,0.00409905270267763,1
2019-12-19,0.00409905270267763,0.011887767205026822,0.032596536207986526,0.004887453324297503,0.019725574988242345,1.8491258790307084,1.5075954116778698,6.253665079380966e-05,0.00021903152263758052,0.00687002302377504,0.004384270390705103,1
2019-12-20,0.004384270390705103,0.015715648161941376,0.03879467530570602,0.004862970993045863,0.02224131730733392,1.9516829971617837,3.127013881791168,0.00409905270267763,6.253665079380966e-05,0.00021903152263758052,0.0015276971971585063,1
2019-12-23,0.0015276971971585063,0.010326388559815047,0.03807338670334359,0.004863144607823341,0.021884404947198677,1.8143717761533888,-0.3563676277828026,0.004384270390705103,0.00409905270267763,6.253665079380966e-05,3.126819743948239e-05,1
2019-12-24,3.126819743948239e-05,0.010136727859235695,0.03012223337609976,0.004675543093515147,0.02039177569405659,1.5895070151436035,-1.4386832165500627,0.0015276971971585063,0.004384270390705103,0.00409905270267763,0.005322827269559793,1
2019-12-26,0.005322827269559793,0.015450008337698717,0.03326433681015395,0.004751410776213499,0.024132058107831922,1.735084453096295,-1.0407205358685867,3.126819743948239e-05,0.0015276971971585063,0.004384270390705103,-0.0002474656285067489,0
2019-12-27,-0.0002474656285067489,0.011054354279703915,0.028424425434300238,0.004721377845031072,0.02243194154970829,1.5134189471349173,-0.6321290357628209,0.005322827269559793,3.126819743948239e-05,0.0015276971971585063,-0.005513202453450772,0
2019-12-30,-0.005513202453450772,0.0010911526342258782,0.02656172511308763,0.004840151516511907,0.015459280428367306,1.0252679753251814,-0.4112782388642697,-0.0002474656285067489,0.005322827269559793,3.126819743948239e-05,0.002429242840970236,1
2019-12-31,0.002429242840970236,0.001992305313519349,0.03787176396769332,0.004254982662513978,0.016039092390516485,1.0804247304797263,-0.12032944851502989,-0.005513202453450772,-0.0002474656285067489,0.005322827269559793,0.009352029764723158,1
2020-01-02,0.009352029764723158,0.01133134466867336,0.05465104437085744,0.004062386565114291,0.022823345885838675,1.5898390530786568,-0.020687968884033143,0.002429242840970236,-0.005513202453450772,-0.0002474656285067489,-0.007572473827306858,0
2020-01-03,-0.007572473827306858,-0.0016410278314339388,0.04024638075204656,0.004570057210629188,0.013088709665329601,0.9689547589325374,0.5872430360041472,0.009352029764723158,0.002429242840970236,-0.005513202453450772,0.003814867255350629,1
2020-01-06,0.003814867255350629,0.0024156425375829738,0.04234074036693669,0.0045879368420814375,0.014857346635964719,1.1701373273575706,-0.225003294497388,-0.007572473827306858,0.009352029764723158,0.002429242840970236,-0.002811406425279661,0
2020-01-07,-0.002811406425279661,0.0051389794468976735,0.03000180793645635,0.004395530132808886,0.010514793928762645,0.8585239913443106,-0.7477659022422736,0.003814867255350629,-0.007572473827306858,0.009352029764723158,0.005329832465637452,1
2020-01-08,0.005329832465637452,0.00804740985827479,0.038757858567859405,0.004333453945104408,0.013978924059901088,1.2096852610411364,0.18748287667435715,-0.002811406425279661,0.003814867255350629,-0.007572473827306858,0.0067800776234014926,1
2020-01-09,0.0067800776234014926,0.005478782047675157,0.04696806685248256,0.0044022517463298645,0.018521541085804616,1.707777142140799,-0.5267032358564049,0.005329832465637452,-0.002811406425279661,0.003814867255350629,-0.002877437696770735,0
2020-01-10,-0.002877437696770735,0.010235561848419783,0.041000235303911836,0.004549005132297084,0.013563708035165378,1.3955011561821122,-0.36014283789197116,0.0067800776234014926,0.005329832465637452,-0.002811406425279661,0.006876994585920171,1
2020-01-13,0.006876994585920171,0.013317275444381549,0.039202377107860675,0.004431179002505302,0.018573321284015343,1.9014874799312578,-0.5042904842695255,-0.002877437696770735,0.0067800776234014926,0.005329832465637452,-0.0015243849527319941,0
2020-01-14,-0.0015243849527319941,0.014625113400414946,0.03699697451798767,0.004489894651907351,0.015178871840021646,1.6241352900405643,0.12651817773360502,0.006876994585920171,-0.002877437696770735,0.0067800776234014926,0.0022600085435358075,1
2020-01-15,0.0022600085435358075,0.01152690588234817,0.03224902199266033,0.004333000040432137,0.015858609440001725,1.6745776651987385,0.508407639963155,-0.0015243849527319941,0.006876994585920171,-0.002877437696770735,0.008318407018221174,1
2020-01-16,0.008318407018221174,0.013072488286643313,0.04060776359882623,0.004569456332945116,0.022265847979565434,2.1911897157077584,-0.17882480137253715,0.0022600085435358075,-0.0015243849527319941,0.006876994585920171,0.003112663317192954,1
2020-01-17,0.003112663317192954,0.019158406676943684,0.04378155060983113,0.0045521813596016624,0.023247194350082268,2.1609111116608726,1.295995050249087,0.008318407018221174,0.0022600085435358075,-0.0015243849527319941,-0.0019585662234216095,0
2020-01-21,-0.0019585662234216095,0.010215073851816081,0.03748453154715148,0.0046170609021821555,0.01936248910980165,1.7490374545428962,0.6435409477541986,0.003112663317192954,0.008318407018221174,0.0022600085435358075,0.00012086317732507013,1
2020-01-22,0.00012086317732507013,0.011879665791932448,0.033080620448615816,0.004592335491112106,0.01782433383387305,1.562141313853867,-0.39866252810948116,-0.0019585662234216095,0.003112663317192954,0.008318407018221174,0.00114705098667911,1
2020-01-23,0.00114705098667911,0.010756026106548466,0.03268798205789136,0.004593607860857041,0.017351125004319012,1.483819346177804,-0.21755094101031908,0.00012086317732507013,-0.0019585662234216095,0.003112663317192954,-0.00889328711495263,0
2020-01-24,-0.00889328711495263,-0.006497277456612327,0.02347198920905713,0.005155162593430261,0.007139069095518202,0.6332248758498275,1.7383653706547277,0.00114705098667911,0.00012086317732507013,-0.0019585662234216095,-0.016029356654636673,0
2020-01-27,-0.016029356654636673,-0.025455914559351367,0.0017343328442769312,0.006328119056586414,-0.009089729462939289,-0.8120496244067043,1.4050793204783543,-0.00889328711495263,0.00114705098667911,0.00012086317732507013,0.010479364943674518,1
2020-01-28,0.010479364943674518,-0.013310815324197756,0.012482427094933524,0.006737917798780888,0.0006767384460917292,0.062190810325188715,0.0691535471392401,-0.016029356654636673,-0.00889328711495263,0.00114705098667911,-0.0008263201611672377,0
2020-01-29,-0.0008263201611672377,-0.014245277938072731,0.01725412036477536,0.006592506468821984,-0.0009972412406793474,-0.0987052755905871,-0.6028031235574735,0.010479364943674518,-0.016029356654636673,-0.00889328711495263,0.00324538408409758,1
2020-01-30,0.00324538408409758,-0.012179206068610005,0.01808233148122107,0.0066051380950239835,0.0013536495784574054,0.14380025200334967,0.7583869083188831,-0.0008263201611672377,0.010479364943674518,-0.016029356654636673,-0.01815780205556905,0
2020-01-31,-0.01815780205556905,-0.021413005401266005,-0.009665444212842544,0.007552621707620739,-0.016356802783282554,-1.6306468115005932,2.503529666127091,0.00324538408409758,-0.0008263201611672377,0.010479364943674518,0.007428785618117439,1
2020-02-03,0.007428785618117439,0.0019167891417066762,0.005304178472277377,0.007553813401437065,-0.00930851717020631,-0.9597027347682239,0.1536822969647376,-0.01815780205556905,0.00324538408409758,-0.0008263201611672377,0.015240933974614679,1
2020-02-04,0.015240933974614679,0.006638009703219039,0.016747197490103227,0.008235606243696618,0.004958102998486202,0.5259681129102082,-0.21484659509709503,0.007428785618117439,-0.01815780205556905,0.00324538408409758,0.011548054439592503,1
2020-02-05,0.011548054439592503,0.019104827105214994,0.03138830117490343,0.008519438521916074,0.014993364569454215,1.58369438539649,-0.10733232819858805,0.015240933974614679,0.007428785618117439,-0.01815780205556905,0.0033648884242869492,1
2020-02-06,0.0033648884242869492,0.019226220586689102,0.029372425159624127,0.008485193088991773,0.016931124271422737,1.701766436697033,-0.9241140139853802,0.011548054439592503,0.015240933974614679,0.007428785618117439,-0.005329637893178085,0
2020-02-07,-0.005329637893178085,0.032542822076900624,0.016990965190014418,0.008519290254941187,0.010657273779176357,1.0475269876489095,-0.20533746176840287,0.0033648884242869492,0.011548054439592503,0.015240933974614679,0.0074654535695148905,1
2020-02-10,0.0074654535695148905,0.03258040411798979,0.027539946197382648,0.00859297184562697,0.01681486112572439,1.5726171860267986,-1.3891773605833364,-0.005329637893178085,0.0033648884242869492,0.011548054439592503,0.001732915878303043,1
2020-02-11,0.001732915878303043,0.0188416803156346,0.02229030161628498,0.00849667916666948,0.017447074652542582,1.528997240594181,-0.7174377519759814,0.0074654535695148905,-0.005329637893178085,0.0033648884242869492,0.006442928731429598,1
2020-02-12,0.006442928731429598,0.013699744812027737,0.03044764405560696,0.008551913508286752,0.022455581464420726,1.8002599793125709,-1.2266647955349772,0.001732915878303043,0.0074654535695148905,-0.005329637893178085,-0.0010669471905294658,0
2020-02-13,-0.0010669471905294658,0.009222260415654882,0.027027120769412383,0.00856942104708821,0.01999390001635626,1.508645123462821,-0.6044949659982174,0.006442928731429598,0.001732915878303043,0.0074654535695148905,0.0016019811802969741,1
2020-02-14,0.0016019811802969741,0.016255288176586058,0.020186075875088694,0.00841293786872828,0.02059636343172966,1.4612276764176257,-0.09148296215355264,-0.0010669471905294658,0.006442928731429598,0.001732915878303043,-0.002577139138539186,0
2020-02-18,-0.002577139138539186,0.006125076852313338,0.014399430514016043,0.008435101101064255,0.017231192004450113,1.1774743122529303,-0.41563638135722497,0.0016019811802969741,-0.0010669471905294658,0.006442928731429598,0.00478132371547102,1
2020-02-19,0.00478132371547102,0.009186850625373832,0.021249787908366624,0.00845584630905835,0.021009194470199777,1.3614928519373592,-0.8215538787188289,-0.002577139138539186,0.0016019811802969741,-0.0010669471905294658,-0.004108249509883644,0
2020-02-20,-0.004108249509883644,-0.00139309388589548,0.016931329416128627,0.008533770780554537,0.015954659492436907,1.0054183041466116,0.5899483712340389,0.00478132371547102,-0.002577139138539186,0.0016019811802969741,-0.010298236917277603,0
2020-02-21,-0.010298236917277603,-0.010621369642258016,0.00530559288496657,0.008890817377932285,0.005225402397341705,0.3283935206342966,2.3275427077695094,-0.004108249509883644,0.00478132371547102,-0.002577139138539186,-0.033165160783940495,0
2020-02-24,-0.033165160783940495,-0.04496422033979319,-0.01931400663141858,0.011488986993348603,-0.027182038144089704,-1.5957902245330489,3.134646790286787,-0.010298236917277603,-0.004108249509883644,0.00478132371547102,-0.030302095748628965,0
2020-02-25,-0.030302095748628965,-0.07151096053511374,-0.03353910105994162,0.01284116757963765,-0.055113837469466964,-2.6653766620517674,3.220872326165428,-0.033165160783940495,-0.010298236917277603,-0.004108249509883644,-0.003678558337521176,0
2020-02-26,-0.003678558337521176,-0.07932849015670662,-0.047080277392851366,0.012525123856666261,-0.05639522601199776,-2.306859833567778,2.172576012702798,-0.030302095748628965,-0.033165160783940495,-0.010298236917277603,-0.044911543730933756,0
2020-02-27,-0.044911543730933756,-0.11704988957445106,-0.0891246985609031,0.015718232473475074,-0.09478284511222701,-2.865121659335313,2.8086396455664677,-0.003678558337521176,-0.030302095748628965,-0.033165160783940495,-0.00420155773630837,0
2020-02-28,-0.00420155773630837,-0.11161081312045062,-0.09588599094567152,0.015612016214312269,-0.09425673149263669,-2.3588973392007984,2.945318333722076,-0.044911543730933756,-0.003678558337521176,-0.030302095748628965,0.04330632580892613,1
2020-03-02,0.04330632580892613,-0.0413439598399129,-0.039287711534847336,0.018625562919666633,-0.05320292439030894,-1.2737210527216016,1.2470837798257983,-0.00420155773630837,-0.044911543730933756,-0.003678558337521176,-0.028632364991516,0
2020-03-03,-0.028632364991516,-0.039693242158942765,-0.0736766341281313,0.01941037286482885,-0.07693590849830789,-1.6858758555712774,1.635680023718313,0.04330632580892613,-0.00420155773630837,-0.044911543730933756,0.04203286704116338,1
2020-03-04,0.04203286704116338,0.0043658223819655895,-0.04923121158270849,0.021584697286834847,-0.03573558598568649,-0.7695872591143225,0.40330099630227384,-0.028632364991516,0.04330632580892613,-0.00420155773630837,-0.0332415915787212,0
2020-03-05,-0.0332415915787212,0.016637880549542405,-0.09132965395682169,0.022381166119778525,-0.0634015083141779,-1.304630049694719,0.44222581793301924,0.04203286704116338,-0.028632364991516,0.04330632580892613,-0.016531076338078154,0
2020-03-06,-0.016531076338078154,0.004050337601589016,-0.10934789776229592,0.02245340504018894,-0.0736465174002745,-1.4378244744907778,0.7695206296494779,-0.0332415915787212,0.04203286704116338,-0.028632364991516,-0.07809446834249267,0
2020-03-09,-0.07809446834249267,-0.1127825669227116,-0.17450330168061645,0.02770064951390413,-0.13821062094318026,-2.2837507440685942,1.3847770173115836,-0.016531076338078154,-0.0332415915787212,0.04203286704116338,0.051744533816830085,1
2020-03-10,0.051744533816830085,-0.03936877046774623,-0.1382219240718151,0.030706765987116847,-0.08698117732596944,-1.3778873443938924,0.9742894497162036,-0.07809446834249267,-0.016531076338078154,-0.0332415915787212,-0.04874808438302913,0
2020-03-11,-0.04874808438302913,-0.12305808559688691,-0.18165008599659127,0.0320021675005893,-0.12303584642600507,-1.7967009900312012,0.6948003597617928,0.051744533816830085,-0.07809446834249267,-0.016531076338078154,-0.09567721693612519,0
2020-03-12,-0.09567721693612519,-0.17969314183321017,-0.2646851096818338,0.03707258099947484,-0.1954576749813437,-2.407549324225569,1.776031974391765,-0.04874808438302913,0.051744533816830085,-0.07809446834249267,0.08548649391364349,1
2020-03-13,0.08548649391364349,-0.09460076065313383,-0.20097309827808874,0.04326827108475165,-0.11698201112885276,-1.3975273503080414,1.087997955898937,-0.09567721693612519,-0.04874808438302913,0.051744533816830085,-0.10942389082461024,0
2020-03-16,-0.10942389082461024,-0.1253692443105503,-0.2895438680907789,0.04847517127747111,-0.20079837392132172,-2.1384658920957005,0.7026505577914711,0.08548649391364349,-0.09567721693612519,-0.04874808438302913,0.05399225669962715,1
2020-03-17,0.05399225669962715,-0.12350003795829412,-0.24924995090813729,0.050878838799088,-0.14570193846337465,-1.5030794363005309,0.2737359781549572,-0.10942389082461024,0.08548649391364349,-0.09567721693612519,-0.05063304550511205,0
2020-03-18,-0.05063304550511205,-0.1252368737268552,-0.2906543236117527,0.05136701203208999,-0.17525347622828202,-1.7318077365518556,0.9216706443831385,0.05399225669962715,-0.10942389082461024,0.08548649391364349,0.0021251367095953544,1
2020-03-19,0.0021251367095953544,-0.03063139188535735,-0.2862144579718682,0.05146021905280849,-0.15957448488691794,-1.5520377275272979,0.38406511415983136,-0.05063304550511205,0.05399225669962715,-0.10942389082461024,-0.04309449123392162,0
2020-03-20,-0.04309449123392162,-0.14545766683339068,-0.30986753512814436,0.05180901873534809,-0.18100578495597508,-1.709679619575424,1.1184218956216658,0.0021251367095953544,-0.05063304550511205,0.05399225669962715,-0.02556808779809472,0
2020-03-23,-0.02556808779809472,-0.06499477003034404,-0.30444469919705164,0.05171265731040868,-0.18775978261101212,-1.6917621382543675,0.724930968518939,-0.04309449123392162,0.0021251367095953544,-0.05063304550511205,0.09060329091659058,1
2020-03-24,0.09060329091659058,-0.03251681940986384,-0.21772038823182582,0.056850896065239645,-0.10311218459449345,-0.9327359670737594,-0.7653095659322288,-0.02556808779809472,-0.04309449123392162,0.0021251367095953544,0.014970147586564897,1
2020-03-25,0.014970147586564897,0.034338241858804075,-0.2030780230068736,0.05712365906703004,-0.07900329672585649,-0.7301660805296725,0.21026142543458862,0.09060329091659058,-0.02556808779809472,-0.04309449123392162,0.058389943237918907,1
2020-03-26,0.058389943237918907,0.09241166895007225,-0.11688367662859878,0.05842993614514799,-0.01889751153998176,-0.1779716019278378,-0.49106373944276227,0.014970147586564897,0.09060329091659058,-0.02556808779809472,-0.029786024290567314,0
2020-03-27,-0.029786024290567314,0.10760473080578636,-0.13957306745296472,0.05870111627837181,-0.04071459157700774,-0.3898482653580378,-0.9862750858644197,0.058389943237918907,0.014970147586564897,0.09060329091659058,0.032476055070874255,1
2020-03-30,0.032476055070874255,0.1735816004384345,-0.14850491843409497,0.058272281196025545,-0.0009319622326072752,-0.00951326629464408,-1.7543732249695372,-0.029786024290567314,0.058389943237918907,0.014970147586564897,-0.014905435529822042,0
2020-03-31,-0.014905435529822042,0.06004526593944748,-0.13647197385124143,0.05807691063767941,-0.008109611694835372,-0.08717881979090994,-1.2186472152290126,0.032476055070874255,-0.029786024290567314,0.058389943237918907,-0.04500499036728045,0
2020-04-01,-0.04500499036728045,-0.0025933852693720283,-0.20859986116207574,0.05757115539479779,-0.04077469004050205,-0.4958425788891939,-1.337684189524055,-0.014905435529822042,0.032476055070874255,-0.029786024290567314,0.023075480392957592,1
2020-04-02,0.023075480392957592,-0.03587306546877611,-0.16249802414768266,0.057753897189796004,-0.009207245477377834,-0.12729768079845669,-1.5114990274512734,-0.04500499036728045,-0.014905435529822042,0.032476055070874255,-0.01445429332968895,0
2020-04-03,-0.01445429332968895,-0.020637524503124283,-0.16072947830846462,0.05773815924844344,-0.014312026891573737,-0.23116087454185602,-1.9215105484666115,0.023075480392957592,-0.04500499036728045,-0.014905435529822042,0.06716655751419087,1
2020-04-06,0.06716655751419087,0.012268397316810509,-0.02848892570759609,0.057476826057172276,0.05351808620791698,0.8890834471673562,-1.0325538053068837,-0.01445429332968895,0.023075480392957592,-0.04500499036728045,0.001019348328345382,1
2020-04-07,0.001019348328345382,0.028632466326158568,-0.07534448602960653,0.05618432314399611,0.059142711776372314,1.128825144513052,-0.7712720011494675,0.06716655751419087,-0.01445429332968895,0.023075480392957592,0.033568398999378246,1
2020-04-08,0.033568398999378246,0.11326446803988,0.004670480563998991,0.0556225959781453,0.09441796279717707,1.7865928060483154,-1.3151791540081554,0.001019348328345382,0.06716655751419087,-0.01445429332968895,0.015217282120742581,1
2020-04-09,0.015217282120742581,0.10471353207579148,0.12787032883266525,0.05071358918282096,0.10411797169935855,1.7998212003051002,-0.7547247294715296,0.033568398999378246,0.001019348328345382,0.06716655751419087,-0.009129819670807282,0
2020-04-13,-0.009129819670807282,0.1106818175265194,0.029559632832500293,0.04733270506944276,0.09232203523520899,1.5404934860189483,-1.6763158466139427,0.015217282120742581,0.033568398999378246,0.001019348328345382,0.029492581213629743,1
2020-04-14,0.029492581213629743,0.07147163034784021,0.190155443199012,0.039600424749720586,0.11452501717280539,1.7909453940622073,-1.2521769755933043,-0.009129819670807282,0.015217282120742581,0.033568398999378246,-0.021247853546326745,0
2020-04-15,-0.021247853546326745,0.047637250786863206,0.10519521110345931,0.03871276527770192,0.08520992868926869,1.2787798557334684,-1.2800472776882272,0.029492581213629743,-0.009129819670807282,0.015217282120742581,0.0048237242705546635,1
2020-04-16,0.0048237242705546635,0.018501305805552537,0.16975460627636552,0.03638023979170665,0.08188453248168215,1.2218303114269986,-1.0488388159301296,-0.021247853546326745,0.029492581213629743,-0.009129819670807282,0.02701594594151424,1
2020-04-17,0.02701594594151424,0.030338135930344956,0.19880900046967342,0.03657637546640011,0.10096913244399253,1.475379288378114,-0.7507372414037684,0.0048237242705546635,-0.021247853546326745,0.029492581213629743,-0.01761829356840028,0
2020-04-20,-0.01761829356840028,0.02151155244224978,0.23072552177652006,0.03505167113370683,0.07071681906143512,1.108534583144358,-1.3996464692677055,0.02701594594151424,0.0048237242705546635,-0.021247853546326745,-0.03036332349665627,0
2020-04-21,-0.03036332349665627,-0.03788032590558621,0.22466905042818586,0.035330300814577845,0.028412625565717553,0.5391020551628027,-0.9344135613487092,-0.01761829356840028,0.02701594594151424,0.0048237242705546635,0.022194435284845992,1
2020-04-22,0.022194435284845992,0.0048237242705546635,0.14785082608833733,0.030121616071240812,0.044168309043772114,0.8902852442587254,-1.4153867476564699,-0.03036332349665627,-0.01761829356840028,0.02701594594151424,-7.149362952407756e-05,0
2020-04-23,-7.149362952407756e-05,-7.149362952407756e-05,0.13083992154432988,0.030108988072564898,0.03782502610958738,0.8084576444880728,-1.1958645182341865,0.022194435284845992,-0.03036332349665627,-0.01761829356840028,0.013938736252891104,1
2020-04-24,0.013938736252891104,-0.012803793262370244,0.08334589560364725,0.027622173800825302,0.04804866605750191,1.0120281656082062,-1.5783159267796532,-7.149362952407756e-05,0.022194435284845992,-0.03036332349665627,0.014418283727978931,1
2020-04-27,0.014418283727978931,0.019389790328189438,0.13270465239219442,0.026490621150589262,0.056579512750363437,1.2069943907452494,-1.6166637427782051,0.013938736252891104,-7.149362952407756e-05,0.022194435284845992,-0.0045984475108749034,0
2020-04-28,-0.0045984475108749034,0.04647669015925926,0.09203110712862794,0.025873147270437866,0.047080542755770116,0.997875908553914,-0.8385119819259339,0.014418283727978931,0.013938736252891104,-7.149362952407756e-05,0.026178753312488867,1
2020-04-29,0.026178753312488867,0.05055565576324228,0.13757517350065251,0.025863343254189312,0.06755557465434303,1.4141634153798774,-0.4263487827484066,-0.0045984475108749034,0.014418283727978931,0.013938736252891104,-0.009310739003937862,0
2020-04-30,-0.009310739003937862,0.04084862028896952,0.18009360949043485,0.023195718338013815,0.04914908811564289,1.1609641017943788,-0.24191902097193924,0.026178753312488867,-0.0045984475108749034,0.014418283727978931,-0.026473459223039897,0
2020-05-01,-0.026473459223039897,-0.0006361128611011013,0.12294006792045509,0.024189216798623642,0.0156956966737285,0.42912375180040935,-0.10899573645776452,-0.009310739003937862,0.026178753312488867,-0.0045984475108749034,0.002758282852107996,1
2020-05-04,0.002758282852107996,-0.012123074389958965,0.1425522394675014,0.023721545452200486,0.012066886321190351,0.46134350121303963,-1.2783509021981436,-0.026473459223039897,-0.009310739003937862,0.026178753312488867,0.009239215213090013,1
2020-05-05,0.009239215213090013,0.0016099840679024702,0.08053285345273387,0.01906060733360451,0.017544462152400575,0.7610488731846113,-1.2212332167960072,0.002758282852107996,-0.026473459223039897,-0.009310739003937862,-0.006778604057648963,0
2020-05-06,-0.006778604057648963,-0.03055830833131845,0.07211548993543704,0.01920512802185779,0.007223337315802603,0.3861842100408162,-1.3830513324529272,0.009239215213090013,0.002758282852107996,-0.026473459223039897,0.012066847515594947,1
2020-05-07,0.012066847515594947,-0.00963921245008037,0.04981203481265517,0.01800740210831453,0.016918035516504837,0.9491839746471561,-1.2070974703637907,-0.006778604057648963,0.009239215213090013,0.002758282852107996,0.016546176189338402,1
2020-05-08,0.016546176189338402,0.03412431963925644,0.05118621254856692,0.018058834777259187,0.03114889894241868,1.653979377207898,-1.215510853955573,0.012066847515594947,-0.006778604057648963,0.009239215213090013,0.00020498156417891877,1
2020-05-11,0.00020498156417891877,0.031491151704005294,0.06108923975626701,0.017857757022020745,0.028307340382265567,1.5050798853541982,-0.9855450884315026,0.016546176189338402,0.012066847515594947,-0.006778604057648963,-0.019931481230506698,0
2020-05-12,-0.019931481230506698,0.0016772930894641824,0.010148279324389442,0.017430899545540095,0.007301715266009534,0.38697081975832504,-0.22790694637444317,0.00020498156417891877,0.016546176189338402,0.012066847515594947,-0.017685770016719338,0
2020-05-13,-0.017685770016719338,-0.009322732199754769,0.013824626355944059,0.017212207925579544,-0.011180286222774671,-0.6148988786908797,1.7525805259973803,-0.019931481230506698,0.00020498156417891877,0.016546176189338402,0.011967293565988468,1
2020-05-14,0.011967293565988468,-0.009420182121206988,0.021032185549521465,0.017372865869011062,-0.0003770218653855739,-0.02148632959739245,0.8547908002242165,-0.017685770016719338,-0.019931481230506698,0.00020498156417891877,0.004596620424038411,1
2020-05-15,0.004596620424038411,-0.021064501927805512,-0.0012565169989762204,0.016309146634795175,0.004281306198666179,0.24423215689403013,0.5248430944458257,0.011967293565988468,-0.017685770016719338,-0.019931481230506698,0.030460128262962405,1
2020-05-18,0.030460128262962405,0.008547265308649132,0.047622661188765125,0.017090272607199645,0.03244338001248903,1.7195099766592894,0.8606152045718318,0.004596620424038411,0.011967293565988468,-0.017685770016719338,-0.01027127169253994,0
2020-05-19,-0.01027127169253994,0.01848818038268618,0.0693306774899598,0.015582863077622978,0.01846513046679865,1.136496244208013,-0.19682429943221147,0.030460128262962405,0.004596620424038411,0.011967293565988468,0.01698807631296506,1
2020-05-20,0.01698807631296506,0.05443889918250466,0.06388423875533111,0.015294461774553264,0.032555859599449954,1.9365941210813515,-0.6181907281249559,-0.01027127169253994,0.030460128262962405,0.004596620424038411,-0.006904228255514622,0
2020-05-21,-0.006904228255514622,0.034775351929663634,0.05661448033772687,0.015447218355697711,0.02261755318814318,1.3989276695213997,-0.8940294661949026,0.01698807631296506,-0.01027127169253994,0.030460128262962405,0.0018992123900978264,1
2020-05-22,0.0018992123900978264,0.03199691201570043,0.04406822404534849,0.015226196009408718,0.022349156591039643,1.3634545408523664,-1.432472849733712,-0.006904228255514622,0.01698807631296506,-0.01027127169253994,0.012320465491881372,1
2020-05-26,0.012320465491881372,0.013830196534609263,0.04190908969685947,0.015145102647333632,0.0327952639666218,1.8200229269290116,-0.36547976366601254,0.0018992123900978264,-0.006904228255514622,0.01698807631296506,0.014879060475104344,1
2020-05-27,0.014879060475104344,0.03959297928017835,0.06229663336151181,0.015312701007864917,0.04495074869559157,2.180693335807692,0.34265859563581513,0.012320465491881372,0.0018992123900978264,-0.006904228255514622,-0.0018444305106967152,0
2020-05-28,-0.0018444305106967152,0.020341876605401543,0.03328713210712775,0.014344908383381797,0.041274028452066736,1.8223803902795177,-0.242568425232509,0.014879060475104344,0.012320465491881372,0.0018992123900978264,0.004455576397145222,1
2020-05-29,0.004455576397145222,0.032013343473904055,0.04764537451521211,0.014115375784895563,0.04343187849117269,1.7515210938843724,1.088572560053816,-0.0018444305106967152,0.014879060475104344,0.012320465491881372,0.00404174390629497,1
2020-06-01,0.00404174390629497,0.034220273159230485,0.08048383353177435,0.012368442809792818,0.04357722781113238,1.690430946087449,-1.634618989288425,0.004455576397145222,-0.0018444305106967152,0.014879060475104344,0.00828014091882201,1
2020-06-02,0.00828014091882201,0.030092543131001737,0.08643370048791832,0.012402016386648134,0.04783240751992612,1.7688067029706163,-0.7783062322120493,0.00404174390629497,0.004455576397145222,-0.0018444305106967152,0.013308270083704166,1
2020-06-03,0.013308270083704166,0.028498205902045992,0.09081398840572019,0.012521378923704531,0.05710502075775614,1.9398245048918508,0.008815097162967836,0.00828014091882201,0.00404174390629497,0.004455576397145222,-0.0026268678103780196,0
2020-06-04,-0.0026268678103780196,0.02769198352193669,0.09537366864740227,0.012359140875747118,0.049510898228455114,1.63460637648923,-0.7532045272072202,0.013308270083704166,0.00828014091882201,0.00404174390629497,0.025629655934790607,1
2020-06-05,0.025629655934790607,0.049355890130276636,0.11005288005697,0.013135921181459795,0.07069640421597367,2.0991316216044806,2.1498323286771295,-0.0026268678103780196,0.013308270083704166,0.00828014091882201,0.012087116289715594,1
2020-06-08,0.012087116289715594,0.05776436413055852,0.1051836548315328,0.012972095789011632,0.07807875630842198,2.0578679870539465,-0.8852682618328873,0.025629655934790607,-0.0026268678103780196,0.013308270083704166,-0.007456605943617078,0
2020-06-09,-0.007456605943617078,0.041255291539619154,0.09671792886560548,0.01323450559816765,0.06501492852592428,1.6114446630310248,-0.7278697889715791,0.012087116289715594,0.025629655934790607,-0.0026268678103780196,-0.005579736685650705,0
2020-06-10,-0.005579736685650705,0.021846353928163253,0.11277784228125576,0.012174776675764784,0.053418994321854596,1.3187386849950462,-0.037595701932576976,-0.007456605943617078,0.012087116289715594,0.025629655934790607,-0.05764913738154509,0
2020-06-11,-0.05764913738154509,-0.03452603443035951,0.06750684004067864,0.018036281810513453,-0.01041578925947706,-0.28179642567144375,3.194599427339773,-0.005579736685650705,-0.007456605943617078,0.012087116289715594,0.011975929888959014,1
2020-06-12,0.011975929888959014,-0.047378936015245676,0.06751595034879077,0.018036497089980737,-0.001725963800742969,-0.05096680243827699,2.2783210659741115,-0.05764913738154509,-0.005579736685650705,-0.007456605943617078,0.009335784742255271,1
2020-06-15,0.009335784742255271,-0.049968610702267546,0.0725519353383528,0.01808370667802568,0.00417159700691494,0.13619632398713474,0.7747428923119168,0.011975929888959014,-0.05764913738154509,-0.005579736685650705,0.019247477399986224,1
2020-06-16,0.019247477399986224,-0.024408300139760586,0.06088127477273675,0.017369012650688923,0.02050235467357253,0.6881807609206811,0.7872761820549363,0.009335784742255271,0.011975929888959014,-0.05764913738154509,-0.004154035052828076,0
2020-06-17,-0.004154035052828076,-0.02300959304300143,0.06743828541495778,0.017173813290140096,0.013011125118494116,0.47049397362863976,-0.502112854933697,0.019247477399986224,0.009335784742255271,0.011975929888959014,0.0003851080449135402,1
2020-06-18,0.0003851080449135402,0.037157912825346084,0.050011685837605624,0.016881811842424186,0.010961392488097799,0.4140931700263157,-0.5558975506228913,-0.004154035052828076,0.019247477399986224,0.009335784742255271,-0.005714613910734578,0
2020-06-19,-0.005714613910734578,0.019027157990051835,0.05126947889160771,0.016848694307409314,0.0027263589930732746,0.112076682645977,0.6809597566458943,0.0003851080449135402,-0.004154035052828076,0.019247477399986224,0.006414648900402664,1
2020-06-22,0.006414648900402664,0.016077974180239707,0.05600742112017998,0.01686847287330278,0.006465060322076832,0.29433863800654264,-0.7924058594417746,-0.005714613910734578,0.0003851080449135402,-0.004154035052828076,0.004603866291791325,1
2020-06-23,0.004603866291791325,0.0014798995816611704,0.04795781005443356,0.01672852925715305,0.00876486182759817,0.42959918097575456,-0.900885436809936,0.006414648900402664,-0.005714613910734578,0.0003851080449135402,-0.02550862415016919,0
2020-06-24,-0.02550862415016919,-0.019995501732986254,0.006253737932522707,0.01756967303619702,-0.01726753824981575,-0.8601167753643032,0.5854110842582384,0.004603866291791325,0.006414648900402664,-0.005714613910734578,0.01072057204281962,1
2020-06-25,0.01072057204281962,-0.009870599704586591,0.018920682017277368,0.017706987155164482,-0.007647248034872378,-0.39730181571740536,-0.4309291195564244,-0.02550862415016919,0.004603866291791325,0.006414648900402664,-0.023751470659269414,0
2020-06-26,-0.023751470659269414,-0.027832064697935754,-0.009692573063156074,0.01852905208400898,-0.0307575721618093,-1.543582422272077,0.4601218475982272,0.01072057204281962,-0.02550862415016919,0.004603866291791325,0.014697503319633709,1
2020-06-29,0.014697503319633709,-0.01983106283657654,0.0008174258992637018,0.018812124409253325,-0.01655162718045855,-0.8321859954238001,-0.7148444114787721,-0.023751470659269414,0.01072057204281962,-0.02550862415016919,0.012809847596870538,1
2020-06-30,0.012809847596870538,-0.011824675200550527,0.005313606269802484,0.01894119316009776,-0.004215924801502902,-0.21302965777442334,0.048192288301189046,0.014697503319633709,-0.023751470659269414,0.01072057204281962,0.00700466146357237,1
2020-07-01,0.00700466146357237,0.02114516667582067,-0.0009402689836724987,0.01876742256402435,0.0028065255070388595,0.14186493077792792,-0.9173354103412333,0.012809847596870538,0.014697503319633709,-0.023751470659269414,0.005507015059743381,1
2020-07-02,0.005507015059743381,0.01587783694917122,0.007207368615609555,0.018792797716558673,0.00796535274922694,0.4010167626275111,-0.975945733682229,0.00700466146357237,0.012809847596870538,0.014697503319633709,0.015437356022039772,1
2020-07-06,0.015437356022039772,0.05665747377840069,-0.0028018579271880117,0.018205353636507354,0.023672868275661063,1.2032552508464205,-1.0473937905500816,0.005507015059743381,0.00700466146357237,0.012809847596870538,-0.010314016271393056,0
2020-07-07,-0.010314016271393056,0.03061167291661615,-0.024873443871445633,0.018112771804653146,0.014425451194723937,0.812395927268121,-0.5575511842122001,0.015437356022039772,0.005507015059743381,0.00700466146357237,0.007648498165604423,1
2020-07-08,0.007648498165604423,0.025359604145280823,-0.010033399357329498,0.018148628629872755,0.022714044612208273,1.3443522050908796,-1.1773197279251428,-0.010314016271393056,0.015437356022039772,0.005507015059743381,-0.005692779604764997,0
2020-07-09,-0.005692779604764997,0.012430723430303825,-0.010145935996505928,0.01815036251544393,0.017422192224116895,1.077979979177171,-0.4896283592989811,0.007648498165604423,-0.010314016271393056,0.015437356022039772,0.010210824555521025,1
2020-07-10,0.010210824555521025,0.017166922362148673,0.06113479581062786,0.012263219083790168,0.02477680798070314,1.6014673487546127,-1.079107800675086,-0.005692779604764997,0.007648498165604423,-0.010314016271393056,-0.00865943874649644,0
2020-07-13,-0.00865943874649644,-0.006970915809891509,0.039497020605971045,0.012339944876214266,0.013945873649259033,0.9385619632012345,0.38069536563054523,0.010210824555521025,-0.005692779604764997,0.007648498165604423,0.012959367933468968,1
2020-07-14,0.012959367933468968,0.01638108450427711,0.04322888465768138,0.012478961994118501,0.02490497548446924,1.6042695798816662,0.13394109862157527,-0.00865943874649644,0.010210824555521025,-0.005692779604764997,0.009186923881970399,1
2020-07-15,0.009186923881970399,0.017932842682724992,0.032931620981923704,0.01194671527228437,0.032618123511219954,1.8861913819177676,-0.01703531521063596,0.012959367933468968,-0.00865943874649644,0.010210824555521025,-0.003293552203337824,0
2020-07-16,-0.003293552203337824,0.020389077857207782,0.03382414851714177,0.011926094546294369,0.027487191492638008,1.493319330792682,-1.2621469346434542,0.009186923881970399,0.012959367933468968,-0.00865943874649644,0.0028991804198248428,1
2020-07-17,0.0028991804198248428,0.01300376616197263,0.03642225669708332,0.01192439365052247,0.028603624052669918,1.4652341701542424,-0.8813489473697612,-0.003293552203337824,0.009186923881970399,0.012959367933468968,0.008081775067269259,1
2020-07-20,0.008081775067269259,0.030110816257878925,0.05080332354057182,0.011862142416020027,0.03432393397072331,1.6460278647302633,-1.0700314215671527,0.0028991804198248428,-0.003293552203337824,0.009186923881970399,0.0021275491353294207,1
2020-07-21,0.0021275491353294207,0.01909559288670626,0.04632713801762556,0.011827278462749715,0.034151487191350194,1.5387027944366365,-0.9669393188247781,0.008081775067269259,0.0028991804198248428,-0.003293552203337824,0.005691871769747614,1
2020-07-22,0.005691871769747614,0.015566224718939203,0.04746033060835253,0.011840764023324775,0.03759296757381403,1.5803868143717463,-0.9086423665855479,0.0021275491353294207,0.008081775067269259,0.0028991804198248428,-0.011931471748246603,0
2020-07-23,-0.011931471748246603,0.006764857615273456,0.062054126814332866,0.010466675635076132,0.02215153302755346,0.9682725825206401,-0.06250083697233871,0.005691871769747614,0.0021275491353294207,0.008081775067269259,-0.00644041007169438,0
2020-07-24,-0.00644041007169438,-0.0026107323492563506,0.044021554430781595,0.01050955396615859,0.013398679252921042,0.6052211880812831,-0.1204000341172938,-0.011931471748246603,0.005691871769747614,0.0021275491353294207,0.007292440463693151,1
2020-07-27,0.007292440463693151,-0.0033916946497993816,0.07722059276182369,0.008590923149296058,0.017067618402108797,0.9100305919406967,-1.3569593603156553,-0.00644041007169438,-0.011931471748246603,0.005691871769747614,-0.006342546085805423,0
2020-07-28,-0.006342546085805423,-0.011815140599143348,0.05488410881649397,0.00846858661208556,0.00796682773284596,0.49756416487003435,-0.7644778734784767,0.007292440463693151,-0.00644041007169438,-0.011931471748246603,0.012298655635475386,1
2020-07-29,0.012298655635475386,-0.005323367155695591,0.05435168086083175,0.008437209848105205,0.01768696861675778,1.2059853490345807,-1.2515797053904514,-0.006342546085805423,0.007292440463693151,-0.00644041007169438,-0.003567734826271818,0
2020-07-30,-0.003567734826271818,0.0030963056116024568,0.04328219506250108,0.008483303808272937,0.011927556633566594,0.892064967327024,-0.354996483211998,0.012298655635475386,-0.006342546085805423,0.007292440463693151,0.007902120134402946,1
2020-07-31,0.007902120134402946,0.017576503084103523,0.04576728014124365,0.008549758699997027,0.017652718991049587,1.3888076119733066,1.0473562596194275,-0.003567734826271818,0.012298655635475386,-0.006342546085805423,0.006951930000654638,1
2020-08-03,0.006951930000654638,0.017232516142155596,0.03702840438628163,0.008058635340949727,0.02285609614453543,1.6935200472728236,-0.8965389890103186,0.007902120134402946,-0.003567734826271818,0.012298655635475386,0.0038630344252326143,1
2020-08-04,0.0038630344252326143,0.027680229588112226,0.051883625642862086,0.007539080705229387,0.024213769276584474,1.7929522360394923,-1.4057203845021342,0.006951930000654638,0.007902120134402946,-0.003567734826271818,0.00621070431087678,1
2020-08-05,0.00621070431087678,0.021499773672108535,0.05038271355338719,0.007494722728962084,0.028033938168666728,1.9559646081133826,-1.2781571298170211,0.0038630344252326143,0.006951930000654638,0.007902120134402946,0.00668424746114038,1
2020-08-06,0.00668424746114038,0.03200966777359704,0.06345776219885679,0.007291973262284927,0.031719928767023564,2.137530704587006,-1.1045301293059395,0.00621070431087678,0.0038630344252326143,0.006951930000654638,0.0007184125936299246,1
2020-08-07,0.0007184125936299246,0.024654136433364338,0.05346501718218799,0.00711191198032017,0.029763199376864335,1.8967415668208119,-0.32895396883951,0.00668424746114038,0.00621070431087678,0.0038630344252326143,0.0029887606751004547,1
2020-08-10,0.0029887606751004547,0.020621294624508124,0.06584317569140707,0.006596894382563756,0.029556401702799384,1.906718352387389,-1.035084237769613,0.0007184125936299246,0.00668424746114038,0.00621070431087678,-0.008254616947714455,0
2020-08-11,-0.008254616947714455,0.008301353947395063,0.04352166731643825,0.006652737014861914,0.018888351283552263,1.236176755915888,0.794605224352772,0.0029887606751004547,0.0007184125936299246,0.00668424746114038,0.013942205437079691,1
2020-08-12,0.013942205437079691,0.016048919164299846,0.04843873393662279,0.006993585299480375,0.030634304047110428,1.855641236226455,-0.30121906303995283,-0.008254616947714455,0.0029887606751004547,0.0007184125936299246,-0.0018073681777105444,0
2020-08-13,-0.0018073681777105444,0.007478310342742711,0.050002055716741545,0.006937676754012741,0.026257696781528672,1.5503027865465624,-1.2201608470106395,0.013942205437079691,-0.008254616947714455,0.0029887606751004547,2.921975003244981e-05,1
2020-08-14,2.921975003244981e-05,0.006784461970583244,0.04699730243551281,0.0069578845977955345,0.02392918090153251,1.3915684015658347,-0.7035857361905605,-0.0018073681777105444,0.013942205437079691,-0.008254616947714455,0.003176694142595027,1
2020-08-17,0.003176694142595027,0.006973106651736671,0.041902868012254846,0.006829436698845608,0.025064577556968004,1.4049553511099404,-1.4818462882037773,2.921975003244981e-05,-0.0018073681777105444,0.013942205437079691,0.00216054906641161,1
2020-08-18,0.00216054906641161,0.017548192008080665,0.04193717773946304,0.006829453620841161,0.025159904855627913,1.3622667772421972,-1.1215386774002079,0.003176694142595027,2.921975003244981e-05,-0.0018073681777105444,-0.004163626570803158,0
2020-08-19,-0.004163626570803158,-0.0006220316256041469,0.031726485563837725,0.00691008108091142,0.019291575473739053,1.024513168618608,0.983499091421943,0.00216054906641161,0.003176694142595027,2.921975003244981e-05,0.003113567943486606,1
2020-08-20,0.003113567943486606,0.004304748022452509,0.04743629260908899,0.006136783791959871,0.020103394149113107,1.0839333301067544,-0.7998591228019571,-0.004163626570803158,0.00216054906641161,0.003176694142595027,0.0035469826793650405,1
2020-08-21,0.0035469826793650405,0.007837550807184401,0.05796526111993128,0.005780910972689179,0.020858732033034455,1.187676304231961,0.2701529066978798,0.003113567943486606,-0.004163626570803158,0.00216054906641161,0.01013351690170583,1
2020-08-24,0.01013351690170583,0.014826695642665477,0.06094926065657025,0.005929157627679706,0.028158194189351837,1.6063879416897293,-0.2643908995166342,0.0035469826793650405,0.003113567943486606,-0.004163626570803158,0.0034991822678720474,1
2020-08-25,0.0034991822678720474,0.016182247614633827,0.07145748396761764,0.005508247627495116,0.02821833671556262,1.7055771588897457,-0.9930077100345952,0.01013351690170583,0.0035469826793650405,0.003113567943486606,0.010025382445994158,1
2020-08-26,0.010025382445994158,0.030661151437419987,0.06905136047983751,0.005337309328798068,0.035055058121113536,2.0405836064813707,-0.01556882318470135,0.0034991822678720474,0.01013351690170583,0.0035469826793650405,0.0021868819689163654,1
2020-08-27,0.0021868819689163654,0.029709016739920546,0.07522536861762452,0.005093878753807291,0.03356812786849872,1.9812845908011607,0.58718723834931,0.010025382445994158,0.0034991822678720474,0.01013351690170583,0.006459471662443095,1
2020-08-28,0.006459471662443095,0.032697433046074975,0.07368635783070232,0.005040361589130222,0.036544421214948164,2.0903446108509502,-0.041130455109347056,0.0021868819689163654,0.010025382445994158,0.0034991822678720474,-0.003622740442547956,0
2020-08-31,-0.003622740442547956,0.018633894503858217,0.062410864875031,0.005218768814333578,0.029665759697257377,1.6856083460361646,1.6360315422565865,0.006459471662443095,0.0021868819689163654,0.010025382445994158,0.009418783378133178,1
2020-09-01,0.009418783378133178,0.024642774669786593,0.06829063915465583,0.005409024267590535,0.035922546215021445,1.9515261265523516,0.4651057609840567,-0.003622740442547956,0.006459471662443095,0.0021868819689163654,0.014463676151696081,1
2020-09-02,0.014463676151696081,0.02914530070175303,0.07705279257339992,0.005930629500347636,0.046970117256389665,2.275389694071486,1.6792951856049414,0.009418783378133178,-0.003622740442547956,0.006459471662443095,-0.03441423483746453,0
2020-09-03,-0.03441423483746453,-0.008440371231729138,0.03308147262687444,0.010337676096905156,0.009305757392645164,0.4628793766191903,3.8156413905647018,0.014463676151696081,0.009418783378133178,-0.003622740442547956,-0.008164609707343562,0
2020-09-04,-0.008164609707343562,-0.02284795454966515,0.02391117492416428,0.01056939549679501,-0.00010359196180542707,-0.005344382942542028,2.5932412140291947,-0.03441423483746453,0.014463676151696081,0.009418783378133178,-0.027322961520256817,0
2020-09-08,-0.027322961520256817,-0.04609087712900484,-0.00703285187243996,0.012331229825481111,-0.027088631440234323,-1.3660113021759066,1.5563451135120467,-0.008164609707343562,-0.03441423483746453,0.014463676151696081,0.01974726099629276,1
2020-09-09,0.01974726099629276,-0.03633038011075129,0.021003522543241226,0.012952138786038887,-0.008887698219280371,-0.4733217831338013,0.7931612435700109,-0.027322961520256817,-0.008164609707343562,-0.03441423483746453,-0.017363332197805725,0
2020-09-10,-0.017363332197805725,-0.06656381454452409,-0.010520033759013558,0.01321013842981382,-0.025592238786538823,-1.3207079209554704,0.7023474690565772,0.01974726099629276,-0.027322961520256817,-0.008164609707343562,0.0005090495997326361,1
2020-09-11,0.0005090495997326361,-0.03280331538974768,-0.008223834697675958,0.013207718500053735,-0.024702004945264533,-1.2451708138925934,0.4642096402499012,-0.017363332197805725,0.01974726099629276,-0.027322961520256817,0.013171020303214931,1
2020-09-14,0.013171020303214931,-0.011997695009339227,0.004809509029081616,0.013548978020740378,-0.01208996304069987,-0.6151763482189537,-0.14938344522544075,0.0005090495997326361,-0.017363332197805725,0.01974726099629276,0.005052409830007987,1
2020-09-15,0.005052409830007987,0.020887774939642556,0.006688277714550717,0.013576198756270004,-0.007426021286422446,-0.381625195731051,-0.5832633515812606,0.013171020303214931,0.0005090495997326361,-0.017363332197805725,-0.003968477795491476,0
2020-09-16,-0.003968477795491476,-0.002854488199696581,0.0005315601093494049,0.013604030873112074,-0.011390991917099802,-0.585899602118675,0.28169719717400765,0.005052409830007987,0.013171020303214931,0.0005090495997326361,-0.008795521461976041,0
2020-09-17,-0.008795521461976041,0.005839828124052371,-0.004122173320540323,0.013719645586172198,-0.019887552257439545,-1.0124988060313456,0.5470469146145643,-0.003968477795491476,0.005052409830007987,0.013171020303214931,-0.011512579975744175,0
2020-09-18,-0.011512579975744175,-0.006245853490527753,-0.018642818707042097,0.013926675801537816,-0.030278798094390047,-1.4631233721863737,0.9161144523537024,-0.008795521461976041,-0.003968477795491476,0.005052409830007987,-0.01112928430928728,0
2020-09-21,-0.01112928430928728,-0.030080455928021888,-0.032994573286018625,0.014068865244751764,-0.03949977073704536,-1.7452600769293938,0.6364518900050611,-0.011512579975744175,-0.008795521461976041,-0.003968477795491476,0.0101844136981728,1
2020-09-22,0.0101844136981728,-0.02512784768261922,-0.032945849550430895,0.014071100237759333,-0.028111309724666467,-1.1910144913254372,-0.5753989135544502,-0.01112928430928728,-0.011512579975744175,-0.008795521461976041,-0.023191193064516336,0
2020-09-23,-0.023191193064516336,-0.043942201837015915,-0.05866688520081487,0.01481040110878913,-0.04783375134682932,-1.8301396491067352,0.33950898275959673,0.0101844136981728,-0.01112928430928728,-0.011512579975744175,0.0026655413613636547,1
2020-09-24,0.0026655413613636547,-0.032887531761622846,-0.06552618027698853,0.014561334548373531,-0.042089357944663286,-1.5270167532528838,-0.2988394638714477,-0.023191193064516336,0.0101844136981728,-0.01112928430928728,0.016166827242553694,1
2020-09-25,0.016166827242553694,-0.00580666123966278,-0.05249079426823444,0.015160846568017763,-0.02397136752316409,-0.8729312855631304,-0.5392083733805423,0.0026655413613636547,-0.023191193064516336,0.0101844136981728,0.01660944402079001,1
2020-09-28,0.01660944402079001,0.022081371537385097,-0.0429353253017879,0.015641700169476764,-0.005546752881315675,-0.21208608374578203,-0.8415416985989959,0.016166827242553694,0.0026655413613636547,-0.023191193064516336,-0.005446190486396163,0
2020-09-29,-0.005446190486396163,0.006266685479780376,-0.04468683017236197,0.015656504806855813,-0.008669571932222508,-0.3476257588527454,-1.2877465301718738,0.01660944402079001,0.016166827242553694,0.0026655413613636547,0.00758218837177993,1
2020-09-30,0.00758218837177993,0.03796810782470805,-0.046424982291284556,0.015590226419980561,0.0012814504819844696,0.05733019098523365,0.6221764053859672,-0.005446190486396163,0.01660944402079001,0.016166827242553694,0.006419897444065237,1
2020-10-01,0.006419897444065237,0.04185464996514199,-0.0539859690509793,0.015235877223625032,0.010615434390838896,0.6439490830575234,-0.009783633088571017,0.00758218837177993,-0.005446190486396163,0.01660944402079001,-0.009494285116075085,0
2020-10-02,-0.009494285116075085,0.015544846774003362,-0.029571128922292966,0.013412158265588076,0.002549417590049785,0.17277956431260869,0.15953839771779418,0.006419897444065237,0.00758218837177993,-0.005446190486396163,0.017732837040370653,1
2020-10-05,0.017732837040370653,0.01666706337217394,-0.004232619874169674,0.013964864818495383,0.02054876981523468,1.4265512128614783,-1.849272802717048,-0.009494285116075085,0.006419897444065237,0.00758218837177993,-0.014215819326053536,0
2020-10-06,-0.014215819326053536,0.0077024475675864235,0.009185672248833265,0.012886978986867043,0.005580425492951013,0.38647998793189636,0.5624090683609921,0.017732837040370653,-0.009494285116075085,0.006419897444065237,0.017406786454054357,1
2020-10-07,0.017406786454054357,0.017528218257195638,0.006869438153747298,0.012712795668873678,0.022727414003197666,1.5233037205452995,-1.1707538330120097,-0.014215819326053536,0.017732837040370653,-0.009494285116075085,0.008862358552026883,1
2020-10-08,0.008862358552026883,0.01999763793546161,0.03374187979541543,0.012120813192858177,0.030056667896662503,1.8234368875191336,-1.5870413234455936,0.017406786454054357,-0.014215819326053536,0.017732837040370653,0.008929961855330681,1
2020-10-09,0.008929961855330681,0.038970459706384686,0.04244250041266695,0.012221989124091712,0.03706099085450232,1.9920084968409115,-0.7794409191699128,0.008862358552026883,0.017406786454054357,-0.014215819326053536,0.016087933897320994,1
2020-10-12,0.016087933897320994,0.03729123141335178,0.04544368643121066,0.012376829349196478,0.05133735844641096,2.3260909641234804,0.24305209200847153,0.008929961855330681,0.008862358552026883,0.017406786454054357,-0.006526041276932459,0
2020-10-13,-0.006526041276932459,0.04538279901835707,0.03339991787743868,0.012511239851713927,0.04271629127282894,1.7733888548560193,-0.17916254125363165,0.016087933897320994,0.008929961855330681,0.008862358552026883,-0.006283465309200653,0
2020-10-14,-0.006283465309200653,0.021041127597002607,0.030998078323947853,0.012577157292101564,0.03455292705447177,1.3624691081904758,-0.9169140804223422,-0.006526041276932459,0.016087933897320994,0.008929961855330681,-0.0012358954194174876,0
2020-10-15,-0.0012358954194174876,0.01082096967916435,0.03886119848884184,0.01235993141368544,0.031281262955521694,1.18802609031228,-0.7039088015885383,-0.006283465309200653,-0.006526041276932459,0.016087933897320994,-0.0006044650821208641,0
2020-10-16,-0.0006044650821208641,0.0012686726450596986,0.05032519598854246,0.011967622829370667,0.028119315919456156,1.0520753130657314,0.9111436437752133,-0.0012358954194174876,-0.006283465309200653,-0.006526041276932459,-0.015203356259051892,0
2020-10-19,-0.015203356259051892,-0.029566245785719647,0.04599793626569881,0.012243773798870115,0.010239438913592247,0.3984518683642073,-0.18064678808226675,-0.0006044650821208641,-0.0012358954194174876,-0.006283465309200653,0.004005700066705309,1
2020-10-20,0.004005700066705309,-0.01927875188536954,0.03960017203606525,0.012112201400106453,0.012330539153641018,0.48988303298571173,-0.6593441470100211,-0.015203356259051892,-0.0006044650821208641,-0.0012358954194174876,-0.0018928261676777192,0
2020-10-21,-0.0018928261676777192,-0.01494553114427044,0.062267643636270575,0.010624468959672182,0.007430961010478576,0.33177917814609814,-0.3828111928484253,0.004005700066705309,-0.015203356259051892,-0.0006044650821208641,0.005484986756773669,1
2020-10-22,0.005484986756773669,-0.008316903831828037,0.06525468716474059,0.010637400408433733,0.009823675467192539,0.5098959157221822,-0.8065881293486613,-0.0018928261676777192,0.004005700066705309,-0.015203356259051892,0.0033955402071537133,1
2020-10-23,0.0033955402071537133,-0.004347766997248481,0.05186645896159847,0.01019331439579352,0.010727650988403115,0.6179005563098244,-1.081491120421589,0.005484986756773669,-0.0018928261676777192,0.004005700066705309,-0.01847997261604062,0
2020-10-26,-0.01847997261604062,-0.007660502081454634,0.015560106859624279,0.0106606925582788,-0.008703947542647916,-0.5243794124696259,1.2530105323120995,0.0033955402071537133,0.005484986756773669,-0.0018928261676777192,-0.0034474723625509407,0
2020-10-27,-0.0034474723625509407,-0.01502707120138802,0.017601040564787285,0.0106080362424095,-0.012964684100584711,-0.8418442663546917,-0.21559331268384585,-0.01847997261604062,0.0033955402071537133,0.005484986756773669,-0.034178943486471436,0
2020-10-28,-0.034178943486471436,-0.046888330561868585,-0.024575341396462225,0.013056456373907843,-0.045554318917289005,-2.5302584912051076,2.761197623384171,-0.0034474723625509407,-0.01847997261604062,0.0033955402071537133,0.010163262914118842,1
2020-10-29,0.010163262914118842,-0.04245373466322455,-0.020947262306483583,0.013196938410204247,-0.034858573956397354,-1.789957836868758,0.9586869198396619,-0.034178943486471436,-0.0034474723625509407,-0.01847997261604062,-0.01042460093793407,0
2020-10-30,-0.01042460093793407,-0.055642376639023716,-0.021866821112277335,0.01323014616668092,-0.04389908080643179,-2.055774780450526,2.083108129945149,0.010163262914118842,-0.034178943486471436,-0.0034474723625509407,0.011208208395896868,1
2020-11-02,0.011208208395896868,-0.027078252341867448,-0.02813757854960275,0.012817370824347411,-0.031827872699735305,-1.4067451503232242,0.5183531268944,-0.01042460093793407,0.010163262914118842,-0.034178943486471436,0.01765613562583046,1
2020-11-03,0.01765613562583046,-0.006475064254407359,0.0032842640029113745,0.013111189188049247,-0.014892556775397137,-0.6619510185612888,0.8319607746644607,0.011208208395896868,-0.01042460093793407,0.010163262914118842,0.022349016374538566,1
2020-11-04,0.022349016374538566,0.051674359295619254,0.008157891321231014,0.01349266841879083,0.0067134139396953785,0.29780527541607416,1.9692151143850622,0.01765613562583046,0.011208208395896868,-0.01042460093793407,0.019502731320094613,1
2020-11-05,0.019502731320094613,0.06139761870586713,0.018790834142215385,0.014038755214772767,0.02537654584192084,1.0921745414352941,0.0842908275991706,0.022349016374538566,0.01765613562583046,0.011208208395896868,-0.00022834088249845674,0
2020-11-06,-0.00022834088249845674,0.07233391133480938,0.009543021867474355,0.013916179383757435,0.024645944905871353,1.041691340027536,-0.2541500729639271,0.019502731320094613,0.022349016374538566,0.01765613562583046,0.012565764327232554,1
2020-11-09,0.012565764327232554,0.07377352906102863,0.006043539595621983,0.01373047793498856,0.037198180509469436,1.5420715349232104,2.819705976815521,-0.00022834088249845674,0.019502731320094613,0.022349016374538566,-0.0014665505639712695,0
2020-11-10,-0.0014665505639712695,0.05359634590817275,0.01116704374057309,0.013642650914089892,0.03508512594882962,1.412588462581216,-0.015941025186867703,0.012565764327232554,-0.00022834088249845674,0.019502731320094613,0.0074284526302246245,1
2020-11-11,0.0074284526302246245,0.03821974634372416,0.02511975464231564,0.013620702625154477,0.04144363947247154,1.5730731493966692,-0.8956837416998228,-0.0014665505639712695,0.012565764327232554,-0.00022834088249845674,-0.009700780324817138,0
2020-11-12,-0.009700780324817138,0.008480088448872714,0.016431496126114054,0.01383446614977435,0.03048178718120953,1.1262445483076602,-0.6226050329754528,0.0074284526302246245,-0.0014665505639712695,0.012565764327232554,0.01384446936558148,1
2020-11-13,0.01384446936558148,0.022675478760531886,0.031126730940539193,0.014125606595519027,0.04310339485832171,1.502032366972,-0.7216507868996075,-0.009700780324817138,0.0074284526302246245,-0.0014665505639712695,0.0124826408523111,1
2020-11-16,0.0124826408523111,0.022591525359669795,0.060115225037985054,0.013740577842185634,0.052971016013255934,1.697942312076226,-0.35498229404072096,0.01384446936558148,-0.009700780324817138,0.0074284526302246245,-0.005378384521948609,0
2020-11-17,-0.005378384521948609,0.018585441981790796,0.05020670465327459,0.013864570337628135,0.044692443929077896,1.3607988260797874,-0.6448395894044473,0.0124826408523111,0.01384446936558148,-0.009700780324817138,-0.012034707522074362,0
2020-11-18,-0.012034707522074362,-0.0010932672449859293,0.03953543399674819,0.014216398398820444,0.030098132865321148,0.8986287411058579,-0.5129421224701697,-0.005378384521948609,0.0124826408523111,0.01384446936558148,0.004210081832799695,1
2020-11-19,0.004210081832799695,0.012938505770273334,0.03821735480023758,0.014202976473934452,0.03246920589870639,0.9471341870036676,-0.87988355923169,-0.012034707522074362,-0.005378384521948609,0.0124826408523111,-0.006847930011812053,0
2020-11-20,-0.006847930011812053,-0.007735403038693023,0.027618395438195886,0.01433308967923212,0.023987937924762726,0.6914321398277177,-0.5858265479765689,0.004210081832799695,-0.012034707522074362,-0.005378384521948609,0.005994403254383274,1
2020-11-23,0.005994403254383274,-0.014094078442428715,0.05324224228760688,0.013565171732822873,0.027450975630046726,0.7883235743870743,-0.7727495430693093,-0.006847930011812053,0.004210081832799695,-0.012034707522074362,0.01611364648905944,1
2020-11-24,0.01611364648905944,0.007209621688668344,0.07391611156147992,0.013802856750832232,0.04026939914336802,1.1384997523746965,-0.7906495910746552,0.005994403254383274,-0.006847930011812053,0.004210081832799695,-0.0015413572540250442,0
2020-11-25,-0.0015413572540250442,0.017907369306118026,0.11020650869159287,0.01066641293097189,0.0333388564804018,1.0181710311667813,-1.2458914110520107,0.01611364648905944,0.005994403254383274,-0.006847930011812053,0.0027845872060614507,1
2020-11-27,0.0027845872060614507,0.01646243112862522,0.10209707321976835,0.010616650390815038,0.03126651143974124,1.0308157741565134,-1.5945074840876257,-0.0015413572540250442,0.01611364648905944,0.005994403254383274,-0.004427121220385799,0
2020-11-30,-0.004427121220385799,0.018940058939902915,0.10877650851057052,0.010238202433013306,0.021556183377377414,0.8547398470417085,0.2380159328717249,0.0027845872060614507,-0.0015413572540250442,0.01611364648905944,0.010937566377578811,1
2020-12-01,0.010937566377578811,0.02394683323984359,0.10847975309498414,0.010230054706619434,0.027537039872408853,1.3508774638977337,-0.0650725027451973,-0.004427121220385799,0.0027845872060614507,-0.0015413572540250442,0.0021038068624141815,1
2020-12-02,0.0021038068624141815,0.00982899221933553,0.09153941249838171,0.009817127077711625,0.025271998748241487,1.5350236647554556,-0.9216865025324094,0.010937566377578811,-0.004427121220385799,0.0027845872060614507,-0.00027247978470856804,0
2020-12-03,-0.00027247978470856804,0.011112319541302096,0.0673869418332631,0.008905312922004046,0.02168694035466867,1.5018165063192395,-0.27963287370785406,0.0021038068624141815,0.010937566377578811,-0.004427121220385799,0.008617586595093263,1
2020-12-04,0.008617586595093263,0.01699375970040906,0.05599054142893323,0.008165034602954164,0.027683859197414895,1.876174875135237,-0.6577547025760214,-0.00027247978470856804,0.0021038068624141815,0.010937566377578811,-0.002055247699737861,0
2020-12-07,-0.002055247699737861,0.019416666773022673,0.0540609044948559,0.00821031086434314,0.02288154889201377,1.5968313389506592,-0.6683226886515055,0.008617586595093263,-0.00027247978470856804,0.0021038068624141815,0.002926554795951386,1
2020-12-08,0.002926554795951386,0.011338463928820097,0.04402667829927798,0.007874772451528055,0.023660826798151957,1.5996322123856876,-1.314957031626081,-0.002055247699737861,0.008617586595093263,-0.00027247978470856804,-0.008969111268873786,0
2020-12-09,-0.008969111268873786,0.00016350586816882284,0.03618230059124827,0.008228669940706996,0.012685806367494612,0.8910047791633359,0.9976587653178223,0.002926554795951386,-0.002055247699737861,0.008617586595093263,-0.0003271382207568063,0
2020-12-10,-0.0003271382207568063,0.00010882359533170849,0.028205351012910107,0.008132181020789062,0.010950785834797694,0.7828733228170278,-0.21424544775898083,-0.008969111268873786,0.002926554795951386,-0.002055247699737861,-0.0011722688969746375,0
2020-12-11,-0.0011722688969746375,-0.009598444044520482,0.03706031213179162,0.007731937271675161,0.007947095503401558,0.6278443499306655,-0.18159609659791245,-0.0003271382207568063,-0.008969111268873786,0.002926554795951386,-0.004477420832594836,0
2020-12-14,-0.004477420832594836,-0.012002308621237301,0.01831887225427753,0.007309833109396535,0.002529254135108072,0.20757508746682954,0.648381212999351,-0.0011722688969746375,-0.0003271382207568063,-0.008969111268873786,0.013519466534735791,1
2020-12-15,0.013519466534735791,-0.001567075559702369,0.01936167448816306,0.007399181776280486,0.015103370639016012,1.1931014799772064,0.3007293291754525,-0.004477420832594836,-0.0011722688969746375,-0.0003271382207568063,0.0015695351398601343,1
2020-12-16,0.0015695351398601343,0.009050284275556209,0.02648241559257447,0.007246204517543148,0.015364962452418585,1.1858349991460644,-0.0846755928703772,0.013519466534735791,-0.004477420832594836,-0.0011722688969746375,0.005591985418306189,1
2020-12-17,0.005591985418306189,0.015024932201907149,0.04479630828304537,0.006575727934301742,0.01881279609495623,1.4954820720237905,0.3823175239585927,0.0015695351398601343,0.013519466534735791,-0.004477420832594836,-0.003993217515394942,0
2020-12-18,-0.003993217515394942,0.012158238485869388,0.03626146380200623,0.006699346232522262,0.012946043838796273,1.081946644623283,3.410079252127359,0.005591985418306189,0.0015695351398601343,0.013519466534735791,-0.0035751428089677573,0
2020-12-21,-0.0035751428089677573,0.013075594007612379,0.03967631169893715,0.006514310748665638,0.007384494020619581,0.7436370989566913,1.4076142857229972,-0.003993217515394942,0.005591985418306189,0.0015695351398601343,-0.0016856554181532424,0
2020-12-22,-0.0016856554181532424,-0.0021228688369624438,0.031739115380087446,0.0064907546636455765,0.0041331143272638204,0.5164975240917042,-0.6771495171044596,-0.0035751428089677573,-0.003993217515394942,0.005591985418306189,0.0008987085159477548,1
2020-12-23,0.0008987085159477548,-0.0027912223795687474,0.016290206983687883,0.005516649071503137,0.004226642545277937,0.5543247064644103,-0.7077855004870465,-0.0016856554181532424,-0.0035751428089677573,-0.003993217515394942,0.0038903404854890855,1
2020-12-24,0.0038903404854890855,-0.004478681396749229,0.02181890991001234,0.005527831993618973,0.007049504305394416,0.9885825289919559,-1.4439082612970968,0.0008987085159477548,-0.0016856554181532424,-0.0035751428089677573,0.008590797322576949,1
2020-12-28,0.008590797322576949,0.008099199863827788,0.027735330413140247,0.0057685024438813536,0.014310721340949906,1.9388214461939772,-0.9789518800411515,0.0038903404854890855,0.0008987085159477548,-0.0016856554181532424,-0.0019077492876737878,0
2020-12-29,-0.0019077492876737878,0.009786128950897366,0.030336091844963553,0.005661425344917007,0.010869107615462559,1.637093332298457,-0.3060512108774878,0.008590797322576949,0.0038903404854890855,0.0008987085159477548,0.001426800346693291,1
2020-12-30,0.001426800346693291,0.012934350425799268,0.020642827069149883,0.0052092961686938345,0.011276156345075838,1.6387027449898386,-0.43562732002696364,-0.0019077492876737878,0.008590797322576949,0.0038903404854890855,0.00508095799931052,1
2020-12-31,0.00508095799931052,0.017166890769496845,0.023675055798514588,0.00528345369863637,0.015221160972339165,2.0109088941964686,0.7394712792891726,0.001426800346693291,-0.0019077492876737878,0.008590797322576949,-0.013614196254063238,0
2021-01-04,-0.013614196254063238,-0.0005691452213667514,0.010013751017914574,0.0062337974632827335,0.0009028752589790301,0.12372011632932182,1.8043707209059998,0.00508095799931052,0.001426800346693291,-0.0019077492876737878,0.006887370640674462,1
2021-01-05,0.006887370640674462,-0.0022571015156994667,0.008281140036885626,0.006126543019839894,0.007379552282986701,0.9842292088410814,0.08013211522925086,-0.013614196254063238,0.00508095799931052,0.001426800346693291,0.005978444814845663,1
2021-01-06,0.005978444814845663,0.005626332261330802,0.0163980429301962,0.006217689187360775,0.012574350586964878,1.5668511537608911,1.4980005431320453,0.006887370640674462,-0.013614196254063238,0.00508095799931052,0.014857552507073324,1
2021-01-07,0.014857552507073324,0.0191134069330674,0.028489299927829892,0.00695756372026426,0.026158237967129683,2.588901063176947,0.004877400306869187,0.005978444814845663,0.006887370640674462,-0.013614196254063238,0.005697605566522546,1
2021-01-08,0.005697605566522546,0.01973866383212286,0.043710380826317285,0.006565882278282062,0.02977952123058336,2.4829753120919977,0.11929981530419927,0.014857552507073324,0.005978444814845663,0.006887370640674462,-0.0067406354441531535,0
2021-01-11,-0.0067406354441531535,0.026844641725811025,0.037014356671429605,0.006844543679826441,0.020974447620528913,1.6719361664527115,-0.6426877574229125,0.005697605566522546,0.014857552507073324,0.005978444814845663,0.000211070875725472,1
2021-01-12,0.000211070875725472,0.020036012637702605,0.038450583519937576,0.006819432489122074,0.019262953756740364,1.5130073457872413,-0.5735073959475867,-0.0067406354441531535,0.005697605566522546,0.014857552507073324,0.0026931021114087184,1
2021-01-13,0.0026931021114087184,0.016704760473567948,0.045930307125575,0.006652372224974847,0.019719692408644907,1.5887517399844187,-0.7853842317476015,0.000211070875725472,-0.0067406354441531535,0.005697605566522546,-0.0035017456805818137,0
2021-01-14,-0.0035017456805818137,-0.0016879546619018582,0.02836478193553016,0.006211469136933258,0.014726863360408293,1.1721694808158436,-0.5828065747775866,0.0026931021114087184,0.000211070875725472,-0.0067406354441531535,-0.007292969292760909,0
2021-01-15,-0.007292969292760909,-0.014583130394754007,0.019265176647533577,0.006509069964264229,0.006368452738942709,0.5161955323847389,1.3367356738993648,-0.0035017456805818137,0.0026931021114087184,0.000211070875725472,0.007852005297772191,1
2021-01-19,0.007852005297772191,-0.00010570901588546899,0.021555926370158573,0.006612247779287019,0.013186242670440773,1.0467094903464604,-0.5685328285435219,-0.007292969292760909,-0.0035017456805818137,0.0026931021114087184,0.013838495308297505,1
2021-01-20,0.013838495308297505,0.013517399433630395,0.03984505073428468,0.007076960923461547,0.025189602057342775,1.8515566486749657,-0.0928191844968734,0.007852005297772191,-0.007292969292760909,-0.0035017456805818137,0.0009118685977744789,1
2021-01-21,0.0009118685977744789,0.011716937104009117,0.04452758807788548,0.006961795864903419,0.023885046352928763,1.6941848975272387,-0.5930544034356613,0.013838495308297505,0.007852005297772191,-0.007292969292760909,-0.003539456039151956,0
2021-01-22,-0.003539456039151956,0.011678650826733472,0.04258797266322367,0.007028326217913572,0.018139453525867433,1.3129966071762307,-0.3903369939232062,0.0009118685977744789,0.013838495308297505,0.007852005297772191,0.003943798637593643,1
2021-01-25,0.003943798637593643,0.02313016458435757,0.045759896364884645,0.007033664865762785,0.019873995578709946,1.4659564622336625,0.31728103356802323,-0.003539456039151956,0.0009118685977744789,0.013838495308297505,-0.0015608399242588167,0
2021-01-26,-0.0015608399242588167,0.01357462882057403,0.04008136193690359,0.0070728019425384875,0.01628811267755803,1.2364703367448313,-0.9733122419686463,0.003943798637593643,-0.003539456039151956,0.0009118685977744789,-0.024440432696708925,0
2021-01-27,-0.024440432696708925,-0.02469433652634312,0.006018819629250327,0.009034876035463978,-0.008844368189031337,-0.6861500820294354,2.231928096161598,-0.0015608399242588167,0.003943798637593643,-0.003539456039151956,0.008600179898632154,1
2021-01-28,0.008600179898632154,-0.017202714347079873,0.016610199844065976,0.009201338562218752,-0.0011360025204529833,-0.0925668145255059,0.955543286740196,-0.024440432696708925,-0.0015608399242588167,0.003943798637593643,-0.02001933168690817,0
2021-01-29,-0.02001933168690817,-0.03345662139103878,-0.005161093439690512,0.010314647779079977,-0.020883983115020044,-1.6481380315427094,1.9096072608185684,0.008600179898632154,-0.024440432696708925,-0.0015608399242588167,0.01664514046854504,1
2021-02-01,0.01664514046854504,-0.021228448994521587,0.006285246829115021,0.010932358242642581,-0.0048958046477306505,-0.3928271653445071,0.06934215487869481,-0.02001933168690817,0.008600179898632154,-0.024440432696708925,0.014140308155270231,1
2021-02-02,0.014140308155270231,-0.005836587704544094,0.03459967330818814,0.010824779538734992,0.007475190352355332,0.669793509909397,-0.2725346409105798,0.01664514046854504,-0.02001933168690817,0.008600179898632154,0.0007862719400062446,1
2021-02-03,0.0007862719400062446,0.019871188225461633,0.028330655633931556,0.010758386608463961,0.006868904213495064,0.6678185754324057,-0.6945149170478248,0.014140308155270231,0.01664514046854504,-0.02001933168690817,0.011365820410018879,1
2021-02-04,0.011365820410018879,0.022667734498967196,0.033837735339749875,0.010943509730834092,0.01661862072279452,1.5969812938419947,-0.8091938369666752,0.0007862719400062446,0.014140308155270231,0.01664514046854504,0.003935952791374264,1
2021-02-05,0.003935952791374264,0.04766648937119733,0.022711876455936864,0.010517781956275842,0.019464653855292724,1.7150681673856996,-0.7006563760032481,0.011365820410018879,0.0007862719400062446,0.014140308155270231,0.007221630151761804,1
2021-02-08,0.007221630151761804,0.03795543525984102,0.02426168430544151,0.010557707726908385,0.025579620322683683,1.995030040669099,-1.004894892387842,0.003935952791374264,0.011365820410018879,0.0007862719400062446,-0.0006658904117082809,0
2021-02-09,-0.0006658904117082809,0.022801541706308326,0.03052603861277836,0.010401880891647402,0.023343298024485648,1.6827390062140892,-1.0556292083320604,0.007221630151761804,0.003935952791374264,0.011365820410018879,-0.00043549212842297624,0
2021-02-10,-0.00043549212842297624,0.021552901304428662,0.02985987920824873,0.01040728495328035,0.02138303040032108,1.4594120701579838,-0.2057196076620985,-0.0006658904117082809,0.007221630151761804,0.003935952791374264,0.0016150813497493033,1
2021-02-11,0.0016150813497493033,0.011703946973697477,0.028752650756144194,0.01040370187338589,0.021572167562563527,1.3979141147374723,-0.7946869863512336,-0.00043549212842297624,-0.0006658904117082809,0.007221630151761804,0.004939888143604021,1
2021-02-12,0.004939888143604021,0.012715650315462623,0.037467521189384456,0.0103625380875516,0.024719010067572933,1.5182687447184757,-0.5151944203599419,0.0016150813497493033,-0.00043549212842297624,-0.0006658904117082809,-0.0008662682396380905,0
2021-02-16,-0.0008662682396380905,0.004583635440148726,0.04418399785849636,0.010160396985603224,0.021618360787966084,1.3184305515304917,-0.426056980290812,0.004939888143604021,0.0016150813497493033,-0.00043549212842297624,0.00022963570695333502,1
2021-02-17,0.00022963570695333502,0.005483865778816321,0.03628684995318965,0.010080404787205429,0.02002805773080696,1.1981539976915145,-0.37686883719941816,-0.0008662682396380905,0.004939888143604021,0.0016150813497493033,-0.004256038049296751,0
2021-02-18,-0.004256038049296751,0.001640694826212652,0.017791668460981347,0.00975280211432037,0.01478590972701821,0.8670681188247042,-0.08200906526157373,0.00022963570695333502,-0.0008662682396380905,0.004939888143604021,-0.0017659490798668243,0
2021-02-19,-0.0017659490798668243,-0.0017404220637065038,0.015068690936717255,0.009771392752174007,0.012232757244475367,0.7081266852933173,0.7637891317811295,-0.004256038049296751,0.00022963570695333502,-0.0008662682396380905,-0.007691684774653873,0
2021-02-22,-0.007691684774653873,-0.014288026949153765,0.010838922470158385,0.009911412022380287,0.00390635912736137,0.22677281671323918,0.1213076691641602,-0.0017659490798668243,-0.004256038049296751,0.00022963570695333502,0.0012145090265314185,1
2021-02-23,0.0012145090265314185,-0.012235201587225908,0.008090887995221507,0.00988149233370755,0.004720354044576602,0.2737889632034718,1.503378808244552,-0.007691684774653873,-0.0017659490798668243,-0.004256038049296751,0.011019270662023128,1
2021-02-24,0.011019270662023128,-0.0015800267994791062,0.02079260819922557,0.010143694999021123,0.014741851419453056,0.8408884037554446,0.17883026180538492,0.0012145090265314185,-0.007691684774653873,-0.0017659490798668243,-0.02409578920576161,0
2021-02-25,-0.02409578920576161,-0.021473096278039838,0.02115323151717985,0.010098252321033197,-0.010723850717774486,-0.6617827257668522,2.6199373867352547,0.011019270662023128,0.0012145090265314185,-0.007691684774653873,-0.005152778126404467,0
2021-02-26,-0.005152778126404467,-0.024793062509695818,0.007229103988670493,0.010028361962801368,-0.01616884393922835,-1.0269523284899775,2.326987162621429,-0.02409578920576161,0.011019270662023128,0.0012145090265314185,0.02424046094852117,1
2021-03-01,0.02424046094852117,0.006588766666168366,0.052719543464018415,0.010165829522323063,0.005143499966331344,0.42393203615087355,1.0413843433579895,-0.005152778126404467,-0.02409578920576161,0.011019270662023128,-0.0078034909568373,0
2021-03-02,-0.0078034909568373,-0.002477639582658675,0.02740338240846385,0.00985594770727783,-0.00402479755146623,-0.40192725638528254,0.26229797398266,0.02424046094852117,-0.005152778126404467,-0.02409578920576161,-0.013245510049194609,0
2021-03-03,-0.013245510049194609,-0.026418490199891398,-0.0003405915042490326,0.009894877789553159,-0.01720054299782614,-1.7125429976586646,1.3212045184614067,-0.0078034909568373,0.02424046094852117,-0.005152778126404467,-0.0123749909631502,0
2021-03-04,-0.0123749909631502,-0.014725588045265914,-0.013487035113354806,0.010272346081477977,-0.028718232307835212,-2.4964048019875857,2.437327836412295,-0.013245510049194609,-0.0078034909568373,0.02424046094852117,0.018396746854683954,1
2021-03-05,0.018396746854683954,0.00859733417575348,-0.006628883539659736,0.010810634466485074,-0.010523244710330393,-0.8972301449564161,1.4970928885020907,-0.0123749909631502,-0.013245510049194609,-0.0078034909568373,-0.00497879503650589,0
2021-03-08,-0.00497879503650589,-0.020175658902263915,-0.01544981776172949,0.010811568299984585,-0.014688502382197766,-1.200409563396406,0.7662944243039003,0.018396746854683954,-0.0123749909631502,-0.013245510049194609,0.01427763563607476,1
2021-03-09,0.01427763563607476,0.0016301276706605083,-0.00855263517798388,0.011192853749351086,-0.00018961254749760847,-0.015675941640449765,0.481876109426585,-0.00497879503650589,0.018396746854683954,-0.0123749909631502,0.006224589807961145,1
2021-03-10,0.006224589807961145,0.021393745474574066,-0.0017165346280247906,0.01128890063612261,0.006120819469352945,0.5081861571981429,0.32413282481943984,0.01427763563607476,-0.00497879503650589,0.018396746854683954,0.010138911233360526,1
2021-03-11,0.010138911233360526,0.044677439872074176,0.008844316571784416,0.011514067928426014,0.015869226014416427,1.2711641134366374,-0.2925302220074521,0.006224589807961145,0.01427763563607476,-0.00497879503650589,0.0013468659664166438,1
2021-03-12,0.0013468659664166438,0.027187570652155824,0.008574165322935867,0.011512860951735777,0.016797811762674586,1.2988267122427446,-0.8867623745770207,0.010138911233360526,0.006224589807961145,0.01427763563607476,0.005963627568318142,1
2021-03-15,0.005963627568318142,0.03848373241878944,0.009601607011708646,0.01153594007617721,0.022364351845163055,1.6430875644676717,-0.7117845036490921,0.0013468659664166438,0.010138911233360526,0.006224589807961145,-0.0012613012818710745,0
2021-03-16,-0.0012613012818710745,0.02257395324057776,0.009202435227608774,0.011538814307234337,0.020599717792122663,1.4532049323889442,-0.7592707892115337,0.005963627568318142,0.0013468659664166438,0.010138911233360526,0.0034097229485958724,1
2021-03-17,0.0034097229485958724,0.01971334979142525,0.012411050203542384,0.011556480914951846,0.023437263648664164,1.5667682719768246,-0.164130120943095,-0.0012613012818710745,0.005963627568318142,0.0013468659664166438,-0.014549506610869956,0
2021-03-18,-0.014549506610869956,-0.00520907323478248,0.0019452861970563617,0.012008274748876677,0.0084480241596403,0.5628554167160069,0.2709337528559854,0.0034097229485958724,-0.0012613012818710745,0.005963627568318142,-0.0018504198222351054,0
2021-03-19,-0.0018504198222351054,-0.008385426006163543,0.0018605014093009409,0.012009004709966756,0.006487902094247433,0.4312478399430672,0.1749082544712738,-0.014549506610869956,0.0034097229485958724,-0.0012613012818710745,0.007984988195278042,1
2021-03-22,0.007984988195278042,-0.006392898043859563,0.01768808160902835,0.0119810316325522,0.013631023255964436,0.887873207454748,-1.070671946164693,-0.0018504198222351054,-0.014549506610869956,0.0034097229485958724,-0.007870916534924222,0
2021-03-23,-0.007870916534924222,-0.012968552581988924,0.008453168184502147,0.012141451562059808,0.005229129337558369,0.33996478847182576,-0.5158183552560192,0.007984988195278042,-0.0018504198222351054,-0.014549506610869956,-0.005083297876125159,0
2021-03-24,-0.005083297876125159,-0.021322945055825104,-0.007608529875486769,0.011938757450239364,0.0005028319050555119,0.032911927113517446,-0.3521359327420925,-0.007870916534924222,0.007984988195278042,-0.0018504198222351054,0.005625607011094935,1
2021-03-25,0.005625607011094935,-0.0012865039406528833,0.022614989768715565,0.010597148760187048,0.005013167661760631,0.33804038680008264,0.2969498070173223,-0.005083297876125159,-0.007870916534924222,0.007984988195278042,0.016114791938518724,1
2021-03-26,0.016114791938518724,0.016688857469441043,0.04447617153227079,0.010988904326459232,0.018993179880349764,1.305720341634004,0.32352344268189126,0.005625607011094935,-0.005083297876125159,-0.007870916534924222,-0.0005051403783126185,0
2021-03-29,-0.0005051403783126185,0.00812541731870331,0.0192416763902028,0.009698153155878944,0.017500257783337636,1.1586781295047988,0.09652166424815033,0.016114791938518724,0.005625607011094935,-0.005083297876125159,-0.0026527065113685078,0
2021-03-30,-0.0026527065113685078,0.01342776178710725,0.024532860268673407,0.009518857028391935,0.013569649717838361,0.8893943709672518,-1.0137771892687855,-0.0005051403783126185,0.016114791938518724,0.005625607011094935,0.004053255326702754,1
2021-03-31,0.004053255326702754,0.022734306388303427,0.04249391719841533,0.008897511068722748,0.015571490571381963,1.0644736927506326,0.27795188197997983,-0.0026527065113685078,-0.0005051403783126185,0.016114791938518724,0.010799018780478065,1
2021-04-01,0.010799018780478065,0.027995733365433706,0.06695539192189326,0.00840580884778598,0.02324284735903026,1.817408652092894,-0.04507714214889281,0.004053255326702754,-0.0026527065113685078,-0.0005051403783126185,0.014353264129350896,1
2021-04-05,0.014353264129350896,0.0262136088590339,0.06271911003149877,0.00806477682863243,0.03476045270894934,2.4607592295355083,-0.33278044609659596,0.010799018780478065,0.004053255326702754,-0.0026527065113685078,-0.0005908295895584725,0
2021-04-06,-0.0005908295895584725,0.026125628982132554,0.06740561792838329,0.00789192199745857,0.030783294665645,2.1914755482237327,-1.7592591003799964,0.014353264129350896,0.010799018780478065,0.004053255326702754,0.0011573522316983276,1
2021-04-07,0.0011573522316983276,0.03004562650928566,0.05359809253040737,0.007464820407952456,0.029274523151159526,1.971222819127785,-1.8071558842759043,-0.0005908295895584725,0.014353264129350896,0.010799018780478065,0.004746845514252751,1
2021-04-08,0.004746845514252751,0.03075717197311989,0.052050775375898306,0.007434729394454294,0.03152140785886015,1.9604091148067457,-1.5070935343801322,0.0011573522316983276,-0.0005908295895584725,0.014353264129350896,0.007270181925751906,1
2021-04-09,0.007270181925751906,0.027158658491062138,0.04906301907936239,0.007307532492758586,0.03650239952947243,2.0215297364463893,-1.2349186261581144,0.004746845514252751,0.0011573522316983276,-0.0005908295895584725,0.0003644559154030169,1
2021-04-12,0.0003644559154030169,0.01299325282121333,0.04803379525181706,0.0073184410626482834,0.034422237327604854,1.7568208271962034,-1.3868514227816409,0.007270181925751906,0.004746845514252751,0.0011573522316983276,0.002963845902614226,1
2021-04-13,0.002963845902614226,0.01659624386447245,0.04490856042435709,0.007271589515856695,0.03518018980118587,1.6621365418130496,-1.3047257513599855,0.0003644559154030169,0.007270181925751906,0.004746845514252751,-0.0034151362718004563,0
2021-04-14,-0.0034151362718004563,0.01195324281432919,0.04265515758574945,0.007341535334806975,0.02947247814940468,1.334058976416944,-1.0338496548393608,0.002963845902614226,0.0003644559154030169,0.007270181925751906,0.01074262120052838,1
2021-04-15,0.01074262120052838,0.01799202230988306,0.05027486069163656,0.007588485191298006,0.03794678381178729,1.6025697454491614,-0.9934790239893637,-0.0034151362718004563,0.002963845902614226,0.0003644559154030169,0.0033422878499920206,1
2021-04-16,0.0033422878499920206,0.01402231794917519,0.0693436034250019,0.006443055863943273,0.03791125953731167,1.5490039939643963,-0.017376953017490003,0.01074262120052838,-0.0034151362718004563,0.002963845902614226,-0.0049130402320675115,0
2021-04-19,-0.0049130402320675115,0.008672768747600701,0.06606253853251376,0.006608126412738643,0.029517398946289353,1.2153064530056077,-0.10059914689846251,0.0033422878499920206,0.01074262120052838,-0.0034151362718004563,-0.0073216445802315455,0
2021-04-20,-0.0073216445802315455,-0.0016712672868411937,0.04987397621844547,0.006907355807993653,0.019504848384652274,0.8175337634928352,0.03561627992573419,-0.0049130402320675115,0.0033422878499920206,0.01074262120052838,0.009462127804056975,1
2021-04-21,0.009462127804056975,0.011228530004450565,0.06821585580187728,0.006624647792338992,0.025780755261912702,1.1212148717505224,-0.6031230584763964,-0.0073216445802315455,-0.0049130402320675115,0.0033422878499920206,-0.009133454058735557,0
2021-04-22,-0.009133454058735557,-0.008657100565684028,0.0638673097944551,0.006949184877365908,0.013320274367119467,0.6455527656277391,0.8150595606674318,0.009462127804056975,-0.0073216445802315455,-0.0049130402320675115,0.010842752750974238,1
2021-04-23,0.010842752750974238,-0.0012463368491677507,0.06938661117699207,0.007143274041303575,0.020914870052551215,1.1189377232420055,-0.22667601628261264,-0.009133454058735557,0.009462127804056975,-0.0073216445802315455,0.002087733381378243,1
2021-04-26,0.002087733381378243,0.005780233263809276,0.05462415644824592,0.006485901445025398,0.02034294178519125,1.1353336536715208,-1.194489758670647,0.010842752750974238,-0.009133454058735557,0.009462127804056975,-0.00021548459598907943,0
2021-04-27,-0.00021548459598907943,0.012980183990587202,0.054929788820591297,0.006478727913797875,0.01742093501897024,1.0482784433343313,-1.1555361539876692,0.002087733381378243,0.010842752750974238,-0.009133454058735557,-0.0002876362545334299,0
2021-04-28,-0.0002876362545334299,0.0031964412251004326,0.057431407948529856,0.0063970083179469926,0.014326593185029157,0.9982015237493468,-1.0562691931933001,-0.00021548459598907943,0.002087733381378243,0.010842752750974238,0.006372748535937278,1
2021-04-29,0.006372748535937278,0.018895595993832615,0.0598742116115385,0.006441501595895934,0.017855841969246944,1.469882415687403,0.6265552410911241,-0.0002876362545334299,-0.00021548459598907943,0.002087733381378243,-0.0065703293906937965,0
2021-04-30,-0.0065703293906937965,0.0013437931456252716,0.041661566113190274,0.0064956044031903816,0.009127638101808166,0.8937307945504982,1.2172255994719618,0.006372748535937278,-0.0002876362545334299,-0.00021548459598907943,0.002156760892745524,1
2021-05-03,0.002156760892745524,0.00141276941163615,0.029136710018354384,0.005818226747318884,0.009858380133341615,1.023345011006759,0.08988320348152903,-0.0065703293906937965,0.006372748535937278,-0.0002876362545334299,-0.006169267620662722,0
2021-05-04,-0.006169267620662722,-0.004550709973524247,0.023392340712623527,0.006050447861954253,0.002478421650599083,0.2914453171490944,2.146784428262629,0.002156760892745524,-0.0065703293906937965,0.006372748535937278,0.000312596947616095,1
2021-05-05,0.000312596947616095,-0.003953036345990535,0.022528824018090754,0.006053519372603896,0.0016852332354289068,0.2343350647347837,-0.5963360474501251,-0.006169267620662722,0.002156760892745524,-0.0065703293906937965,0.007985671995543342,1
2021-05-06,0.007985671995543342,-0.0023566621229361706,0.025824971149976284,0.006196936365299959,0.008402751924381224,1.2993896765618784,0.29359350999385064,0.000312596947616095,-0.006169267620662722,0.002156760892745524,0.007277891915140167,1
2021-05-07,0.007277891915140167,0.011550296905918689,0.025832823164047447,0.006197327933402358,0.01444438931840919,2.0865397468917957,-0.17386458538049152,0.007985671995543342,0.000312596947616095,-0.006169267620662722,-0.009902231787361493,0
2021-05-10,-0.009902231787361493,-0.000621728571494562,0.015304754950115296,0.006684457840477807,0.0036393526365836593,0.5602175643013235,0.7071811246168574,0.007277891915140167,0.007985671995543342,0.000312596947616095,-0.008924851098331077,0
2021-05-11,-0.008924851098331077,-0.0033926936493163806,0.003269774183328078,0.00700123229660088,-0.00547918030997252,-0.868576195708354,2.4474863561826767,-0.009902231787361493,0.007277891915140167,0.007985671995543342,-0.021245280452254045,0
2021-05-12,-0.021245280452254045,-0.02487071781064565,-0.014679971369358391,0.00846597448766265,-0.025901722782068592,-3.12069894570488,2.618033820160642,-0.008924851098331077,-0.009902231787361493,0.007277891915140167,0.012012841407965213,1
2021-05-13,0.012012841407965213,-0.020974818367337722,-0.013441700235929499,0.008560609133060516,-0.013537557655558419,-1.5221057866719754,1.1727532865741401,-0.021245280452254045,-0.008924851098331077,-0.009902231787361493,0.01535492407692729,1
2021-05-14,0.01535492407692729,-0.013124335454214653,-0.0016300123251918874,0.00924860205559931,0.0016914016183813274,0.19067121407415205,0.0753135200591065,0.012012841407965213,-0.021245280452254045,-0.008924851098331077,-0.0025443977992484212,0
2021-05-17,-0.0025443977992484212,-0.005790446277042838,0.0007464448208358565,0.009197955123440332,-0.0008945288774473426,-0.10090655693736325,-0.6605697747739281,0.01535492407692729,0.012012841407965213,-0.021245280452254045,-0.008615830912278355,0
2021-05-18,-0.008615830912278355,-0.0054804487742224905,-0.0005582601358709027,0.009257111909044916,-0.009475251593526579,-1.065188232240792,-0.8331956495919022,-0.0025443977992484212,0.01535492407692729,0.012012841407965213,-0.002621487016541857,0
2021-05-19,-0.002621487016541857,0.013443318661978898,-0.012521927407290745,0.008998651464618472,-0.011452691413182281,-1.2315280453962865,1.0999127291085549,-0.008615830912278355,-0.0025443977992484212,0.01535492407692729,0.010757968511936555,1
2021-05-20,0.010757968511936555,0.012186672006704535,0.007301472324663383,0.0091034798298645,-0.001179634335220503,-0.12956001847967036,-0.0761039546138204,-0.002621487016541857,-0.008615830912278355,-0.0025443977992484212,-0.000818734255300102,0
2021-05-21,-0.000818734255300102,-0.003936519020663165,-0.004319161051741571,0.008766875990838882,-0.0017813267423585355,-0.19575019717305073,-0.14630143814964885,0.010757968511936555,-0.002621487016541857,-0.008615830912278355,0.010194050356112427,1
2021-05-24,0.010194050356112427,0.00878415043460734,0.0037353278091774023,0.00905972563185399,0.008205391733209666,0.888351330911598,-1.2372689295193395,-0.000818734255300102,0.010757968511936555,-0.002621487016541857,-0.0022185701070264185,0
2021-05-25,-0.0022185701070264185,0.01529369084059673,0.0017243267773818793,0.009075914685899024,0.005881526521003266,0.6334005098890814,-1.0029365132644095,0.010194050356112427,-0.000818734255300102,0.010757968511936555,0.001984532131883432,1
2021-05-26,0.001984532131883432,0.01998244452880127,0.004001067997907226,0.009084689897799342,0.00767536347103337,0.8152992629381022,-1.5753606162424694,-0.0022185701070264185,0.010194050356112427,-0.000818734255300102,0.0005248355726266141,1
2021-05-27,0.0005248355726266141,0.009655920993209222,-0.0018330634104244403,0.008970268334093525,0.008297570302897572,0.8903391652520605,-0.9217393523932307,0.001984532131883432,-0.0022185701070264185,0.010194050356112427,0.0017889270750288677,1
2021-05-28,0.0017889270750288677,0.01229091905849966,0.006566054982565905,0.008844502501669023,0.009768666959746097,1.0217865267355708,-0.777674411886544,0.0005248355726266141,0.001984532131883432,-0.0022185701070264185,-0.0008809728198515554,0
2021-06-01,-0.0008809728198515554,0.0011929073592240602,0.0035149558347116194,0.008838185643590651,0.00870086365427869,0.8975194520377112,-0.9088088863024925,0.0017889270750288677,0.0005248355726266141,0.001984532131883432,0.0015725679700859807,1
2021-06-02,0.0015725679700859807,0.00499700757587318,0.01133223049508536,0.008712607273629977,0.009715589062632812,0.9762343201389286,-1.0097592156149533,-0.0008809728198515554,0.0017889270750288677,0.0005248355726266141,-0.003711468728292422,0
2021-06-03,-0.003711468728292422,-0.0007161183617563349,0.007263834947440095,0.00876588860830421,0.005603304246611929,0.558600149006004,-0.6380021279835745,0.0015725679700859807,-0.0008809728198515554,0.0017889270750288677,0.009146067909698852,1
2021-06-04,0.009146067909698852,0.007894421035163468,0.008423399880774562,0.008822407636199523,0.014370696123142901,1.3716715807068407,-0.6808097905852272,-0.003711468728292422,0.0015725679700859807,-0.0008809728198515554,-0.0009702073628320429,0
2021-06-07,-0.0009702073628320429,0.005118470800890451,0.00016592060598119573,0.008678363438979476,0.01337802806274091,1.2755662724020422,-0.8092083502960586,0.009146067909698852,-0.003711468728292422,0.0015725679700859807,0.0002131470033834848,1
2021-06-08,0.0002131470033834848,0.006219160522221268,0.010384161132659164,0.00835699572533731,0.013066363322804753,1.1988903137657017,-0.8973051563213782,-0.0009702073628320429,0.009146067909698852,-0.003711468728292422,-0.0014917110699406155,0
2021-06-09,-0.0014917110699406155,0.0031406653818135677,0.017962120241501678,0.008073943850363037,0.010653200113135863,0.961869274954843,-0.7753457470434637,0.0002131470033834848,-0.0009702073628320429,0.009146067909698852,0.004648390450813222,1
2021-06-10,0.004648390450813222,0.011558020832771021,0.04489305156360213,0.006188185486730855,0.013141257012259988,1.4039878121078226,-0.6520088878722057,-0.0014917110699406155,0.0002131470033834848,-0.0009702073628320429,0.0016522869395865225,1
2021-06-11,0.0016522869395865225,0.00404632902943991,0.03419588357184655,0.00574253207132681,0.013115499537274644,1.4902572704522885,-0.9272230728162542,0.004648390450813222,-0.0014917110699406155,0.0002131470033834848,0.002239098542416551,1
2021-06-14,0.002239098542416551,0.007271750169675739,0.020836680345675207,0.004766894878929966,0.014332843146094953,1.5357762909054828,-1.0389484782436393,0.0016522869395865225,0.004648390450813222,-0.0014917110699406155,-0.0018343746071343148,0
2021-06-15,-0.0018343746071343148,0.005209778996515757,0.021563346993099808,0.004741351800513979,0.011391431720428224,1.20261330318473,-0.3798283339511065,0.002239098542416551,0.0016522869395865225,0.004648390450813222,-0.005583388377726539,0
2021-06-16,-0.005583388377726539,0.001090640389572517,0.02468810149468892,0.004454875053749147,0.004527370939033215,0.5344754255736603,1.4115238989247547,-0.0018343746071343148,0.002239098542416551,0.0016522869395865225,-0.0003315386630191597,0
2021-06-17,-0.0003315386630191597,-0.003871653357221838,0.027040751767726245,0.004379477566020762,0.0028685774828609567,0.4291671337146303,2.495658060042016,-0.005583388377726539,-0.0018343746071343148,0.002239098542416551,-0.013490381996013823,0
2021-06-18,-0.013490381996013823,-0.018930813074877872,0.0024017729907623853,0.004954826515963351,-0.01077774907661122,-1.6690912965696063,3.1594923758739952,-0.0003315386630191597,-0.005583388377726539,-0.0018343746071343148,0.014315987022295529,1
2021-06-21,0.014315987022295529,-0.007109020072817218,0.017585275686917923,0.0058727545738988494,0.0025147706863304364,0.45019778260223803,0.7302958505999826,-0.013490381996013823,-0.0003315386630191597,-0.005583388377726539,0.005346005392090403,1
2021-06-22,0.005346005392090403,3.3416364896732276e-05,0.012701759327345297,0.005560174501739955,0.007237584956130805,1.2635857682689375,-0.10073229077203068,0.014315987022295529,-0.013490381996013823,-0.0003315386630191597,-0.001205109739379595,0
2021-06-23,-0.001205109739379595,0.004436425016734136,0.013730374479497875,0.005537265320606685,0.005338816155041615,0.9566482919635259,-0.5215191925987759,0.005346005392090403,0.014315987022295529,-0.013490381996013823,0.005915763057328771,1
2021-06-24,0.005915763057328771,0.010713523523567803,0.017707689568122964,0.00565393542542778,0.010397217050597707,1.7605408217112286,-0.7631272547221988,-0.001205109739379595,0.005346005392090403,0.014315987022295529,0.0035519338694940394,1
2021-06-25,0.0035519338694940394,0.028173970743819332,0.020786774768479344,0.0056839930389577945,0.012940306939873025,2.005622789030431,-0.06506018419373032,0.005915763057328771,-0.001205109739379595,0.005346005392090403,0.002016019779955247,1
2021-06-28,0.002016019779955247,0.0157059565141493,0.021018174041889326,0.005685784849418174,0.013923172903609782,1.962188158325965,-0.31778832097620047,0.0035519338694940394,0.005915763057328771,-0.001205109739379595,0.0005381277036238252,1
2021-06-29,0.0005381277036238252,0.01084853431306132,0.02246837905835286,0.0056691721338461,0.013339295129748407,1.7713173161032525,-1.1508522769351475,0.002016019779955247,0.0035519338694940394,0.005915763057328771,0.0008416081158384436,1
2021-06-30,0.0008416081158384436,0.01291995234320309,0.021722169186766616,0.005668503654828364,0.0130999027521983,1.6491991333586733,0.30642213741147356,0.0005381277036238252,0.002016019779955247,0.0035519338694940394,0.005536639618873185,1
2021-07-01,0.005536639618873185,0.012538189069064343,0.031206366811002084,0.005633280252434105,0.017141241469557977,2.0333392334458282,-0.2735934387508593,0.0008416081158384436,0.0005381277036238252,0.002016019779955247,0.0076434830505447415,1
2021-07-02,0.0076434830505447415,0.0166663758209884,0.02967093490207806,0.005535857515341106,0.02340448652973337,2.34014047973379,-0.05703643607395878,0.005536639618873185,0.0008416081158384436,0.0005381277036238252,-0.0018214874539829173,0
2021-07-06,-0.0018214874539829173,0.012772760854062426,0.02879354528489264,0.005558893370516005,0.020082132856459767,1.8383161705082496,0.46976997956102595,0.0076434830505447415,0.005536639618873185,0.0008416081158384436,0.0035340776632761806,1
2021-07-07,0.0035340776632761806,0.01580534544829648,0.032209369239488694,0.0055700619965591254,0.02205478503257141,1.84987501428001,0.16131393588534207,-0.0018214874539829173,0.0076434830505447415,0.005536639618873185,-0.00814804833063687,0
2021-07-08,-0.00814804833063687,0.006681283261009252,0.025328371093072954,0.005950457363929286,0.012459343695339742,1.040769666946347,1.6871218114462734,0.0035340776632761806,-0.0018214874539829173,0.0076434830505447415,0.01067479698760665,1
2021-07-09,0.01067479698760665,0.011825289605237765,0.031478826970618545,0.006274395573609043,0.021671891839793345,1.6851884642323747,0.5861779369709438,-0.00814804833063687,0.0035340776632761806,-0.0018214874539829173,0.0035821105445357215,1
2021-07-12,0.0035821105445357215,0.00774706205629716,0.03346611558788415,0.006290552665198661,0.023632265667665298,1.7039265763696667,-0.575819528170432,0.01067479698760665,-0.00814804833063687,0.0035340776632761806,-0.003409157549246422,0
2021-07-13,-0.003409157549246422,0.006144172539135129,0.02764187535280871,0.006389483106541234,0.018744816186514246,1.2986123186070544,-0.6152587149155324,0.0035821105445357215,0.01067479698760665,-0.00814804833063687,0.0014922374716743736,1
2021-07-14,0.0014922374716743736,0.004097021719085214,0.03106672368285701,0.006344442916494377,0.01869922042646599,1.2577725381865714,-0.0812354319942586,-0.003409157549246422,0.0035821105445357215,0.01067479698760665,-0.0034154231981866623,0
2021-07-15,-0.0034154231981866623,0.008888074247043853,0.03331459115470059,0.00623370476312916,0.013561177286527615,0.9279784814794999,-0.4820743525658382,0.0014922374716743736,-0.003409157549246422,0.0035821105445357215,-0.00784361822312063,0
2021-07-16,-0.00784361822312063,-0.009597603159520629,0.025549675365533542,0.006576789674167865,0.004353090237136925,0.3131906944392637,0.6566805384213447,-0.0034154231981866623,0.0014922374716743736,-0.003409157549246422,-0.014768121417591318,0
2021-07-19,-0.014768121417591318,-0.027706847562061987,0.024221370780270757,0.0067322185729861836,-0.01163574134788059,-0.9948649978730093,3.5115165122350183,-0.00784361822312063,-0.0034154231981866623,0.0014922374716743736,0.014330638954489938,1
2021-07-20,0.014330638954489938,-0.01039956163134903,0.02423616579707888,0.006733719433759562,0.0013404352693249244,0.12680659797198304,1.3362105681502074,-0.014768121417591318,-0.00784361822312063,-0.0034154231981866623,0.008096117784189838,1
2021-07-21,0.008096117784189838,-0.0038740963230028402,0.027037952004899557,0.006849500785958594,0.008107889039744354,0.8153822601694156,-0.08634269772271556,0.014330638954489938,-0.014768121417591318,-0.00784361822312063,0.0020942226625082494,1
2021-07-22,0.0020942226625082494,0.0016330137504219078,0.030430580087061676,0.006824227415103836,0.008714407463790819,0.9650675900734342,-0.7635363554278747,0.008096117784189838,0.014330638954489938,-0.014768121417591318,0.01028816720927983,1
2021-07-23,0.01028816720927983,0.01993798585049089,0.03490954255304035,0.0070390464153180805,0.01734362007755741,1.8808892206134222,-0.16272121589533795,0.0020942226625082494,0.008096117784189838,0.014330638954489938,0.002454801227526726,1
2021-07-26,0.002454801227526726,0.03776760892196074,0.03377812822130721,0.007028455461898695,0.018144628001053764,1.8820446641681794,-0.9403260281678245,0.01028816720927983,0.0020942226625082494,0.008096117784189838,-0.00455767375987759,0
2021-07-27,-0.00455767375987759,0.018442865717551937,0.02699606040107283,0.007164593383058898,0.012155993853550484,1.2718466601054716,-0.012436717759030812,0.002454801227526726,0.01028816720927983,0.0020942226625082494,-0.0004102606211090487,0
2021-07-28,-0.0004102606211090487,0.009849180802851132,0.026022593177523312,0.007173432660787384,0.010444327417005184,1.1232851141079654,-0.6782229222842109,-0.00455767375987759,0.002454801227526726,0.01028816720927983,0.0041473716918276615,1
2021-07-29,0.0041473716918276615,0.011918218642242628,0.029411529138183123,0.007200113619105277,0.013166463941431727,1.4329586935571146,-0.8380554984979136,-0.0004102606211090487,-0.00455767375987759,0.002454801227526726,-0.004856122504554361,0
2021-07-30,-0.004856122504554361,-0.0032505056556542122,0.018772007187494166,0.00726628014450859,0.007310709472924115,0.8106683520294262,0.02167673760684854,0.0041473716918276615,-0.0004102606211090487,-0.00455767375987759,-0.002098169741917233,0
2021-08-02,-0.002098169741917233,-0.007777564138491289,0.008922766522874825,0.0071193829871741094,0.0047505981159921,0.5254176397729664,-0.40649412902067034,-0.004856122504554361,0.0041473716918276615,-0.0004102606211090487,0.008135433158762417,1
2021-08-03,0.008135433158762417,0.004874485240435433,0.018986862037249752,0.0072967584789806,0.01196968846439006,1.279056191208049,-0.4127673969726606,-0.002098169741917233,-0.004856122504554361,0.0041473716918276615,-0.004918934322182822,0
2021-08-04,-0.004918934322182822,0.000341974565306824,0.010403687484888957,0.007384473816366446,0.006470093876476124,0.685160167272107,-0.8339673436354915,0.008135433158762417,-0.002098169741917233,-0.004856122504554361,0.006332994946814274,1
2021-08-05,0.006332994946814274,0.002519315007741607,0.025155586194710144,0.0071949115536992184,0.011586990929629337,1.232239549576335,-1.0459828706264536,-0.004918934322182822,0.008135433158762417,-0.002098169741917233,0.0016524094977623527,1
2021-08-06,0.0016524094977623527,0.009076084528436779,0.016003927358855696,0.006848550792854921,0.012450576767296662,1.2676752873303274,-0.6517254639560487,0.006332994946814274,-0.004918934322182822,0.008135433158762417,-0.0008136992507945529,0
2021-08-09,-0.0008136992507945529,0.010374938197779349,0.011553708518710293,0.006825619975293973,0.011042639721892789,1.0874962965529757,-0.8496995380653115,0.0016524094977623527,0.006332994946814274,-0.004918934322182822,0.0012440306652636846,1
2021-08-10,0.0012440306652636846,0.0034682269172838787,0.0162767599399416,0.006760888188637461,0.011480447381995607,1.0976366877568697,-0.735862133395694,-0.0008136992507945529,0.0016524094977623527,0.006332994946814274,0.002484969951704885,1
2021-08-11,0.002484969951704885,0.01093453589475657,0.017284147626579927,0.0067696498158826566,0.013121230835433595,1.2070518913236679,-0.6596550776671704,0.0012440306652636846,-0.0008136992507945529,0.0016524094977623527,0.002996939636962015,1
2021-08-12,0.002996939636962015,0.007583226195760906,0.023829698513952335,0.006707118161691575,0.014957249843656983,1.3263068620700882,-0.816521029015216,0.002484969951704885,0.0012440306652636846,-0.0008136992507945529,0.0018198450256126097,1
2021-08-13,0.0018198450256126097,0.007751653114851376,0.03380165540126501,0.0063604845651653715,0.01511689088609769,1.3548580654521867,-0.7209914391995288,0.002996939636962015,0.002484969951704885,0.0012440306652636846,0.002354735076560699,1
2021-08-16,0.002354735076560699,0.010947248299437051,0.05176863127127285,0.005046209437839007,0.014965633302105097,1.6968888509440871,1.26938234660164,0.0018198450256126097,0.002996939636962015,0.002484969951704885,-0.006555459256904261,0
2021-08-17,-0.006555459256904261,0.0030721722605657753,0.030111646768627764,0.0046207244266048605,0.006828283779085398,0.9174059161130947,2.712456202509959,0.002354735076560699,0.0018198450256126097,0.002996939636962015,-0.010944867987792484,0
2021-08-18,-0.010944867987792484,-0.010365532162801228,0.010654830237296187,0.005123232045288124,-0.004713760280587342,-0.7055980186889903,2.1106879284005284,-0.006555459256904261,0.002354735076560699,0.0018198450256126097,0.0015483648788081616,1
2021-08-19,0.0015483648788081616,-0.011794808218645536,0.010104309344905804,0.005115979548807942,-0.0036694393515345203,-0.613548021424239,1.9523109160888568,-0.010944867987792484,-0.006555459256904261,0.002354735076560699,0.007957082189901543,1
2021-08-20,0.007957082189901543,-0.005740975626829736,0.007773648549355361,0.004903762877469451,0.0038696193323544126,0.6458613110625888,0.7710420993595658,0.0015483648788081616,-0.010944867987792484,-0.006555459256904261,0.008796439327796834,1
2021-08-23,0.008796439327796834,0.0006487009617137662,0.014148934256264845,0.005237389388538626,0.011985194720350423,1.8132023040707987,-0.19029886083286135,0.007957082189901543,0.0015483648788081616,-0.010944867987792484,0.0015875569873533557,1
2021-08-24,0.0015875569873533557,0.00885076790410344,0.020409647758977467,0.005089914162109783,0.012565377782743026,1.7791104043025785,-0.9879103945325236,0.008796439327796834,0.007957082189901543,0.0015483648788081616,0.002098250944894353,1
2021-08-25,0.002098250944894353,0.02215494087202985,0.022970407741423227,0.005083639542944682,0.01353535053961119,1.8039613054544552,-0.8431698154797831,0.0015875569873533557,0.008796439327796834,0.007957082189901543,-0.005903271449601566,0
2021-08-26,-0.005903271449601566,0.01454998922140538,0.012731362355954845,0.005265113951592945,0.006914484551547639,0.9124321962049295,0.049590055129608776,0.002098250944894353,0.0015875569873533557,0.008796439327796834,0.008941074689388318,1
2021-08-27,0.008941074689388318,0.015540417878922463,0.0267724016738895,0.005408209570096178,0.014573611662256125,1.8380501887739662,1.0453076452666235,-0.005903271449601566,0.002098250944894353,0.0015875569873533557,0.004397742373315916,1
2021-08-30,0.004397742373315916,0.01111231487505715,0.033456248803316546,0.005386139923252799,0.017357344516770068,2.0956768702975896,-0.44054382493237504,0.008941074689388318,-0.005903271449601566,0.002098250944894353,-0.001481806124047691,0
2021-08-31,-0.001481806124047691,0.008013763161719423,0.02359745830141402,0.005203874570692174,0.014661707736480345,1.66889031640706,0.1274454720692093,0.004397742373315916,0.008941074689388318,-0.005903271449601566,0.0005317630824095421,1
2021-09-01,0.0005317630824095421,0.006438028124040596,0.029204358283487775,0.0050066621937116945,0.013741124773772206,1.563974612982835,-0.4309740372546931,-0.001481806124047691,0.004397742373315916,0.008941074689388318,0.0030763569175318306,1
2021-09-02,0.0030763569175318306,0.015529134861996363,0.025873705239296996,0.004891197564061201,0.015557486492535633,1.6762474896101596,-0.7721397244351769,0.0005317630824095421,-0.001481806124047691,0.004397742373315916,-0.0002427340456221394,0
2021-09-03,-0.0002427340456221394,0.006285358814644537,0.023932734588822502,0.0049021403790917364,0.014107675738769254,1.462558221680949,-0.526569902310062,0.0030763569175318306,0.0005317630824095421,-0.001481806124047691,-0.0035756653259122473,0
2021-09-07,-0.0035756653259122473,-0.0017030337206019874,0.021102364042292487,0.004999630149583552,0.009427578744901632,0.9840059958921804,-0.3220163784345361,-0.0002427340456221394,0.0030763569175318306,0.0005317630824095421,-0.0012181042314476365,0
2021-09-08,-0.0012181042314476365,-0.0014393902527117808,0.018591395999913773,0.00502501958128451,0.007271215860338742,0.7716371215823478,-0.11619039598425325,-0.0035756653259122473,-0.0002427340456221394,0.0030763569175318306,-0.00428015054207731,0
2021-09-09,-0.00428015054207731,-0.006241823898711973,0.011717583689090594,0.0051414304358564636,0.002377754710567004,0.25811848129389464,-0.05758063790363102,-0.0012181042314476365,-0.0035756653259122473,-0.0002427340456221394,-0.007884757841450152,0
2021-09-10,-0.007884757841450152,-0.017101114256622862,0.0007412743463324212,0.005440939821150234,-0.005562377889758885,-0.605487067479969,1.5245011647815343,-0.00428015054207731,-0.0012181042314476365,-0.0035756653259122473,0.0025591489832712533,1
2021-09-13,0.0025591489832712533,-0.014346477905514576,0.001479782360912285,0.0054560791283931685,-0.0030908930571542648,-0.3376588665135738,1.0799079828473728,-0.007884757841450152,-0.00428015054207731,-0.0012181042314476365,-0.005396452877970526,0
2021-09-14,-0.005396452877970526,-0.016147583720798497,-0.006264639602784672,0.005560885938651946,-0.008160679961816464,-0.873599657586058,0.761831100335253,0.0025591489832712533,-0.007884757841450152,-0.00428015054207731,0.008352850885898322,1
2021-09-15,0.008352850885898322,-0.0067196922480011745,0.008648034779209501,0.0056761648409864324,-0.0003046109533326735,-0.033387244991037617,0.8724900451547295,-0.005396452877970526,0.0025591489832712533,-0.007884757841450152,-0.0015852134231358894,0
2021-09-16,-0.0015852134231358894,-0.0040313578009860684,0.018193101456783323,0.005037506694123927,-0.0027785772001511777,-0.3528653143525616,0.8842530325677245,0.008352850885898322,-0.005396452877970526,0.0025591489832712533,-0.009741131466684094,0
2021-09-17,-0.009741131466684094,-0.005894941627110573,0.006715984923032492,0.005567329750013102,-0.012817812130212491,-1.7964387514740885,2.707165109832746,-0.0015852134231358894,0.008352850885898322,-0.005396452877970526,-0.01667434028511061,0
2021-09-20,-0.01667434028511061,-0.024966244294139628,-0.017885108888534562,0.006450238748116111,-0.028419662094972487,-3.0247774435956987,3.2050419284313927,-0.009741131466684094,-0.0015852134231358894,0.008352850885898322,-0.0009446225615341586,0
2021-09-21,-0.0009446225615341586,-0.020602008065784827,-0.027368530482612674,0.006035382330022192,-0.02801003448182182,-2.4402012921009937,0.7128568204111159,-0.01667434028511061,-0.009741131466684094,-0.0015852134231358894,0.009755167197982972,1
2021-09-22,0.009755167197982972,-0.019239959276112106,-0.01943704744232344,0.006504104753817189,-0.01757245027589971,-1.439232703577796,0.9343533233849369,-0.0009446225615341586,-0.01667434028511061,-0.009741131466684094,0.012149837339360259,1
2021-09-23,0.012149837339360259,-0.005747782350972619,-0.009601471715539711,0.007112788291044508,-0.0051566051067646335,-0.42131285633478527,0.027703507153436103,0.009755167197982972,-0.0009446225615341586,-0.01667434028511061,0.0016472163336529455,1
2021-09-24,0.0016472163336529455,0.005686490459543947,-0.0020790729654004414,0.007008179817888492,-0.0034144334812048482,-0.2784496325084775,-0.4652815047279474,0.012149837339360259,0.009755167197982972,-0.0009446225615341586,-0.002861042674488723,0
2021-09-27,-0.002861042674488723,0.019813902531478966,-0.01375228183377486,0.006698588627130952,-0.0055767373196028425,-0.45671274822815755,-0.4602269993821737,0.0016472163336529455,0.012149837339360259,0.009755167197982972,-0.020151895852508095,0
2021-09-28,-0.020151895852508095,0.00020753758494396202,-0.03785829448252309,0.007868122195536864,-0.023744770376424418,-1.8110237864323135,1.6370949472383332,-0.002861042674488723,0.0016472163336529455,0.012149837339360259,0.00168314453332985,1
2021-09-29,0.00168314453332985,-0.007788160951708756,-0.034808644469089045,0.007908662435734721,-0.020374172860953443,-1.4944145104766566,0.06695649213367237,-0.020151895852508095,-0.002861042674488723,0.0016472163336529455,-0.01222213049035814,0
2021-09-30,-0.01222213049035814,-0.031680033606767743,-0.04711204979814365,0.008223752993834628,-0.030027013263684954,-2.009170937090456,1.695072472294908,0.00168314453332985,-0.020151895852508095,-0.002861042674488723,0.011884164812278275,1
2021-10-01,0.011884164812278275,-0.02178369341318631,-0.03874493601591078,0.00875018131342529,-0.01655439214559251,-1.1296600773529866,1.2258668473066134,-0.01222213049035814,0.00168314453332985,-0.020151895852508095,-0.012896023514964328,0
2021-10-04,-0.012896023514964328,-0.03162824097832062,-0.050910927694751695,0.00907269955647674,-0.02670277717533931,-1.7749414860151966,1.0956166004263548,0.011884164812278275,-0.01222213049035814,0.00168314453332985,0.010404813274958347,1
2021-10-05,0.010404813274958347,-0.0014294233836045223,-0.037594593474528426,0.009518749908738995,-0.014683221896685583,-1.006975126724077,-0.14695877961149342,-0.012896023514964328,0.011884164812278275,-0.01222213049035814,0.004156056334429392,1
2021-10-06,0.004156056334429392,0.0010358042451341642,-0.032416164424053706,0.009613532663283296,-0.008945643669018621,-0.649889064095321,0.5074042666422892,0.010404813274958347,-0.012896023514964328,0.011884164812278275,0.008645696408027925,1
2021-10-07,0.008645696408027925,0.022183718697240895,-0.019855562587242526,0.009855471472859225,0.0006358627063844935,0.049064539813381144,-0.9181539462335592,0.004156056334429392,0.010404813274958347,-0.012896023514964328,-0.0018234929193849947,0
2021-10-08,-0.0018234929193849947,0.008336536339782041,-0.013867432534808821,0.009723502886171723,-0.0004868453479079937,-0.03860536385837627,-0.8047021322344781,0.008645696408027925,0.004156056334429392,0.010404813274958347,-0.0072397271805872965,0
2021-10-11,-0.0072397271805872965,0.014114499340829312,-0.023505757534923566,0.009799708774316945,-0.006536570807182174,-0.5386268746671683,-1.065235332539691,-0.0018234929193849947,0.008645696408027925,0.004156056334429392,-0.002461540074246815,0
2021-10-12,-0.002461540074246815,0.0012009073689345229,-0.020624282334813837,0.009754531218589615,-0.00794684055721706,-0.6640037341544073,-0.8467506647054731,-0.0072397271805872965,-0.0018234929193849947,0.008645696408027925,0.0035973499136991993,1
2021-10-13,0.0035973499136991993,0.0006438451754045005,-0.02524312401648643,0.00957087898156758,-0.0030928923437354428,-0.28390156385060294,-0.7723026591646778,-0.002461540074246815,-0.0072397271805872965,-0.0018234929193849947,0.016820823078489644,1
2021-10-14,0.016820823078489644,0.008754116418774549,-0.007273227255365278,0.010385573837076523,0.014052459487152724,1.3712285918629636,-0.8419765442888274,0.0035973499136991993,-0.002461540074246815,-0.0072397271805872965,0.00761558272517493,1
2021-10-15,0.00761558272517493,0.018293217313350985,0.010126743007617955,0.010280981388990626,0.021251999118748532,1.9195232720679543,-0.8804457252635518,0.016820823078489644,0.0035973499136991993,-0.002461540074246815,0.0029605186557715157,1
2021-10-18,0.0029605186557715157,0.028755804742030655,0.030296760860216265,0.00945338240213086,0.022735210899643032,1.8627930722546964,-0.9866088994656789,0.00761558272517493,0.016820823078489644,0.0035973499136991993,0.007715123985161831,1
2021-10-19,0.007715123985161831,0.03925094116494665,0.03922730567126287,0.009531777746127042,0.028624929323175285,2.0766892900617835,-1.3962584334107446,0.0029605186557715157,0.00761558272517493,0.016820823078489644,0.003927482911606939,1
2021-10-20,0.003927482911606939,0.039592802399250004,0.033229526371911344,0.00936891249321549,0.03095286853100565,1.987960838126482,-1.173618222433496,0.007715123985161831,0.0029605186557715157,0.00761558272517493,0.0026082945854164485,1
2021-10-21,0.0026082945854164485,0.025061980458998878,0.023489265259554637,0.009044917880868706,0.03241733317844764,1.888569401567816,-1.3316750325647673,0.003927482911606939,0.007715123985161831,0.0029605186557715157,-0.0010361547693759077,0
2021-10-22,-0.0010361547693759077,0.016260442131663888,0.020747380218721245,0.009057835823577323,0.030267722337497416,1.6443670094616643,-0.7431683400734785,0.0026082945854164485,0.003927482911606939,0.007715123985161831,0.005362850030836697,1
2021-10-25,0.005362850030836697,0.018694630018384117,0.029165983135085227,0.00905683007485553,0.034274899418887284,1.7124270747382986,-1.136971339917509,-0.0010361547693759077,0.0026082945854164485,0.003927482911606939,0.0009000195908051012,1
2021-10-26,0.0009000195908051012,0.011805272019974167,0.051277487114515186,0.007500311709930662,0.032598787280710306,1.5460399298163765,-0.7115059607870622,0.005362850030836697,-0.0010361547693759077,0.0026082945854164485,-0.004430093627942,0
2021-10-27,-0.004430093627942,0.0033821138258174344,0.04486157636730126,0.007659523613373631,0.025760493300632348,1.194514600289784,-0.1348695031194353,0.0009000195908051012,0.005362850030836697,-0.0010361547693759077,0.009648883931036245,1
2021-10-28,0.009648883931036245,0.010428137141541782,0.067996517238607,0.007023261587281514,0.03225471703804783,1.48906388880413,-0.8041425407343671,-0.004430093627942,0.0009000195908051012,0.005362850030836697,0.0020289074933228513,1
2021-10-29,0.0020289074933228513,0.013528374619712347,0.057594753025716816,0.0067302332690549,0.03144406430733615,1.4136877954922162,0.055109717983411466,0.009648883931036245,-0.004430093627942,0.0009000195908051012,0.0017203353073413918,1
2021-11-01,0.0017203353073413918,0.009856275509307455,0.07325489093120519,0.005638237469676826,0.029588052644186513,1.3747631468400814,-0.9783100107085329,0.0020289074933228513,0.009648883931036245,-0.004430093627942,0.0040431392708553116,1
2021-11-02,0.0040431392708553116,0.013027520460299646,0.06649750255606146,0.005406201752870007,0.030429966064732694,1.4193574532996451,-0.8667431819205969,0.0017203353073413918,0.0020289074933228513,0.009648883931036245,0.00610507966727325,1
2021-11-03,0.00610507966727325,0.023747431149206077,0.06856752793089127,0.005441075277839787,0.03328391425151689,1.5367601248372476,-0.6610116230500975,0.0040431392708553116,0.0017203353073413918,0.0020289074933228513,0.004712601486710266,1
2021-11-04,0.004712601486710266,0.018742219384765946,0.06440077489545293,0.005308509068063381,0.03490311685919578,1.5606472136060632,-0.5579526766871439,0.00610507966727325,0.0040431392708553116,0.0017203353073413918,0.0034694077288115466,1
2021-11-05,0.0034694077288115466,0.020206746401852937,0.07004483434928876,0.005178443786827646,0.034975760964765845,1.5386484818077215,0.7687527440523142,0.004712601486710266,0.00610507966727325,0.0040431392708553116,0.000853898234392414,1
2021-11-08,0.000853898234392414,0.019324319524810285,0.07876853361846026,0.004585199699576077,0.03195689908449695,1.4549636449884422,-0.7078400717655939,0.0034694077288115466,0.004712601486710266,0.00610507966727325,-0.003305442670285208,0
2021-11-09,-0.003305442670285208,0.011863894774470474,0.07785591159673588,0.004649366717183604,0.024739219013211855,1.2405810859321706,-0.5612424044122974,0.000853898234392414,0.0034694077288115466,0.004712601486710266,-0.008044734800774389,0
2021-11-10,-0.008044734800774389,-0.0023669113980914203,0.06535240126574071,0.005347907078462359,0.013336117457901642,0.784124289202533,1.336120326444832,-0.003305442670285208,0.000853898234392414,0.0034694077288115466,0.00032349768391659595,1
2021-11-11,0.00032349768391659595,-0.0067250882304472626,0.04806767929244371,0.004304268373671622,0.011313141295479223,0.7370630516980496,-1.947638141240109,-0.008044734800774389,-0.003305442670285208,0.000853898234392414,0.0075468207612172655,1
2021-11-12,0.0075468207612172655,-0.002689098653866795,0.04799615678601965,0.004299873797377099,0.016573385550690878,1.150989165593922,-0.06747071893466458,0.00032349768391659595,-0.008044734800774389,-0.003305442670285208,0.0003424941879774934,1
2021-11-15,0.0003424941879774934,-0.0031986923431974734,0.04526057594351829,0.004320288337217244,0.014687545100420252,1.101387381252355,-0.6521976772510116,0.0075468207612172655,0.00032349768391659595,-0.008044734800774389,0.003957771423538148,1
2021-11-16,0.003957771423538148,0.004065299672482148,0.04136323193318492,0.004147194575398766,0.016646608781290873,1.2906897955145047,-0.4727804359621388,0.0003424941879774934,0.0075468207612172655,0.00032349768391659595,-0.002429220726797854,0
2021-11-17,-0.002429220726797854,0.009749369326943702,0.03476949129154794,0.0042372714082139894,0.012451855461939054,1.0083137887330234,-0.5640271284620766,0.003957771423538148,0.0003424941879774934,0.0075468207612172655,0.0033964674985969,1
2021-11-18,0.0033964674985969,0.012851295193444301,0.03558294684425567,0.004249625568297095,0.014120654668426713,1.1806020196311706,-0.3425664447459199,-0.002429220726797854,0.003957771423538148,0.0003424941879774934,-0.0017882444958716714,0
2021-11-19,-0.0017882444958716714,0.0034670832228138604,0.03480328770146057,0.004278881986828623,0.010586802671614493,0.9558076351865163,0.3790973498566353,0.0033964674985969,-0.002429220726797854,0.003957771423538148,-0.002815380547698032,0
2021-11-22,-0.002815380547698032,0.0002993448046197944,0.02638557076474579,0.004303210217789315,0.006437962780680984,0.6240444583117487,1.7553119031198499,-0.0017882444958716714,0.0033964674985969,-0.002429220726797854,0.0013260786274829073,1
2021-11-23,0.0013260786274829073,-0.0023227580910909484,0.026822478386866466,0.004302118823223825,0.00644784870643611,0.6818038020664166,1.590048001184944,-0.002815380547698032,-0.0017882444958716714,0.0033964674985969,0.002669987043190325,1
2021-11-24,0.002669987043190325,0.002776993875971412,0.03414544223382143,0.004089192564361865,0.0074566463567447006,0.9632719313425886,0.6250924219580898,0.0013260786274829073,-0.002815380547698032,-0.0017882444958716714,-0.022303147841580162,0
2021-11-26,-0.022303147841580162,-0.02290675511991347,0.0014181758012479229,0.006402585026001268,-0.015081501645337392,-1.9871195112237017,3.320297642045343,0.002669987043190325,0.0013260786274829073,-0.002815380547698032,0.01226633592030324,1
2021-11-29,0.01226633592030324,-0.009149518232502762,0.011649364565940346,0.006951417092098061,-0.0035721435633693233,-0.5230619703404137,1.5586145434317487,-0.022303147841580162,0.002669987043190325,0.0013260786274829073,-0.019457472612008586,0
2021-11-30,-0.019457472612008586,-0.02568589937784982,-0.009738357305490775,0.008261658371690657,-0.02249049945428727,-2.7934402677700194,3.2180312159892,0.01226633592030324,-0.022303147841580162,0.002669987043190325,-0.0111072141521672,0
2021-12-01,-0.0111072141521672,-0.03778378909723201,-0.024680756970688167,0.008517966098644315,-0.03216417429849028,-2.9620876565595924,2.1210814683352663,-0.019457472612008586,0.01226633592030324,-0.022303147841580162,0.01531629652187072,1
2021-12-02,0.01531629652187072,-0.025647708287270143,-0.015751394390612572,0.009159404190772422,-0.016567242451441033,-1.4357158234544218,1.7088677212219383,-0.0111072141521672,-0.019457472612008586,0.01226633592030324,-0.008701362771371457,0
2021-12-03,-0.008701362771371457,-0.012092452969342138,-0.02889214289637898,0.009228940821138794,-0.02370861823863002,-1.8521865327906504,1.7318386534377717,0.01531629652187072,-0.0111072141521672,-0.019457472612008586,0.01184336797881036,1
2021-12-06,0.01184336797881036,-0.012505242772504865,-0.020788240045715334,0.00964328980947414,-0.0111091034851718,-0.8604067583477301,0.5895459572863148,-0.008701362771371457,0.01531629652187072,-0.0111072141521672,0.02068479731848427,1
2021-12-07,0.02068479731848427,0.027921643356715764,-0.0013861578558315157,0.01079525860739247,0.00941661668103122,0.7325455599791622,0.43238872361275815,0.01184336797881036,-0.008701362771371457,0.01531629652187072,0.00264799691453943,1
2021-12-08,0.00264799691453943,0.0422197344812103,0.004578745969571862,0.010781792672607413,0.011856165191169277,0.9097061451849153,-0.26707278293077086,0.02068479731848427,0.01184336797881036,-0.008701362771371457,-0.006751480374060592,0
2021-12-09,-0.006751480374060592,0.019567214615374917,0.005888458167073951,0.010732982064975721,0.004729076928836173,0.3616876909214446,-0.5710599271667882,0.00264799691453943,0.02068479731848427,0.01184336797881036,0.009413266148261767,1
2021-12-10,0.009413266148261767,0.03819841318437067,0.015028794475143936,0.010922648625073876,0.013425962276341963,0.9989146124551547,-0.18161752057475766,-0.006751480374060592,0.00264799691453943,0.02068479731848427,-0.008858154340527391,0
2021-12-13,-0.008858154340527391,0.016957687294780976,-0.001498002848615454,0.011005215049309977,0.004524565831741656,0.3373871703162774,0.08999361172574341,0.009413266148261767,-0.006751480374060592,0.00264799691453943,-0.006880041788798308,0
2021-12-14,-0.006880041788798308,-0.010506496655876996,-0.008707250320564963,0.011110780298643748,-0.0019493207726165585,-0.14612494106121066,0.32061476997758803,-0.008858154340527391,0.009413266148261767,-0.006751480374060592,0.015625038414078585,1
2021-12-15,0.015625038414078585,0.002300289270924738,0.0028128329991723433,0.011643932959641175,0.013501179223183835,1.002031055620131,0.8658756653695574,-0.006880041788798308,-0.008858154340527391,0.009413266148261767,-0.008818460227571379,0
2021-12-16,-0.008818460227571379,0.00021447241426209018,-0.0036099807977082454,0.011806518234413288,0.004746502870182301,0.3546431360516651,0.7732763155800114,0.015625038414078585,-0.006880041788798308,-0.008858154340527391,-0.010642961091477221,0
2021-12-17,-0.010642961091477221,-0.019658982215241094,-0.01755137582506583,0.012002517374743102,-0.005063536773485033,-0.3848354828385452,1.3038828191227108,-0.008818460227571379,0.015625038414078585,-0.006880041788798308,-0.010633393162391314,0
2021-12-20,-0.010633393162391314,-0.02141487562349398,-0.026256847474872447,0.01220151553661608,-0.014334959732014263,-1.073337387758607,0.23193847295805378,-0.010642961091477221,-0.008818460227571379,0.015625038414078585,0.017758817550177053,1
2021-12-21,0.017758817550177053,0.002863381027550904,-0.006166300423008586,0.012910102942767947,0.0034815805717283155,0.2637406060305973,-1.1490990362432332,-0.010633393162391314,-0.010642961091477221,-0.008818460227571379,0.00999868250379743,1
2021-12-22,0.00999868250379743,-0.00269227789934956,0.0024414110701123093,0.013109236887168767,0.01339000268361712,1.0053427492024194,-1.4758602745954414,0.017758817550177053,-0.010633393162391314,-0.010642961091477221,0.006222332810650544,1
2021-12-23,0.006222332810650544,0.012441477564841597,0.005992947018887307,0.013168345731089454,0.019386035578590866,1.414503316943689,-1.53127617922586,0.00999868250379743,0.017758817550177053,-0.010633393162391314,0.014152050668945204,1
2021-12-27,0.014152050668945204,0.037815025592209395,0.04350321669276336,0.01236146735847956,0.03158940387624498,2.049564576054906,-1.3534104287133162,0.006222332810650544,0.00999868250379743,0.017758817550177053,-0.0008171310463721548,0
2021-12-28,-0.0008171310463721548,0.04811198149182183,0.030016015369598747,0.012145233773766764,0.02920073950208346,1.7325838345030669,-1.5093472128130332,0.014152050668945204,0.006222332810650544,0.00999868250379743,0.0012792056845485344,1
2021-12-29,0.0012792056845485344,0.031140889373675096,0.05179896731143674,0.011097407751560337,0.027908934364170523,1.602789794656554,-1.1853211040329643,-0.0008171310463721548,0.014152050668945204,0.006222332810650544,-0.0027646976751705132,0
2021-12-30,-0.0027646976751705132,0.018110334564900965,0.06067217413512771,0.01070546581502768,0.022070595665164117,1.3523321688187167,-1.0558465131524066,0.0012792056845485344,-0.0008171310463721548,0.014152050668945204,-0.0025200632028609116,0
2021-12-31,-0.0025200632028609116,0.009264651617919784,0.042039034380850326,0.01036324073398572,0.017402648237235363,1.0872050854246584,-0.6431603219656848,-0.0027646976751705132,0.0012792056845485344,-0.0008171310463721548,0.0057899544277022486,1
2022-01-03,0.0057899544277022486,0.0009428539701736849,0.05727210100065894,0.01006986177056077,0.020465068582823376,1.3763194865565294,-0.2964110718039071,-0.0025200632028609116,-0.0027646976751705132,0.0012792056845485344,-0.00033485479984340927,0
2022-01-04,-0.00033485479984340927,0.0014259797098172822,0.04454711253790822,0.009862628847601921,0.017909128396677465,1.2425154662538884,-0.304288133366068,0.0057899544277022486,-0.0025200632028609116,-0.0027646976751705132,-0.01920225973659051,0
2022-01-05,-0.01920225973659051,-0.01905848801787735,0.003727546709190621,0.009966192929559697,-0.0018220705109820434,-0.12686440646698124,0.9988686334336724,-0.00033485479984340927,0.0057899544277022486,-0.0025200632028609116,-0.000939470784411367,0
2022-01-06,-0.000939470784411367,-0.01726308344108607,0.00013621638843286377,0.009952718196381619,-0.0027666018227804345,-0.19264903357642754,0.2724694459789983,-0.01920225973659051,-0.00033485479984340927,0.0057899544277022486,-0.003953480086905992,0
2022-01-07,-0.003953480086905992,-0.018675314040222935,0.0029536194505612734,0.009871357546916506,-0.006854399861116578,-0.4803333567475391,0.15879375219943323,-0.000939470784411367,-0.01920225973659051,-0.00033485479984340927,-0.0012443544947591256,0
2022-01-10,-0.0012443544947591256,-0.02553851739982127,-0.007635798736339128,0.009632234966954251,-0.0077115527911860715,-0.5358942446500368,1.3694011015155816,-0.003953480086905992,-0.000939470784411367,-0.01920225973659051,0.00910823186928722,1
2022-01-11,0.00910823186928722,-0.01633351082326351,0.010352745061682045,0.00963371144565274,0.0008130106047941066,0.05713523697758377,-0.31347721821330776,-0.0012443544947591256,-0.003953480086905992,-0.000939470784411367,0.00270358759590672,1
2022-01-12,0.00270358759590672,0.00563640922591202,0.020102671217562706,0.009481350472616005,0.002527504027996841,0.18442459511451906,-0.5115518266597445,0.00910823186928722,-0.0012443544947591256,-0.003953480086905992,-0.013778614639829656,0
2022-01-13,-0.013778614639829656,-0.007287242691790485,-0.009430615073491744,0.009379613081361357,-0.010820381118154532,-0.7762767743395147,0.4517238793878407,0.00270358759590672,0.00910823186928722,-0.0012443544947591256,0.00040893969972222166,1
2022-01-14,0.00040893969972222166,-0.002939423901863414,-0.00020891399888467443,0.009169973964203899,-0.010405634827404753,-0.7460836510827121,0.7144048194288593,-0.013778614639829656,0.00270358759590672,0.00910823186928722,-0.017709475161746813,0
2022-01-18,-0.017709475161746813,-0.01937660027391508,-0.0073499535818760675,0.00972233843838589,-0.027580879164478378,-1.8899399625581412,1.5140945979656177,0.00040893969972222166,-0.013778614639829656,0.00270358759590672,-0.010383447643954491,0
2022-01-19,-0.010383447643954491,-0.038318073970189714,-0.007099178562016251,0.009708539662552463,-0.03734676337689913,-2.421812683766724,1.4806541545350167,-0.017709475161746813,0.00040893969972222166,-0.013778614639829656,-0.011068197910251376,0
2022-01-20,-0.011068197910251376,-0.051526441202809026,-0.03522211578123002,0.008998511089207042,-0.046344358014375864,-2.4847720220930753,1.7890816770702789,-0.010383447643954491,-0.017709475161746813,0.00040893969972222166,-0.019630669253529742,0
2022-01-21,-0.019630669253529742,-0.05715450722137794,-0.06352486883863362,0.009392397495888244,-0.062091129742512186,-2.6155997999752696,3.2350575605850858,-0.011068197910251376,-0.010383447643954491,-0.017709475161746813,0.004246873938957174,1
2022-01-24,0.004246873938957174,-0.05353740739805013,-0.06536339701043958,0.009297625983520377,-0.05499553884335817,-2.033441138929477,3.072621669211326,-0.019630669253529742,-0.011068197910251376,-0.010383447643954491,-0.012209055210894881,0
2022-01-25,-0.012209055210894881,-0.04823760902328722,-0.0896576381297376,0.008524851293348847,-0.06222241581329546,-2.055159081937006,1.261291074119406,0.004246873938957174,-0.019630669253529742,-0.011068197910251376,-0.0025087351476361652,0
2022-01-26,-0.0025087351476361652,-0.04066411484929966,-0.09119883636355719,0.008493144436704791,-0.06016390475055067,-1.832550379178732,1.4410349599087848,-0.012209055210894881,0.004246873938957174,-0.019630669253529742,-0.004937887615384162,0
2022-01-27,-0.004937887615384162,-0.034717267310826916,-0.09684171958068377,0.008374358884137238,-0.06009215713814886,-1.7215704801520963,0.6774850332812098,-0.0025087351476361652,-0.012209055210894881,0.004246873938957174,0.024835271997785124,1
2022-01-28,0.024835271997785124,0.009064401430262548,-0.07184547136189334,0.01071665499798464,-0.0331447496843047,-0.9534043425780553,0.8652873664129314,-0.004937887615384162,-0.0025087351476361652,-0.012209055210894881,0.018010939058002773,1
2022-01-31,0.018010939058002773,0.022894494897340634,-0.052741385131259366,0.011764360602164793,-0.013026369358284051,-0.3858769239084055,0.5566874264692852,0.024835271997785124,-0.004937887615384162,-0.0025087351476361652,0.006757095772381705,1
2022-02-01,0.006757095772381705,0.04253465411577473,-0.05183052599361304,0.011802759752169269,-0.00365139729086017,-0.11441817259293752,-0.07432449960793042,0.018010939058002773,0.024835271997785124,-0.004937887615384162,0.009714098557489281,1
2022-02-02,0.009714098557489281,0.055309430355016787,-0.04229922357211158,0.012113679551198039,0.008267282572265167,0.27789358004720255,-0.24907555640305487,0.006757095772381705,0.018010939058002773,0.024835271997785124,-0.023505015554534214,0
2022-02-03,-0.023505015554534214,0.03561813172659556,-0.046500653100810974,0.012466670363369594,-0.013062625250544024,-0.45079293831229106,-0.2507668382415398,0.009714098557489281,0.006757095772381705,0.018010939058002773,0.004702246719364478,1
2022-02-04,0.004702246719364478,0.015273275734082992,-0.041116220628572786,0.012562633674110984,-0.006309308574788619,-0.2257979524992399,-0.2813403112473374,-0.023505015554534214,0.009714098557489281,0.006757095772381705,-0.0032094782142055855,0
2022-02-07,-0.0032094782142055855,-0.005890075001946382,-0.04039997764865988,0.012557714061562026,-0.007428979247315115,-0.27507138797258174,-1.0214839823759576,0.004702246719364478,-0.023505015554534214,0.009714098557489281,0.00822788504804417,1
2022-02-08,0.00822788504804417,-0.004437762202109563,-0.0312990916432615,0.012764039815086538,0.0023583044636359407,0.09102215460724199,-1.025852879351486,-0.0032094782142055855,0.004702246719364478,-0.023505015554534214,0.014636279176952316,1
2022-02-09,0.014636279176952316,0.0004154305574635142,-0.025992401756831374,0.01306247155244254,0.018411108510217433,0.762178241799167,-0.8163212284998704,0.00822788504804417,-0.0032094782142055855,0.004702246719364478,-0.0179658296076719,0
2022-02-10,-0.0179658296076719,0.006090305679443686,-0.046070288837910534,0.013543278589445215,0.0025356716057214346,0.11871774030336249,0.1407826425324447,0.014636279176952316,0.00822788504804417,-0.0032094782142055855,-0.01971855528540223,0
2022-02-11,-0.01971855528540223,-0.01836423518989272,-0.051815739046619624,0.013870162911833732,-0.014586773040250245,-0.7326878376791612,0.37787607510389765,-0.0179658296076719,0.014636279176952316,0.00822788504804417,-0.0032694468206433402,0
2022-02-14,-0.0032694468206433402,-0.018423292060477436,-0.05530210153890258,0.013853025312359716,-0.014976737277174856,-0.832946436301409,-0.367616815202917,-0.01971855528540223,-0.0179658296076719,0.014636279176952316,0.016126917210179004,1
2022-02-15,0.016126917210179004,-0.010733060416817541,-0.0227606405790437,0.013995255820338188,0.002076667696598422,0.12158747659536794,-1.1392401270062167,-0.0032694468206433402,-0.01971855528540223,-0.0179658296076719,0.0011208963448250397,1
2022-02-16,0.0011208963448250397,-0.023910512954271823,-0.011400182103094014,0.013827184619526452,0.003780505766769471,0.22562827540766012,-1.163212300996322,0.016126917210179004,-0.0032694468206433402,-0.01971855528540223,-0.021361496073811326,0
2022-02-17,-0.021361496073811326,-0.027285623962668093,-0.021690024808678765,0.014420769618524272,-0.01659084767839869,-0.9648676088161827,-0.7362113548519342,0.0011208963448250397,0.016126917210179004,-0.0032694468206433402,-0.006475108918448602,0
2022-02-18,-0.006475108918448602,-0.014144407489713573,-0.008562098932783035,0.013813328553153858,-0.02254615247620284,-1.2756342926595545,0.024518295811140553,-0.021361496073811326,0.0011208963448250397,0.016126917210179004,-0.010731469830807638,0
2022-02-22,-0.010731469830807638,-0.021525015109842505,-0.023349396851184756,0.01395689862727194,-0.03191667009107968,-1.672694625255043,-0.028004553888714492,-0.006475108918448602,-0.021361496073811326,0.0011208963448250397,-0.017738734037830994,0
2022-02-23,-0.017738734037830994,-0.05413579633407206,-0.0288167117623368,0.014240685462134648,-0.04774584119607439,-2.208934726343125,0.3132587684844037,-0.010731469830807638,-0.006475108918448602,-0.021361496073811326,0.015049143023701417,1
2022-02-24,0.015049143023701417,-0.04097631679321123,-0.011721907569299805,0.014700214818540915,-0.032860838774117496,-1.4683505421165441,2.731105159192973,-0.017738734037830994,-0.010731469830807638,-0.006475108918448602,0.022063993555344608,1
2022-02-25,0.022063993555344608,0.0015787971146639102,0.015095883283472444,0.015488690101118448,-0.012247886339600722,-0.5647268083014267,-0.05139266412747228,0.015049143023701417,-0.017738734037830994,-0.010731469830807638,-0.002558472707895665,0
2022-02-28,-0.002558472707895665,0.005527183128658075,-0.01203752853230966,0.014432479952873603,-0.01418332740328665,-0.6462604152700272,0.7433925977243402,0.022063993555344608,0.015049143023701417,-0.017738734037830994,-0.015230356599403971,0
2022-03-01,-0.015230356599403971,0.0009543570438459437,-0.04429764613268505,0.014097965254054549,-0.02700855562759752,-1.1955417153380097,0.5242905218575119,-0.002558472707895665,0.022063993555344608,0.015049143023701417,0.018396173720176323,1
2022-03-02,0.018396173720176323,0.03777693634643642,-0.03324880998515467,0.01471261659785694,-0.007417924481593063,-0.3384084650635995,-0.1241652982608878,-0.015230356599403971,-0.002558472707895665,0.022063993555344608,-0.004978431291218999,0
2022-03-03,-0.004978431291218999,0.017300928009465144,-0.04731617889270945,0.014483700814036446,-0.009931166109391376,-0.48846837736643683,-0.5019479370231901,0.018396173720176323,-0.015230356599403971,-0.002558472707895665,-0.008124714433550007,0
2022-03-04,-0.008124714433550007,-0.012747093294639522,-0.03231091591120949,0.013686076955275567,-0.016362539575656698,-0.8009390477685475,-0.21923472909304828,-0.004978431291218999,0.018396173720176323,-0.015230356599403971,-0.029479056907933288,0
2022-03-07,-0.029479056907933288,-0.0393926903291314,-0.06523298263104205,0.01494068465486734,-0.04216871411962708,-1.8983141712988596,0.5228759380062833,-0.008124714433550007,-0.004978431291218999,0.018396173720176323,-0.0075819596545931844,0
2022-03-08,-0.0075819596545931844,-0.031931954651822414,-0.06933339424732599,0.014971849496144196,-0.046053212775992836,-1.8976716867646282,1.2555203069768857,-0.029479056907933288,-0.008124714433550007,-0.004978431291218999,0.026811088067850708,1
2022-03-09,0.026811088067850708,-0.023932897021266553,-0.052179765851467774,0.016258056649822588,-0.017828677781308255,-0.7619998900592205,-0.35787852661527825,-0.0075819596545931844,-0.029479056907933288,-0.008124714433550007,-0.0045156591847833605,0
2022-03-10,-0.0045156591847833605,-0.023478940400151083,-0.07007050667648884,0.01574852038924475,-0.018648886663758635,-0.9064737809830213,-1.1468528845392745,0.026811088067850708,-0.0075819596545931844,-0.029479056907933288,-0.012714799212770744,0
2022-03-11,-0.012714799212770744,-0.027997970682973272,-0.06509808496064773,0.015537154467752229,-0.027847325350956575,-1.4003823110094704,-0.9912374669164078,-0.0045156591847833605,0.026811088067850708,-0.0075819596545931844,-0.0073087404691429825,0
2022-03-14,-0.0073087404691429825,-0.005793820713320796,-0.053262749609194304,0.015085909194868545,-0.03232564610632371,-1.550528194395846,-0.8939386986038712,-0.012714799212770744,-0.0045156591847833605,0.026811088067850708,0.021990664042095265,1
2022-03-15,0.021990664042095265,0.02383208694020622,-0.029269617436739837,0.01605536638375168,-0.009569156493740794,-0.46613217616051267,-0.5115844786427948,-0.0073087404691429825,-0.012714799212770744,-0.0045156591847833605,0.022174345222325975,1
2022-03-16,0.022174345222325975,0.01920879628888361,-0.023492364607070826,0.016454066576502165,0.013627378046687344,0.7204812079835776,0.6943646090973417,0.021990664042095265,-0.0073087404691429825,-0.012714799212770744,0.012510783778457268,1
2022-03-17,0.012510783778457268,0.036641014683634676,-0.01238250556225795,0.01672833225079024,0.02696938286368522,1.5235044737275973,-0.7955394079210405,0.022174345222325975,0.021990664042095265,-0.0073087404691429825,0.010952794915775943,1
2022-03-18,0.010952794915775943,0.06149178604430516,0.020228268460664944,0.016157158277615505,0.03715008398194142,1.9261530203914228,-0.677813125864688,0.012510783778457268,0.022174345222325975,0.021990664042095265,-0.00029233270735296024,0
2022-03-21,-0.00029233270735296024,0.06899448049756107,0.02657722169248511,0.01606295222450512,0.0354571473713341,1.6998032877860714,-1.1874201159330549,0.010952794915775943,0.012510783778457268,0.022174345222325975,0.01170138420250555,1
2022-03-22,0.01170138420250555,0.05823197185260631,0.04985609518926282,0.01595153372706457,0.04497417645772028,1.9268998919321598,-1.4709605314083547,-0.00029233270735296024,0.010952794915775943,0.012510783778457268,-0.012878538183721533,0
2022-03-23,-0.012878538183721533,0.021942583355154754,0.05505074799505416,0.015660445217079214,0.028747933568577855,1.2145929248322598,-1.189550208137215,0.01170138420250555,-0.00029233270735296024,0.010952794915775943,0.015074351047100087,1
2022-03-24,0.015074351047100087,0.024530030915312917,0.055076949429856636,0.01566148398658118,0.04141715148586789,1.629021137052099,-1.7748537345513722,-0.012878538183721533,0.01170138420250555,-0.00029233270735296024,0.004883557152569162,1
2022-03-25,0.004883557152569162,0.018379282448675927,0.03734158007528343,0.015006774664217846,0.044535517666180136,1.6266848596190906,-1.1705962589747057,0.015074351047100087,-0.012878538183721533,0.01170138420250555,0.007113137738056663,1
2022-03-28,0.007113137738056663,0.025923065421567193,0.04740007812991531,0.015009960724825485,0.04946735964613436,1.667046904791114,-1.3502269555620712,0.004883557152569162,0.015074351047100087,-0.012878538183721533,0.012370727946110716,1
2022-03-29,0.012370727946110716,0.0266018182590968,0.07675656601840553,0.014563444149374931,0.058441888712804424,1.8006349637781025,-0.5999615889524385,0.007113137738056663,0.004883557152569162,0.015074351047100087,-0.006174546312004536,0
2022-03-30,-0.006174546312004536,0.03357393923034535,0.05077779193306586,0.014301819756716029,0.049239724984359245,1.4320074321951275,-0.7881091646552567,0.012370727946110716,0.007113137738056663,0.004883557152569162,-0.015391503795167738,0
2022-03-31,-0.015391503795167738,0.002552848441418787,0.03978122092693481,0.01477311518234472,0.03105271781321206,0.8858428386594644,0.7825203423479167,-0.006174546312004536,0.012370727946110716,0.007113137738056663,0.002834215334215351,1
2022-04-01,0.002834215334215351,0.0005082598293386642,0.05126944887231821,0.014577571813781283,0.03137453801239731,0.8830869130030597,-0.40529705608604727,-0.015391503795167738,-0.006174546312004536,0.012370727946110716,0.008566495207787073,1
2022-04-04,0.008566495207787073,0.001952085848941465,0.09248043652736992,0.012505708880369547,0.03565006194752063,1.0308872897295867,-1.380227585100867,0.002834215334215351,-0.015391503795167738,-0.006174546312004536,-0.012631241874635046,0
2022-04-05,-0.012631241874635046,-0.022792580428649734,0.0869220510288744,0.012809857686097532,0.018404481308980092,0.5784473303106612,-0.8129432353897873,0.008566495207787073,0.002834215334215351,-0.015391503795167738,-0.00999937273175322,0
2022-04-06,-0.00999937273175322,-0.02655345085321048,0.047956654164188706,0.012018250343089275,0.0059005496372517285,0.1934541153467375,0.7855406502922426,-0.012631241874635046,0.008566495207787073,0.002834215334215351,0.005039069826044962,1
2022-04-07,0.005039069826044962,-0.006354487036305256,0.05801501614448212,0.011917806889066528,0.008174927647113917,0.2854908290514009,-0.5763062881478385,-0.00999937273175322,-0.012631241874635046,0.008566495207787073,-0.002674163778049632,0
2022-04-08,-0.002674163778049632,-0.01181239434033643,0.06877496985704323,0.011427200255041141,0.002236571782227692,0.08968717993397098,-0.47778181783902524,0.005039069826044962,-0.00999937273175322,-0.012631241874635046,-0.017092168439738264,0
2022-04-11,-0.017092168439738264,-0.03695260424692348,0.058241702001624596,0.012099080814433229,-0.01755706000092483,-0.9097851420328057,0.04243393752726071,-0.002674163778049632,0.005039069826044962,-0.00999937273175322,-0.0037053405368473458,0
2022-04-12,-0.0037053405368473458,-0.028246570186836295,0.03163423426536194,0.011303771526058007,-0.022664043316766525,-1.4195733157610912,-0.169152671958348,-0.017092168439738264,-0.002674163778049632,0.005039069826044962,0.011453777706858626,1
2022-04-13,0.011453777706858626,-0.00718883350989763,0.020814451406006684,0.010503597488201994,-0.01246510073730911,-0.8649493632705125,-0.661132984694238,-0.0037053405368473458,-0.017092168439738264,-0.002674163778049632,-0.01245166791594221,0
2022-04-14,-0.01245166791594221,-0.02446676852927976,-0.004352718998909211,0.010557175533426303,-0.024553616736486816,-1.6634062203478348,0.9152619060803218,0.011453777706858626,-0.0037053405368473458,-0.017092168439738264,0.0004107861118252121,1
2022-04-18,0.0004107861118252121,-0.02144922799669391,-0.014735125036787089,0.010230998250443497,-0.023440307762632506,-1.5019117139983087,-1.0891045219829154,-0.01245166791594221,0.011453777706858626,-0.0037053405368473458,0.016142905498560234,1
2022-04-19,0.016142905498560234,0.011638520636139127,0.0014626730253131104,0.01090279341443779,-0.0077477017875876575,-0.49777828536555496,-0.24940434759126992,0.0004107861118252121,-0.01245166791594221,0.011453777706858626,-0.0007414932071927449,0
2022-04-20,-0.0007414932071927449,0.014648013961716888,-0.010854278859323774,0.010557258329762103,-0.007943756903378674,-0.5067878081440457,-1.0507517666871429,0.016142905498560234,0.0004107861118252121,-0.01245166791594221,-0.014953781876749006,0
2022-04-21,-0.014953781876749006,-0.011842942397980338,-0.012933778190140965,0.010694704924280799,-0.02215269373523243,-1.3539966095448395,0.27379464402498865,-0.0007414932071927449,0.016142905498560234,0.0004107861118252121,-0.02743884278982678,0
2022-04-22,-0.02743884278982678,-0.02683935537747606,-0.05427393970087002,0.01160249673549141,-0.04638138434447958,-2.3589574118829826,2.601057385128935,-0.014953781876749006,-0.0007414932071927449,0.016142905498560234,0.00579729459079803,1
2022-04-25,0.00579729459079803,-0.021599569744980895,-0.053413993987306174,0.011635772347139958,-0.03825034769403368,-1.7835541790185798,1.6540449215592037,-0.02743884278982678,-0.014953781876749006,-0.0007414932071927449,-0.028960801649211443,0
2022-04-26,-0.028960801649211443,-0.06502799525548963,-0.08731990279357138,0.012778290139709799,-0.061912493227984866,-2.4354823905090024,0.781602922112891,0.00579729459079803,-0.02743884278982678,-0.014953781876749006,0.0028118592920309826,1
2022-04-27,0.0028118592920309826,-0.06170324486589707,-0.09593748618625653,0.012284061543563504,-0.05455562868901109,-2.025316546320405,1.5029623307622844,-0.028960801649211443,0.00579729459079803,-0.02743884278982678,0.025259562948446224,1
2022-04-28,0.025259562948446224,-0.023398391480988767,-0.06734252543933561,0.01400991473816061,-0.02727004043411907,-1.0414341822766604,0.6518384691847413,0.0028118592920309826,-0.028960801649211443,0.00579729459079803,-0.036955742292176574,0
2022-04-29,-0.036955742292176574,-0.032954828413725656,-0.08776896731442185,0.015709218968186587,-0.05897722713002673,-2.029968707801826,2.2414393696351396,0.025259562948446224,0.0028118592920309826,-0.028960801649211443,0.006019574860413268,1
2022-05-02,0.006019574860413268,-0.03274111232736676,-0.08487139584585168,0.015802978526316708,-0.04913847196728649,-1.6210557875911877,2.2433992546389385,-0.036955742292176574,0.025259562948446224,0.0028118592920309826,0.004583911415625197,1
2022-05-03,0.004583911415625197,0.0006730092667959209,-0.08848501613163862,0.015656664082514003,-0.040330409987500926,-1.3526452119491839,0.0649566507077229,0.006019574860413268,-0.036955742292176574,0.025259562948446224,0.030452814417700758,1
2022-05-04,0.030452814417700758,0.028255010305495043,-0.048710856221156895,0.01735182654313215,-0.008595711445027465,-0.30191283861155316,1.5417993048432077,0.004583911415625197,0.006019574860413268,-0.036955742292176574,-0.035542648472794314,0
2022-05-05,-0.035542648472794314,-0.03272484376360418,-0.0732553264363438,0.018822219820950843,-0.040205732563221575,-1.3790125046271557,2.133080329484941,0.030452814417700758,0.004583911415625197,0.006019574860413268,-0.005968944797261955,0
2022-05-06,-0.005968944797261955,-0.001601913380842479,-0.08340579642794954,0.018716110050294218,-0.041775253915698585,-1.4238992519606586,1.3120398612407422,-0.035542648472794314,0.030452814417700758,0.004583911415625197,-0.032017355966309946,0
2022-05-09,-0.032017355966309946,-0.03935068080769388,-0.1103737129274821,0.019715476187067694,-0.06708718107955436,-2.1023602752702777,1.2802320609958011,-0.005968944797261955,-0.035542648472794314,0.030452814417700758,0.0023106038151679,1
2022-05-10,0.0023106038151679,-0.04152456730326459,-0.0928123346519164,0.019599574962769588,-0.06043743822694514,-1.7611802284131113,0.5312474619373035,-0.032017355966309946,-0.005968944797261955,-0.035542648472794314,-0.015886109874241106,0
2022-05-11,-0.015886109874241106,-0.08462670637260039,-0.1039036755442665,0.0197564932778553,-0.07038006715924905,-1.8756593300829176,0.7456809396435251,0.0023106038151679,-0.032017355966309946,-0.005968944797261955,-0.001043887569027846,0
2022-05-12,-0.001043887569027846,-0.051883688400328754,-0.11497596788706677,0.019393548033268277,-0.06571471457042255,-1.6810742953890547,0.15479893832818742,-0.015886109874241106,0.0023106038151679,-0.032017355966309946,0.02390775444853399,1
2022-05-13,0.02390775444853399,-0.023387007392792758,-0.08239127148198289,0.020424684682629975,-0.0392519153506814,-1.0049223868923463,-0.5222744114972259,-0.001043887569027846,-0.015886109874241106,0.0023106038151679,-0.004057605065675984,0
2022-05-16,-0.004057605065675984,0.004822027312451294,-0.08648982260101268,0.02039727431130497,-0.03879632820042167,-1.002678896895191,-1.4054880654471316,0.02390775444853399,-0.001043887569027846,-0.015886109874241106,0.020570537480025575,1
2022-05-17,0.020570537480025575,0.023127713687387086,-0.08250939144811165,0.020653408826361453,-0.014677663761930027,-0.41436218441841255,-1.2842709176363765,-0.004057605065675984,0.02390775444853399,-0.001043887569027846,-0.04031168039717303,0
2022-05-18,-0.04031168039717303,-0.0022661745356964413,-0.11884160666434396,0.02215614369343252,-0.04832918426910038,-1.4570801452163635,-0.23714549573394017,0.020570537480025575,-0.004057605065675984,0.02390775444853399,-0.0061245732556340915,0
2022-05-19,-0.0061245732556340915,-0.0073406436770317995,-0.11094356986173626,0.02205758462831105,-0.048542748484995846,-1.5236040971457294,-1.0070131747828048,-0.04031168039717303,0.020570537480025575,-0.004057605065675984,0.0004366073014123728,1
2022-05-20,0.0004366073014123728,-0.030095480446260092,-0.08546152386094297,0.02148011794239168,-0.043874953948368156,-1.3620285575999442,0.26120517563393286,-0.0061245732556340915,-0.04031168039717303,0.020570537480025575,0.018709905921857617,1
2022-05-23,0.018709905921857617,-0.007923202292306808,-0.07372051008690261,0.021985668991242456,-0.022195995655847067,-0.7298862850398843,-1.6374035357289927,0.0004366073014123728,-0.0061245732556340915,-0.04031168039717303,-0.007633674843412375,0
2022-05-24,-0.007633674843412375,-0.035339969302643603,-0.05337644964882837,0.02119330561123475,-0.02699840686460142,-0.8828105104282674,-1.0593561653198749,0.018709905921857617,0.0004366073014123728,-0.0061245732556340915,0.00883480433683359,1
2022-05-25,0.00883480433683359,0.014061121138672528,-0.04769097478228046,0.02131555467679971,-0.015983526878409426,-0.5323750301147232,-0.9782736671747463,-0.007633674843412375,0.018709905921857617,0.0004366073014123728,0.01998138779785208,1
2022-05-26,0.01998138779785208,0.040697296480101564,-0.05259359067999114,0.020987536654249083,0.006482418836460724,0.24290280121126587,-1.2108183171925093,0.00883480433683359,-0.007633674843412375,0.018709905921857617,0.024549127212522226,1
2022-05-27,0.024549127212522226,0.0657801793930961,0.007912566858223391,0.020160850287569667,0.03077346220983901,1.135425259997487,-1.0176135674153528,0.01998138779785208,0.00883480433683359,-0.007633674843412375,-0.005610878880667802,0
2022-05-31,-0.005610878880667802,0.0403356340528207,-0.003739771502613509,0.020163686473634892,0.025187143549034063,0.9361288935345854,-0.5797201448735156,0.024549127212522226,0.01998138779785208,0.00883480433683359,-0.008088622487231856,0
2022-06-01,-0.008088622487231856,0.03985869500975192,-0.016307304566039016,0.020211346789584885,0.017752641066386188,0.6810965489858576,-0.860954200554794,-0.005610878880667802,0.024549127212522226,0.01998138779785208,0.019043593068210685,1
2022-06-02,0.019043593068210685,0.05038142646410382,-0.027198795709594825,0.01943403108413954,0.038640206743482786,1.6927486376883698,-0.9907069918987883,-0.008088622487231856,-0.005610878880667802,0.024549127212522226,-0.016411696554425315,0
2022-06-03,-0.016411696554425315,0.01290366430816392,-0.00790233533636886,0.018078071409336594,0.022010178233279776,0.984997475431951,-1.2008364560060885,0.019043593068210685,-0.008088622487231856,-0.005610878880667802,0.0030448670744340767,1
2022-06-06,0.0030448670744340767,-0.00835616922599447,0.0010939446699969047,0.018040062736196287,0.025064649433026,1.1185181626490404,-1.5938234998238054,-0.016411696554425315,0.019043593068210685,-0.008088622487231856,0.009592119579449054,1
2022-06-07,0.009592119579449054,0.006804857088604788,0.044126734840874926,0.016457720577754038,0.03263898223421613,1.3858537456152547,-1.460735544217319,0.0030448670744340767,-0.016411696554425315,0.019043593068210685,-0.01087196772730914,0
2022-06-08,-0.01087196772730914,0.003979720115490304,0.030394189930085025,0.01671878758590125,0.019875760394252096,0.8319959196861042,-1.1495171446114631,0.009592119579449054,0.0030448670744340767,-0.016411696554425315,-0.02378296069888841,0
2022-06-09,-0.02378296069888841,-0.03821375596058674,0.02212597088541579,0.017239412401062353,-0.005451639888692683,-0.2359290214745622,-0.10149681913728913,-0.01087196772730914,0.009592119579449054,0.0030448670744340767,-0.028995630036379838,0
2022-06-10,-0.028995630036379838,-0.05051875600628997,-0.006474086266099355,0.01851951290440317,-0.03398524759968269,-1.44283665026502,2.130791982841158,-0.02378296069888841,-0.01087196772730914,0.009592119579449054,-0.037968211456457346,0
2022-06-13,-0.037968211456457346,-0.08934169414374493,-0.06651404132731886,0.01943292390255242,-0.0675759181296628,-2.373796579854627,2.8409447420106866,-0.028995630036379838,-0.02378296069888841,-0.01087196772730914,-0.0030132958185994374,0
2022-06-14,-0.0030132958185994374,-0.10071185641856817,-0.06553522164495929,0.019432056050433917,-0.06734536400597746,-2.0631790750239976,0.3923538197087711,-0.037968211456457346,-0.028995630036379838,-0.02378296069888841,0.014256441070920722,1
2022-06-15,0.014256441070920722,-0.0778657946732616,-0.07131659636112087,0.019073479815497448,-0.05060068505393389,-1.4632718278923225,1.073300939337612,-0.0030132958185994374,-0.037968211456457346,-0.028995630036379838,-0.03309623066703471,0
2022-06-16,-0.03309623066703471,-0.08666310557373336,-0.06433425816100258,0.01839715627379781,-0.07911600257609452,-2.0224756332038787,1.3123399798122921,0.014256441070920722,-0.0030132958185994374,-0.037968211456457346,0.00215561562385691,1
2022-06-17,0.00215561562385691,-0.0573619171868095,-0.05653902662391308,0.018420024141285397,-0.07457189008435305,-1.7478500921368902,0.48589608552629715,-0.03309623066703471,0.014256441070920722,-0.0030132958185994374,0.0251737748818035,1
2022-06-21,0.0251737748818035,0.004507182832249823,-0.03321065975525472,0.019446701876977692,-0.04972689593118451,-1.1278777132391324,-0.6084863180680183,0.00215561562385691,-0.03309623066703471,0.014256441070920722,-0.0018128434810509297,0
2022-06-22,-0.0018128434810509297,0.005716690432158389,-0.052687426634527745,0.018856296637023703,-0.04894087562921945,-1.0713676137173438,-0.1687831401615058,0.0251737748818035,0.00215561562385691,-0.03309623066703471,0.009802576057998058,1
2022-06-23,0.009802576057998058,0.0013003256953481035,-0.03604278715761411,0.019010491528455707,-0.03789062181401526,-0.8128303428228926,-0.5254171728709567,-0.0018128434810509297,0.0251737748818035,0.00215561562385691,0.031793785634281146,1
2022-06-24,0.031793785634281146,0.06849873417989416,-0.014105126476154584,0.02032535037126602,-0.006596083262112251,-0.14140635084492398,0.12372858511765802,0.009802576057998058,-0.0018128434810509297,0.0251737748818035,-0.0038196869409969914,0
2022-06-27,-0.0038196869409969914,0.062127864100087526,-0.03711079878557877,0.019750908623366228,-0.008499753259706644,-0.18350780761170377,-0.9562408911004582,0.031793785634281146,0.009802576057998058,-0.0018128434810509297,-0.020432791387883342,0
2022-06-28,-0.020432791387883342,0.014877333499510703,-0.0793855931510542,0.01915632522926118,-0.024674637922978304,-0.5478880656393741,-0.2509965404919091,-0.0038196869409969914,0.031793785634281146,0.009802576057998058,-0.0008145621485292631,0
2022-06-29,-0.0008145621485292631,0.01589230658368157,-0.07494511991010899,0.01916448677533008,-0.021606721587816513,-0.49433246877431847,-0.8987796184316006,-0.020432791387883342,-0.0038196869409969914,0.031793785634281146,-0.0081242441635907,0
2022-06-30,-0.0081242441635907,-0.0021426233881891577,-0.07497834062548725,0.01916491655438462,-0.02572359203813357,-0.601715679915457,0.6317018733937834,-0.0008145621485292631,-0.020432791387883342,-0.0038196869409969914,0.010576535767439887,1
2022-07-01,0.010576535767439887,-0.022662023277798315,-0.082664185909884,0.01872419231629411,-0.011031869136618022,-0.28018271730146993,-0.6160753953487972,-0.0081242441635907,-0.0008145621485292631,-0.020432791387883342,0.0018886399132569398,1
2022-07-05,0.0018886399132569398,-0.017061667052052476,-0.06559652254616133,0.018539037911961185,-0.00570600112220554,-0.1547566637905599,-0.4164698339547717,0.010576535767439887,-0.0081242441635907,-0.0008145621485292631,0.003377213166984472,1
2022-07-06,0.003377213166984472,0.006830278267150325,-0.06528691990046609,0.018545099145890802,0.0011400643987276027,0.03412540863211787,-0.8272886604375536,0.0018886399132569398,0.010576535767439887,-0.0081242441635907,0.01497720821270443,1
2022-07-07,0.01497720821270443,0.02274287261131991,-0.06030123044689151,0.01877831655219055,0.019458095146902776,0.6987595348005988,-1.0504891237220118,0.003377213166984472,0.0018886399132569398,0.010576535767439887,-0.0008225063833630086,0
2022-07-08,-0.0008225063833630086,0.0302718400535249,-0.05075396644115937,0.01868904358565022,0.021401023176619738,0.9499605389714362,-0.801849586455919,0.01497720821270443,0.003377213166984472,0.0018886399132569398,-0.011423679139688003,0
2022-07-11,-0.011423679139688003,0.007842859079088438,-0.03873614814318427,0.018142312738344317,0.011791320096603775,0.6081944699451091,-1.1995959294596965,-0.0008225063833630086,0.01497720821270443,0.003377213166984472,-0.008848965066571735,0
2022-07-12,-0.008848965066571735,-0.0029585594333213505,-0.018791582114431882,0.01708210271783721,0.0038019560669351193,0.20310053114529653,-0.9726557232567231,-0.011423679139688003,-0.0008225063833630086,0.01497720821270443,-0.005251447719817559,0
2022-07-13,-0.005251447719817559,-0.011532735095118651,0.014577340167195363,0.014742633893572693,-0.002185228949920348,-0.11915270237715761,-0.07827431596218175,-0.008848965066571735,-0.011423679139688003,-0.0008225063833630086,-0.0024284866515242864,0
2022-07-14,-0.0024284866515242864,-0.0284838148405544,0.015172467591410665,0.014735194102707736,-0.005348271958911188,-0.30066053561338807,0.20935181233366226,-0.005251447719817559,-0.008848965066571735,-0.011423679139688003,0.019104866130654763,1
2022-07-15,0.019104866130654763,-0.009108113277266572,0.020025271510136777,0.015004672632629038,0.012646822536680924,0.7042302451389325,-0.1990732793542194,-0.0024284866515242864,-0.005251447719817559,-0.008848965066571735,-0.00825709347500947,0
2022-07-18,-0.00825709347500947,-0.005934110443563512,0.046229065995136986,0.012906649347387514,0.002061941892089081,0.1351804082339406,-1.0481766604032,0.019104866130654763,-0.0024284866515242864,-0.005251447719817559,0.027019261024213925,1
2022-07-19,0.027019261024213925,0.030039599736886524,0.07218618093706786,0.014035926931499106,0.025583890484578653,1.9142447624678196,0.06046571396883622,-0.00825709347500947,0.019104866130654763,-0.0024284866515242864,0.006373199438202581,1
2022-07-20,0.006373199438202581,0.04207665862808341,0.05252344894158956,0.013113113616617312,0.0294689870024043,2.0576681081857857,-0.4148900734439062,0.027019261024213925,-0.00825709347500947,0.019104866130654763,0.010183316662745412,1
2022-07-21,0.010183316662745412,0.055251118484995754,0.06517261975704702,0.013172753576657271,0.036654304922620895,2.330464703332667,-0.8398382901841699,0.006373199438202581,0.027019261024213925,-0.00825709347500947,-0.009278126136273324,0
2022-07-22,-0.009278126136273324,0.025861420396961154,0.04504567412930216,0.013362317934140113,0.024767803305335345,1.524660315866658,-0.27042884040460524,0.010183316662745412,0.006373199438202581,0.027019261024213925,0.0012150368283847524,1
2022-07-25,0.0012150368283847524,0.03565941641315962,0.014074185829201724,0.011416482379521552,0.02528293852637087,1.4814392380892738,-1.5083239117371197,-0.009278126136273324,0.010183316662745412,0.006373199438202581,-0.011830991326012397,0
2022-07-26,-0.011830991326012397,-0.0035176771463260037,0.00591897851867218,0.01172210411894362,0.012850917230870174,0.7452132210004874,-1.4350915957385848,0.0012150368283847524,-0.009278126136273324,0.010183316662745412,0.025966347104170895,1
2022-07-27,0.025966347104170895,0.01588290437661044,0.05356632071809342,0.01197900916463362,0.03641309420997474,1.9219365303043463,0.6972618326273926,-0.011830991326012397,0.0012150368283847524,-0.009278126136273324,0.01254215243263701,1
2022-07-28,0.01254215243263701,0.018255049009508584,0.06764997736987599,0.012145097587076086,0.045934508306584965,2.147752509345328,0.05885536475989661,0.025966347104170895,-0.011830991326012397,0.0012150368283847524,0.014578800516193091,1
2022-07-29,0.014578800516193091,0.04277498407764768,0.09208741824487632,0.012077198172375608,0.05645631501214843,2.3322694628536884,1.4189959824142953,0.01254215243263701,0.025966347104170895,-0.011830991326012397,-0.002961242535648778,0
2022-08-01,-0.002961242535648778,0.038425349396641106,0.07745771249521294,0.012097062125960824,0.049354874794744985,1.880375297510821,-0.15491035237550407,0.014578800516193091,0.01254215243263701,0.025966347104170895,-0.00659717481596267,0
2022-08-02,-0.00659717481596267,0.0439253475653949,0.0683318414527041,0.01231471440370973,0.038968422683151926,1.4362611732352055,-0.6944485298096572,-0.002961242535648778,0.014578800516193091,0.01254215243263701,0.015659423283326923,1
2022-08-03,0.015659423283326923,0.03343800647241091,0.08140915273555205,0.012617003837073685,0.05106329931346121,1.7591411224594695,-0.264955927955013,-0.00659717481596267,-0.002961242535648778,0.014578800516193091,-0.0006755787862202656,0
2022-08-04,-0.0006755787862202656,0.019947500651901207,0.06473186482259052,0.012383293072597454,0.047010240207446374,1.5255095672671968,-2.021548005487542,0.015659423283326923,-0.00659717481596267,-0.002961242535648778,-0.001690283083744859,0
2022-08-05,-0.001690283083744859,0.003592328291497804,0.0638071547381962,0.012399687682046086,0.041974244511791214,1.3113469119651058,-0.990116022130902,-0.0006755787862202656,0.015659423283326923,-0.00659717481596267,-0.0011607912316814462,0
2022-08-08,-0.0011607912316814462,0.00540461402522352,0.0748510502416937,0.011968835538684242,0.03700675595877234,1.1487930318365005,-1.188257270631082,-0.001690283083744859,-0.0006755787862202656,0.015659423283326923,-0.003971139508589627,0
2022-08-09,-0.003971139508589627,0.008062375758623785,0.08014079493155823,0.011747681560354084,0.02894599705205625,0.9289155600154471,-1.6980215008822463,-0.0011607912316814462,-0.001690283083744859,-0.0006755787862202656,0.021004038940249048,1
2022-08-10,0.021004038940249048,0.013367014137517286,0.10865013245943178,0.012128839315839033,0.04517760244194391,1.4865497964016943,0.1270231143145849,-0.003971139508589627,-0.0011607912316814462,-0.001690283083744859,0.0,0
2022-08-11,0.0,0.014052086215086579,0.11134902874091357,0.012059990921069675,0.03973360217955757,1.3985955162310766,-0.508948486871311,0.021004038940249048,-0.003971139508589627,-0.0011607912316814462,0.016929075461740162,1
2022-08-12,0.016929075461740162,0.03296505386139836,0.1089762966237342,0.011938691907351747,0.0518707743142508,1.8015969170758885,-0.258462653188419,0.0,0.021004038940249048,-0.003971139508589627,0.004120581022653447,1
2022-08-15,0.004120581022653447,0.03842686686119867,0.12281712929813082,0.011514816309055664,0.05013891816124527,1.8116186179920835,-0.869364164576829,0.016929075461740162,0.0,0.021004038940249048,0.0019589373108530594,1
2022-08-16,0.0019589373108530594,0.04460936953368333,0.09541923930816476,0.010402170815313057,0.047396162796293995,1.677818924753356,-0.35154165360596634,0.004120581022653447,0.016929075461740162,0.0,-0.007098174860997841,0
2022-08-17,-0.007098174860997841,0.015857440332804895,0.0807558891757254,0.010714033215047162,0.03593655096723669,1.2825932365240356,0.06796805358742923,0.0019589373108530594,0.004120581022653447,0.016929075461740162,0.002906502716913728,1
2022-08-18,0.002906502716913728,0.01881003274312909,0.07297070860832622,0.010614116004135267,0.035289986655721695,1.253017969139428,-1.137278498611093,-0.007098174860997841,0.0019589373108530594,0.004120581022653447,-0.01343809596827783,0
2022-08-19,-0.01343809596827783,-0.011613307158805708,0.06846538183984818,0.010915840405017026,0.01804620181893779,0.68247909448978,0.5506703713425094,0.002906502716913728,-0.007098174860997841,0.0019589373108530594,-0.020822486302330523,0
2022-08-22,-0.020822486302330523,-0.03616553354335761,0.044947626212392455,0.012183751726031108,-0.0052846540916638984,-0.21927074262409638,1.26246783709487,-0.01343809596827783,0.002906502716913728,-0.007098174860997841,-0.002419224756112892,0
2022-08-23,-0.002419224756112892,-0.040377106835173815,0.05490017790077095,0.011785663439525251,-0.01024677250451378,-0.5190979380577307,-1.1591379848729964,-0.020822486302330523,-0.01343809596827783,0.002906502716913728,0.0032014706855996167,1
2022-08-24,0.0032014706855996167,-0.030422672864207634,0.0314932969132784,0.010447979548706906,-0.008580882032848236,-0.4832339767416603,-1.0640668650659781,-0.002419224756112892,-0.020822486302330523,-0.01343809596827783,0.01411747565856536,1
2022-08-25,0.01411747565856536,-0.019584269533576837,0.03309810451967077,0.010540316457668935,0.003798774296753793,0.22888622661329167,-0.8199729521805396,0.0032014706855996167,-0.002419224756112892,-0.020822486302330523,-0.03384930170792866,0
2022-08-26,-0.03384930170792866,-0.03986831567722038,-0.01621396526512131,0.012752211922179771,-0.029403422043863148,-1.6630151170659528,3.14191460057289,0.01411747565856536,0.0032014706855996167,-0.002419224756112892,-0.00661217523837121,0
2022-08-29,-0.00661217523837121,-0.02593440716142248,-0.019816369464361827,0.012811685543645824,-0.034880532649716356,-1.8236698547032442,0.3590616675563976,-0.03384930170792866,0.01411747565856536,0.0032014706855996167,-0.010977943124318768,0
2022-08-30,-0.010977943124318768,-0.0342913776325372,-0.024138842962687534,0.012950518416883624,-0.04434736071700185,-2.0926467844507792,1.657290008000562,-0.00661217523837121,-0.03384930170792866,0.01411747565856536,-0.007609043472186716,0
2022-08-31,-0.007609043472186716,-0.04469786829215028,-0.04649554282681678,0.012395071772922112,-0.04942095302161964,-2.043492643603087,0.9438213733317536,-0.010977943124318768,-0.00661217523837121,-0.03384930170792866,0.003137960952679597,1
2022-09-01,0.003137960952679597,-0.055040608709712724,-0.042856857469531606,0.01245065345497999,-0.04439802984401742,-1.683113554110581,1.0214550042833486,-0.007609043472186716,-0.010977943124318768,-0.00661217523837121,-0.010544312490295082,0
2022-09-02,-0.010544312490295082,-0.03224678527817981,-0.051345779681388204,0.012591421757969594,-0.052048555931824336,-1.786427058240141,2.032524519116985,0.003137960952679597,-0.007609043472186716,-0.010977943124318768,-0.00377329004429916,0
2022-09-06,-0.00377329004429916,-0.029481158194468837,-0.053827017905129226,0.012589733347899649,-0.053081806579135526,-1.6707906868615139,0.5814121888743259,-0.010544312490295082,0.003137960952679597,-0.007609043472186716,0.017964895745108622,1
2022-09-07,0.017964895745108622,-0.0010797992330159323,-0.03298898327118316,0.01340132898942725,-0.03448302377141732,-1.0502566003819505,0.167298185372424,-0.00377329004429916,-0.010544312490295082,0.003137960952679597,0.006536625872781698,1
2022-09-08,0.006536625872781698,0.013158938805769571,-0.04669132653941188,0.012476079020467538,-0.02585341058254753,-0.7798022914213614,0.7455285036777023,0.017964895745108622,-0.00377329004429916,-0.010544312490295082,0.015534913954823093,1
2022-09-09,0.015534913954823093,0.025679732791223264,-0.0318817583248151,0.013095893569734037,-0.009106027922141546,-0.2769848947180733,0.43508395284164747,0.006536625872781698,0.017964895745108622,-0.00377329004429916,0.01074771179894296,1
2022-09-12,0.01074771179894296,0.04775125965114224,-0.03776642724104695,0.012704240054921453,0.0035161910425016707,0.11158752757539961,-0.05920133243026049,0.015534913954823093,0.006536625872781698,0.017964895745108622,-0.04348229353754096,0
2022-09-13,-0.04348229353754096,0.005988518285388489,-0.08338354228414413,0.015646170158912936,-0.03590981205641797,-1.165943144315022,2.5707268891622266,0.01074771179894296,0.015534913954823093,0.006536625872781698,0.0038157298386944927,1
2022-09-14,0.0038157298386944927,-0.007994182399735816,-0.0816849032219975,0.01569024794188955,-0.0280476337692509,-0.9687087359667296,0.5308767975300751,-0.04348229353754096,0.01074771179894296,0.015534913954823093,-0.011353255330066037,0
2022-09-15,-0.011353255330066037,-0.02562579735861914,-0.0856203422894033,0.01576125657735391,-0.03473984634157423,-1.2536001715114369,0.6046170842915426,0.0038157298386944927,-0.04348229353754096,0.01074771179894296,-0.0076290993607522894,0
2022-09-16,-0.0076290993607522894,-0.04785094855154237,-0.09522596374609305,0.01568196908688602,-0.03725083923165795,-1.4503007523243843,1.288682063970195,-0.011353255330066037,0.0038157298386944927,-0.04348229353754096,0.007755191478586498,1
2022-09-19,0.007755191478586498,-0.05066997584312671,-0.07578964034213154,0.01578840053914746,-0.025909492177673354,-1.0911686095636677,-0.310714668871638,-0.0076290993607522894,-0.011353255330066037,0.0038157298386944927,-0.011478654977974623,0
2022-09-20,-0.011478654977974623,-0.01890682628343443,-0.06697033476366232,0.01539185181359105,-0.03375162769835449,-1.4092216050186497,-0.09588759533529116,0.007755191478586498,-0.0076290993607522894,-0.011353255330066037,-0.017443877980755085,0
2022-09-21,-0.017443877980755085,-0.039685197739025124,-0.0810227779505841,0.015707662000668077,-0.04661662506779696,-1.8460719195962259,1.3564905763189017,-0.011478654977974623,0.007755191478586498,-0.0076290993607522894,-0.008399953714488761,0
2022-09-22,-0.008399953714488761,-0.0368165297620453,-0.0916501993395532,0.01563800847811099,-0.05009462001832743,-1.9072405455857406,0.33131611781898007,-0.017443877980755085,-0.011478654977974623,0.007755191478586498,-0.016754671251490105,0
2022-09-23,-0.016754671251490105,-0.04567370201081311,-0.11930252677183417,0.015202793903139956,-0.060063854895849866,-2.2814643298913744,2.0691660619384313,-0.008399953714488761,-0.017443877980755085,-0.011478654977974623,-0.00989282152192772,0
2022-09-26,-0.00989282152192772,-0.06238605740829328,-0.09746492772589987,0.01378944127394367,-0.06466241731762268,-2.1828561283404224,0.3381932092494012,-0.016754671251490105,-0.008399953714488761,-0.017443877980755085,-0.0025524384315097626,0
2022-09-27,-0.0025524384315097626,-0.0539195279492134,-0.09377648423881191,0.013794694977380445,-0.06252451280141569,-1.925908896917266,1.174047405370343,-0.00989282152192772,-0.016754671251490105,-0.008399953714488761,0.01967632849474299,1
2022-09-28,0.01967632849474299,-0.018177343174271887,-0.06568851430265066,0.014744740356622803,-0.04085533456452073,-1.2187603109722431,1.2012679049853785,-0.0025524384315097626,-0.00989282152192772,-0.016754671251490105,-0.020888910079525203,0
2022-09-29,-0.020888910079525203,-0.03054315574682409,-0.07819117952561538,0.015240292249742571,-0.057135454975526856,-1.5883720500178682,1.1940351175465054,0.01967632849474299,-0.0025524384315097626,-0.00989282152192772,-0.01546372027027687,0
2022-09-30,-0.01546372027027687,-0.02927030834268185,-0.09528473444471086,0.015352085460450271,-0.06715557694213525,-1.7233284028808444,2.648525903128827,-0.020888910079525203,0.01967632849474299,-0.0025524384315097626,0.02640121823051378,1
2022-10-03,0.02640121823051378,0.00631341712029454,-0.061503347305198575,0.016790224745840795,-0.03951397081973862,-0.9903814571307187,-0.2639873859990928,-0.01546372027027687,-0.020888910079525203,0.01967632849474299,0.030986503301847712,1
2022-10-04,0.030986503301847712,0.040150471179778435,-0.02875783930213316,0.018428751159473095,-0.008298002744072441,-0.2088221267379455,0.3147465079737953,0.02640121823051378,-0.01546372027027687,-0.020888910079525203,-0.002328029581346591,0
2022-10-05,-0.002328029581346591,0.017704286266728486,-0.048119356308591765,0.01786241302655178,-0.008126251789765115,-0.20952892009148552,-0.467354737125304,0.030986503301847712,0.02640121823051378,-0.01546372027027687,-0.010315816610501072,0
2022-10-06,-0.010315816610501072,0.02869413476634919,-0.06405669369544531,0.017820534425371654,-0.015049577681474524,-0.40309732207219295,-0.7508317822756755,-0.002328029581346591,0.030986503301847712,0.02640121823051378,-0.027893747807618774,0
2022-10-07,-0.027893747807618774,0.01570660278209557,-0.10408167434335858,0.018067702672181524,-0.03716860133541011,-1.0634461962372979,0.4203659231606413,-0.010315816610501072,-0.002328029581346591,0.030986503301847712,-0.007635484197395237,0
2022-10-10,-0.007635484197395237,-0.017975453297842114,-0.12037638565954245,0.017670246786681786,-0.03823237917445599,-1.2735369057479478,-1.2064431868596628,-0.027893747807618774,-0.010315816610501072,-0.002328029581346591,-0.006333074739312328,0
2022-10-11,-0.006333074739312328,-0.053522709825075454,-0.08621357833413024,0.015349988605964303,-0.03999534485086098,-1.3478169784596663,-0.30113263164252757,-0.007635484197395237,-0.027893747807618774,-0.010315816610501072,-0.003298302666076447,0
2022-10-12,-0.003298302666076447,-0.05444319417984733,-0.09268957399041855,0.015231890000971263,-0.03846225012136861,-1.356059532286342,-1.0794493832993826,-0.006333074739312328,-0.007635484197395237,-0.027893747807618774,0.026391011546337273,1
2022-10-13,0.026391011546337273,-0.019373025568180546,-0.0580505413494099,0.01664257870259254,-0.010075857668672361,-0.3841382613216695,2.113254075658648,-0.003298302666076447,-0.006333074739312328,-0.007635484197395237,-0.022788806687503826,0
2022-10-14,-0.022788806687503826,-0.014223338531418106,-0.07243999805409207,0.017207112025257792,-0.028967035616977332,-1.1477937914299843,0.9716693953843706,0.026391011546337273,-0.003298302666076447,-0.006333074739312328,0.025696946072068183,1
2022-10-17,0.025696946072068183,0.018887812972312235,-0.05592601324273572,0.01826608552663038,-0.0010675430685159748,-0.04912469315181375,-0.4424713708431274,-0.022788806687503826,0.026391011546337273,-0.003298302666076447,0.011749662653353088,1
2022-10-18,0.011749662653353088,0.037429519741642325,-0.0337421215723106,0.01841742978495319,0.012456206971467987,0.6519316189553471,-0.3156852602585125,0.025696946072068183,-0.022788806687503826,0.026391011546337273,-0.007086629070703787,0
2022-10-19,-0.007086629070703787,0.03348639247187868,-0.0235566745185517,0.01808983296923867,0.00650180911150211,0.36354690712643273,-1.0508371971209063,0.011749662653353088,0.025696946072068183,-0.022788806687503826,-0.008385081548574536,0
2022-10-20,-0.008385081548574536,-0.0015301057170321597,-0.023542029675404752,0.018089514657669538,-0.0007355306042251541,-0.04293600811078626,-0.6511765596901922,-0.007086629070703787,0.011749662653353088,0.025696946072068183,0.024301339878574524,1
2022-10-21,0.024301339878574524,0.04658446151814477,0.01723057114509774,0.01853586516952866,0.02266141123852261,1.2682469183008125,1.2773417107335638,-0.008385081548574536,-0.007086629070703787,0.011749662653353088,0.012236528220271659,1
2022-10-24,0.012236528220271659,0.03284993279289106,0.039966141158769286,0.01851081551659112,0.03312025563535914,1.7043983127920763,-0.7606008487488076,0.024301339878574524,-0.008385081548574536,-0.007086629070703787,0.015968492411765123,1
2022-10-25,0.015968492411765123,0.03715674720883366,0.0592765708213181,0.018726598917810724,0.04654413457093365,2.10084217265066,-0.9655960345047784,0.012236528220271659,0.024301339878574524,-0.008385081548574536,-0.007534104799765129,0
2022-10-26,-0.007534104799765129,0.03668933234143812,0.031009390672772197,0.018441324700800205,0.03703953276365368,1.5620290982450615,0.1518830308851203,0.015968492411765123,0.012236528220271659,0.024301339878574524,-0.005339985661561464,0
2022-10-27,-0.005339985661561464,0.03987284477482622,0.04738249404665362,0.017754351356870774,0.029100655482408255,1.1941099420558852,-0.7446380069120505,-0.007534104799765129,0.015968492411765123,0.012236528220271659,0.023790668979456253,1
2022-10-28,0.023790668979456253,0.03935441061884548,0.08914262108427828,0.017837437160432578,0.04906050665118067,1.9044673652146245,0.20452481005822912,-0.005339985661561464,-0.007534104799765129,0.015968492411765123,-0.007223186659951142,0
2022-10-31,-0.007223186659951142,0.019373368711866013,0.05346283834012411,0.017231832992076306,0.03873782948970228,1.4277668332343367,-0.006186346107792688,0.023790668979456253,-0.005339985661561464,-0.007534104799765129,-0.0043758217274172395,0
2022-11-01,-0.0043758217274172395,-0.0010391265506204395,0.017329586181799028,0.015948259241160716,0.0332823396735189,1.1909268987363097,-0.546737310166408,-0.007223186659951142,0.023790668979456253,-0.005339985661561464,-0.025096141017944107,0
2022-11-02,-0.025096141017944107,-0.01871609371383187,-0.005887136421137362,0.01697627976442559,0.007651499244642368,0.2748692805479585,1.4459946188844857,-0.0043758217274172395,-0.007223186659951142,0.023790668979456253,-0.010296850954089498,0
2022-11-03,-0.010296850954089498,-0.02360629947968984,-0.005868085896412967,0.01697568304559673,-0.0024305212498071382,-0.08730012514088864,-0.5452797660388282,-0.025096141017944107,-0.0043758217274172395,-0.007223186659951142,0.014392938889704165,1
2022-11-04,0.014392938889704165,-0.03256895633606738,0.03737671856060931,0.015941209385123164,0.01008605951969388,0.369594984020297,0.28556863378814495,-0.010296850954089498,-0.025096141017944107,-0.0043758217274172395,0.00956552593992921,1
2022-11-07,0.00956552593992921,-0.01620886257276466,0.05535794135529337,0.01586026360206051,0.01702801972693302,0.6463409033879693,-1.4239936036559848,0.014392938889704165,-0.010296850954089498,-0.025096141017944107,0.0053954067693844365,1
2022-11-08,0.0053954067693844365,-0.006553765592688943,0.0678145762553577,0.015720357957108955,0.019206053827333536,0.7770168504781864,-0.6003911750639641,0.00956552593992921,0.014392938889704165,-0.010296850954089498,-0.020601967299194723,0
2022-11-09,-0.020601967299194723,-0.001974114054202114,0.049276326177824625,0.016562211008678614,-0.004125828628403161,-0.18862542361985593,-0.9051325989119374,0.0053954067693844365,0.00956552593992921,0.014392938889704165,0.054954319855792466,1
2022-11-10,0.054954319855792466,0.06382577515430676,0.07847650707309217,0.019667688287846357,0.04660122166563885,1.9721112215430268,2.249647553456285,-0.020601967299194723,0.0053954067693844365,0.00956552593992921,0.009678396268917755,1
2022-11-11,0.009678396268917755,0.05888148604722199,0.1143081838677289,0.01865706660308626,0.05103394690307583,2.1754157565748997,-0.07868967538450483,0.054954319855792466,-0.020601967299194723,0.0053954067693844365,-0.00850694758726167,0
2022-11-14,-0.00850694758726167,0.03992619574330192,0.0771493731969064,0.01828076821513794,0.03821830349806721,1.6022882542467725,-1.1449471779034979,0.009678396268917755,0.054954319855792466,-0.020601967299194723,0.008529138993367269,1
2022-11-15,0.008529138993367269,0.04316755750825774,0.07372067421160389,0.01822188278359535,0.04332312946394978,1.7192672504903574,-0.04426551101602701,-0.00850694758726167,0.009678396268917755,0.054954319855792466,-0.007628750962806574,0
2022-11-16,-0.007628750962806574,0.05698547213213834,0.07313443224877436,0.018239196675648845,0.031723936638270445,1.2760000321916554,-1.2432239439695256,0.008529138993367269,-0.00850694758726167,0.009678396268917755,-0.003059829191495278,0
2022-11-17,-0.003059829191495278,-0.0011403742357631863,0.07889746743356163,0.01809189926201458,0.024713249375966306,1.0758432867573215,-0.8923571848546691,-0.007628750962806574,0.008529138993367269,-0.00850694758726167,0.0045404358961596,1
2022-11-18,0.0045404358961596,-0.006223281024785754,0.05808329055925188,0.017450623947075555,0.026465776593214363,1.1573512416653327,0.10957430307801981,-0.003059829191495278,-0.007628750962806574,0.008529138993367269,-0.003636235572429425,0
2022-11-21,-0.003636235572429425,-0.0013413504924493225,0.041491608994885354,0.017367724442404572,0.020654013368385682,0.9001002200556825,-1.855169890235498,0.0045404358961596,-0.003059829191495278,-0.007628750962806574,0.013457279271067435,1
2022-11-22,0.013457279271067435,0.0035385580040212528,0.038917309266135014,0.017271572582425072,0.03238910481088331,1.3430659651223713,-1.304604618556013,-0.003636235572429425,0.0045404358961596,-0.003059829191495278,0.006301549458295641,1
2022-11-23,0.006301549458295641,0.017625618275788346,0.053400528047996776,0.017144096078716125,0.036166261674851485,1.4289990871243925,-0.849436420030566,0.013457279271067435,-0.003636235572429425,0.0045404358961596,-0.00022380537011779111,0
2022-11-25,-0.00022380537011779111,0.020520486572983776,0.05881884882384503,0.017055095472275204,0.03296213833030648,1.2721784314321232,-2.148991656269093,0.006301549458295641,0.013457279271067435,-0.003636235572429425,-0.0159569343196575,0
2022-11-28,-0.0159569343196575,-0.00030295216440379136,0.01771131303176121,0.01681884093402877,0.01558095453157593,0.595965974771218,-0.5817294815758004,-0.00022380537011779111,0.006301549458295641,0.013457279271067435,-0.0017176001087784165,0
2022-11-29,-0.0017176001087784165,0.0016221019948936544,0.02335517743583937,0.016721761697980647,0.012665043283675237,0.4835407935226771,-1.0935048076699032,-0.0159569343196575,-0.00022380537011779111,0.006301549458295641,0.03150070812992212,1
2022-11-30,0.03150070812992212,0.01945481927904047,0.0602309719164833,0.017960872978694063,0.04147460293044514,1.4992653230835675,2.107350225580462,-0.0017176001087784165,-0.0159569343196575,-0.00022380537011779111,-0.0007358944904883868,0
2022-12-01,-0.0007358944904883868,0.012325389583879742,0.0867233153552478,0.016733647258422656,0.0364044563467969,1.343847914154034,-0.15009167498813583,0.03150070812992212,-0.0017176001087784165,-0.0159569343196575,-0.0011537267957003605,0
2022-12-02,-0.0011537267957003605,0.011383795780695039,0.09676273597110407,0.01643619915525671,0.03050283008183019,1.2392769820227072,0.18060523660514338,-0.0007358944904883868,0.03150070812992212,-0.0017176001087784165,-0.017989347198774097,0
2022-12-05,-0.017989347198774097,0.009294914181947611,0.06175097344220504,0.017021332818429543,0.00899551370107976,0.408190441642466,-0.0676666115983146,-0.0011537267957003605,-0.0007358944904883868,0.03150070812992212,-0.014414798837213083,0
2022-12-06,-0.014414798837213083,-0.0035423532108893596,0.036531081794373366,0.01738527618557379,-0.007288582636482244,-0.3663068902024211,-0.0605310690972293,-0.017989347198774097,-0.0011537267957003605,-0.0007358944904883868,-0.001701108378555083,0
2022-12-07,-0.001701108378555083,-0.03561620801913434,0.029214797600376485,0.017383385680400754,-0.010369242408801438,-0.5754646154647589,-0.4749635823060201,-0.014414798837213083,-0.017989347198774097,-0.0011537267957003605,0.007833865711520227,1
2022-12-08,0.007833865711520227,-0.027345583872412038,0.05909701008146029,0.016619585783186126,-0.005384296489551743,-0.4593087298925829,-0.6285927327783664,-0.001701108378555083,-0.014414798837213083,-0.017989347198774097,-0.007470100743352637,0
2022-12-09,-0.007470100743352637,-0.03349632916616829,-0.0035725443895423536,0.011387839028162554,-0.012639442310248383,-1.062357406325725,0.29576345945695154,0.007833865711520227,-0.001701108378555083,-0.014414798837213083,0.014417150605379847,1
2022-12-12,0.014417150605379847,-0.0016015640765647543,0.001104018903970383,0.011648695720691932,0.0015401704465811683,0.12940600793444432,0.07068948350323317,-0.007470100743352637,0.007833865711520227,-0.001701108378555083,0.007570046011137199,1
2022-12-13,0.007570046011137199,0.020669097744165033,0.017336853681869213,0.011576586261913574,0.008254934727555119,0.6937662892739342,1.9091363230595277,0.014417150605379847,-0.007470100743352637,0.007833865711520227,-0.0063937688690720584,0
2022-12-14,-0.0063937688690720584,0.01587128259173487,0.002283620666002628,0.01154141235741201,0.0016940654812584999,0.14231628912052172,1.2108858962263858,0.007570046011137199,0.014417150605379847,-0.007470100743352637,-0.024461641351762653,0
2022-12-15,-0.024461641351762653,-0.016681779275426578,-0.014717406259843413,0.012696547224762579,-0.02209531425353861,-1.7190440997064218,1.4102058782188822,-0.0063937688690720584,0.007570046011137199,0.014417150605379847,-0.011806117011975203,0
2022-12-16,-0.011806117011975203,-0.020977552939764665,-0.023361420616664574,0.012931832983855435,-0.03252238297612953,-2.2025119766936077,1.335938164950437,-0.024461641351762653,-0.0063937688690720584,0.007570046011137199,-0.008479682030660296,0
2022-12-19,-0.008479682030660296,-0.04307547695838665,-0.03601989510018189,0.012960528458694515,-0.03900398670641314,-2.2452546658597314,-0.048661162408883574,-0.011806117011975203,-0.024461641351762653,-0.0063937688690720584,0.0013685370846674427,1
2022-12-20,0.0013685370846674427,-0.04896526694876391,-0.031177786782684236,0.012970565405338431,-0.03619646237815055,-1.874708336693757,-0.2908578953011593,-0.008479682030660296,-0.011806117011975203,-0.024461641351762653,0.014952399403849848,1
2022-12-21,0.014952399403849848,-0.028533684689060812,-0.02974851529221756,0.013065288537602844,-0.02031612003199801,-1.0247674245102394,-0.19016867183075606,0.0013685370846674427,-0.008479682030660296,-0.011806117011975203,-0.01426622429543567,0
2022-12-22,-0.01426622429543567,-0.01838082483176884,-0.04957946261852764,0.013233242383714093,-0.031853899118396645,-1.52407280428574,0.5639589939349958,0.014952399403849848,0.0013685370846674427,-0.008479682030660296,0.005752293104223094,1
2022-12-23,0.005752293104223094,-0.0009392353297045242,-0.04389838443929539,0.01335323315352624,-0.024103363965126134,-1.1336125941136832,-1.0781045913574456,-0.01426622429543567,0.014952399403849848,0.0013685370846674427,-0.003943512550108719,0
2022-12-27,-0.003943512550108719,0.003631431420922704,-0.032226078253857704,0.012964363201968896,-0.02637609183139611,-1.1903161192335499,-1.3309765307063024,0.005752293104223094,-0.01426622429543567,0.014952399403849848,-0.012427914913615057,0
2022-12-28,-0.012427914913615057,-0.010196197823229891,-0.04260907545278858,0.013190579952638172,-0.03641447063809522,-1.531221562912523,-0.6347914580731502,-0.003943512550108719,0.005752293104223094,-0.01426622429543567,0.018000357409195145,1
2022-12-29,0.018000357409195145,-0.007223762441690873,-0.055139472336045436,0.01163466796103662,-0.01625388832619057,-0.7252752442555614,-0.7554556463118364,-0.012427914913615057,-0.003943512550108719,0.005752293104223094,-0.0026339200694653897,0
2022-12-30,-0.0026339200694653897,0.004491647447087743,-0.05693416248871286,0.011624961628455591,-0.015930495176166515,-0.7696934200108749,0.05056597264999959,0.018000357409195145,-0.012427914913615057,-0.003943512550108719,-0.00421009568376518,0
2023-01-03,-0.00421009568376518,-0.005458254128843931,-0.05981984886757841,0.011621406778494828,-0.01700910946331169,-0.9125030405043401,-0.36722848686472137,-0.0026339200694653897,0.018000357409195145,-0.012427914913615057,0.007720286246805985,1
2023-01-04,0.007720286246805985,0.006187807078660512,-0.03520536328183266,0.011295225026608628,-0.007626608765737952,-0.43162130053345105,0.14736257917292925,-0.00421009568376518,-0.0026339200694653897,0.018000357409195145,-0.011413450316569484,0
2023-01-05,-0.011413450316569484,0.007221394321227148,-0.03226732712603131,0.01113664630471488,-0.017345819887495728,-0.9705877891695791,-0.283433891768952,0.007720286246805985,-0.00421009568376518,-0.0026339200694653897,0.022932283924813168,1
2023-01-06,0.022932283924813168,0.012101099780656543,-0.008388167511847122,0.012411692058664105,0.005616223302003176,0.3184597946879212,0.9338044590986667,-0.011413450316569484,0.007720286246805985,-0.00421009568376518,-0.0005668858246881125,0
2023-01-09,-0.0005668858246881125,0.014198672251307443,-0.01665370105711661,0.012261469203729275,0.005902237091071516,0.34873301072721696,-0.5655464371819602,0.022932283924813168,-0.011413450316569484,0.007720286246805985,0.007012700738167732,1
2023-01-10,0.007012700738167732,0.025628940002301315,-0.0023049048688669194,0.012272481900989842,0.013074866407994712,0.7771913890335069,-0.9300372908154803,-0.0005668858246881125,0.022932283924813168,-0.011413450316569484,0.0126479194204423,1
2023-01-11,0.0126479194204423,0.030644144377535154,-0.004044971343799886,0.012168696603933946,0.026101920508934784,1.5861047860551272,-0.736825051861726,0.007012700738167732,-0.0005668858246881125,0.022932283924813168,0.003640662121669136,1
2023-01-12,0.003640662121669136,0.04633870631370551,-0.007929058271283873,0.01206910653140902,0.030261610214902035,1.94761179594542,0.40198794807157323,0.0126479194204423,0.007012700738167732,-0.0005668858246881125,0.003879593585376373,1
2023-01-13,0.003879593585376373,0.02685005816480479,0.0023284301034665056,0.012015894549161297,0.03413437574990841,2.160106998830128,-0.9040328842372825,0.003640662121669136,0.0126479194204423,0.007012700738167732,-0.0018319069772806396,0
2023-01-17,-0.0018319069772806396,0.025550334325665114,0.02557961846336143,0.010548793671374235,0.03091285717475678,1.7857119212374044,-0.9142394473308142,0.003879593585376373,0.003640662121669136,0.0126479194204423,-0.015787983380918136,0
2023-01-18,-0.015787983380918136,0.0023299229008222344,0.02144710857665344,0.010842970937309335,0.013557175216174056,0.7740437076532245,1.6335734204877814,-0.0018319069772806396,0.003879593585376373,0.003640662121669136,-0.007279889863713085,0
2023-01-19,-0.007279889863713085,-0.01739483943789988,0.022683113747309802,0.010790271397486059,0.005057095469710671,0.29538708427795707,0.6998933646039567,-0.015787983380918136,-0.0018319069772806396,0.003879593585376373,0.018629033847528342,1
2023-01-20,0.018629033847528342,-0.002720611935878803,0.04031100789471265,0.011474916995491385,0.02175366617037433,1.2471928331973132,0.9547574400692876,-0.007279889863713085,-0.015787983380918136,-0.0018319069772806396,0.01199865686376067,1
2023-01-23,0.01199865686376067,0.005345070950454778,0.037283466030930246,0.011317919970303288,0.03209539871869849,1.6924674102075046,0.4104921635589111,0.018629033847528342,-0.007279889863713085,-0.015787983380918136,-0.0010733205477033714,0
2023-01-24,-0.0010733205477033714,0.006109111729954986,0.05116630261799848,0.010693818624699961,0.02840714564754876,1.4530242672667886,-1.1612713013267693,0.01199865686376067,0.018629033847528342,-0.007279889863713085,0.00037474596585851394,1
2023-01-25,0.00037474596585851394,0.022631435163962488,0.04554593626999659,0.010676715136790162,0.026492366470277195,1.3160400628217008,0.5355563553362349,-0.0010733205477033714,0.01199865686376067,0.018629033847528342,0.010990476615651001,1
2023-01-26,0.010990476615651001,0.041452300081465276,0.061221926418442596,0.010740335125558175,0.03467674259203468,1.6483796502077328,-0.486235283162464,0.00037474596585851394,-0.0010733205477033714,0.01199865686376067,0.002297479609040476,1
2023-01-27,0.002297479609040476,0.024754823217552957,0.07704549188631127,0.010111189157346748,0.033221428762422844,1.6122140868890322,-0.7837448432144751,0.010990476615651001,0.00037474596585851394,-0.0010733205477033714,-0.012546595001958538,0
2023-01-30,-0.012546595001958538,-9.981968724648294e-05,0.04472678281529463,0.010154945352160825,0.01803466955351163,0.8901010407185244,-0.35661403773304445,0.002297479609040476,0.010990476615651001,0.00037474596585851394,0.014703162942786951,1
2023-01-31,0.014703162942786951,0.015692038725716895,0.06288713067879281,0.010452693015793593,0.029855811505016705,1.4675459572165819,0.6429196610725703,-0.012546595001958538,0.002297479609040476,0.010990476615651001,0.010627809866357474,1
2023-02-01,0.010627809866357474,0.02610209297616528,0.07872482775434442,0.010432655885873159,0.03686306461916433,1.8028558956211425,1.5883869709077982,0.014703162942786951,-0.012546595001958538,0.002297479609040476,0.014557059239092007,1
2023-02-02,0.014557059239092007,0.029721986515554688,0.08604332363971268,0.010675406346260073,0.04759128392176337,2.158836971183087,1.4582435377603535,0.010627809866357474,0.014703162942786951,-0.012546595001958538,-0.010629124038788351,0
2023-02-03,-0.010629124038788351,0.016441689739458143,0.08690497031881428,0.010616348842435595,0.03217940487537674,1.568381217054804,0.8916751995468286,0.014557059239092007,0.010627809866357474,0.014703162942786951,-0.006111295280818774,0
2023-02-06,-0.006111295280818774,0.023065908046293826,0.056045048219836247,0.009884466351054508,0.023086420506055916,1.149683018389192,-1.350327483036848,-0.010629124038788351,0.014557059239092007,0.010627809866357474,0.013078532718526548,1
2023-02-07,0.013078532718526548,0.021427888321587263,0.07046339846165273,0.010109899954077623,0.03294323250068243,1.6367155076082738,0.7312415074162745,-0.006111295280818774,-0.010629124038788351,0.014557059239092007,-0.0109344960307729,0
2023-02-08,-0.0109344960307729,-0.00036484325064456424,0.05138536972173946,0.010564155420574154,0.01910422261280731,0.98102234778896,-0.33826918456869326,0.013078532718526548,-0.006111295280818774,-0.010629124038788351,-0.008669433264537507,0
2023-02-09,-0.008669433264537507,-0.023249725143849154,0.029252551094103074,0.010568333674148453,0.008820851835361632,0.46255415576070275,-0.20143650457327644,-0.0109344960307729,0.013078532718526548,-0.006111295280818774,0.002333587533523085,1
2023-02-10,0.002333587533523085,-0.01045236836008967,0.027912121291791436,0.010558407770990742,0.009788702917386205,0.5207609351564464,-0.7048547622524418,-0.008669433264537507,-0.0109344960307729,0.013078532718526548,0.01173917097203847,1
2023-02-13,0.01173917097203847,0.007320131237009253,0.035959854222716636,0.0107979154375486,0.019834471495497663,1.04057266984715,-1.137947081392063,0.002333587533523085,-0.008669433264537507,-0.0109344960307729,-0.00046022821846070094,0
2023-02-14,-0.00046022821846070094,-0.0061416745395243,0.03738346627459488,0.010777814716252767,0.017496271784597006,0.9192003103195244,0.4977233113014564,0.01173917097203847,0.002333587533523085,-0.008669433264537507,0.0032473674937161245,1
2023-02-15,0.0032473674937161245,0.008108911572107136,0.057447190287958305,0.009942486012257522,0.017977791558614342,1.0177341239033388,-1.3905008828931873,-0.00046022821846070094,0.01173917097203847,0.002333587533523085,-0.013768723711866548,0
2023-02-16,-0.013768723711866548,0.0029233152481933367,0.05053527317162909,0.010386192739875484,0.0015430667027751532,0.10848900894297935,-0.22639385179118218,0.0032473674937161245,-0.00046022821846070094,0.01173917097203847,-0.00249837285259924,0
2023-02-17,-0.00249837285259924,-0.0019114880447130833,0.02874609847542753,0.00971411788184593,-0.002351681265383432,-0.18829739012673846,0.7669671856902661,-0.013768723711866548,0.0032473674937161245,-0.00046022821846070094,-0.020061023328014294,0
2023-02-21,-0.020061023328014294,-0.03328262550728123,-0.003844133430481622,0.010497615398072572,-0.022181078545676303,-1.7313283005999154,0.2660577284083956,-0.00249837285259924,-0.013768723711866548,0.0032473674937161245,-0.0013779171778208754,0
2023-02-22,-0.0013779171778208754,-0.034170179846227056,-0.004147885173497623,0.010499261293691125,-0.02332981823891167,-1.7718579655881894,0.273946347918605,-0.020061023328014294,-0.00249837285259924,-0.013768723711866548,0.00531962857817847,1
2023-02-23,0.00531962857817847,-0.03217520670663354,0.0007746419363736656,0.010570384311900197,-0.01817160538336493,-1.3860932133592796,1.2074844832070346,-0.0013779171778208754,-0.020061023328014294,-0.00249837285259924,-0.010682771930263346,0
2023-02-24,-0.010682771930263346,-0.029146849447082568,-0.020679603236878785,0.010505020204672835,-0.027663070093061015,-1.9047073433772221,1.837601064454268,0.00531962857817847,-0.0013779171778208754,-0.020061023328014294,0.0034059424435985974,1
2023-02-27,0.0034059424435985974,-0.02340026923992622,-0.019596551263765916,0.0105261901550699,-0.02339908679076219,-1.5092336638422381,-0.21890212819823682,-0.010682771930263346,0.00531962857817847,-0.0013779171778208754,-0.003695943674132951,0
2023-02-28,-0.003695943674132951,-0.007090955329252635,-0.01080908945398118,0.010193172141017733,-0.02649102775332557,-1.628456263426324,0.881747868746953,0.0034059424435985974,-0.010682771930263346,0.00531962857817847,-0.0038360264799957022,0
2023-03-01,-0.0038360264799957022,-0.009535001982037494,-0.028882155879360494,0.009561848935116062,-0.028824892359842424,-1.6336581605535032,1.0433444630848547,-0.003695943674132951,0.0034059424435985974,-0.010682771930263346,0.00777735599326812,1
2023-03-02,0.00777735599326812,-0.0071135900150212095,-0.03162117274885068,0.009392552739733592,-0.019705249890663135,-1.0888944948963855,0.059914169169521615,-0.0038360264799957022,-0.003695943674132951,0.0034059424435985974,0.016037754619682598,1
2023-03-03,0.016037754619682598,0.0197033367768511,-0.03020787219259813,0.009531119436301552,-0.002436065672608123,-0.14349780974935705,0.4949311821514616,0.00777735599326812,-0.0038360264799957022,-0.003695943674132951,0.0006928994585118087,1
2023-03-06,0.0006928994585118087,0.016946228344769665,-0.01910990122406253,0.009292947904579943,-0.0007731954952615583,-0.046934270535023956,-0.7682741751372641,0.016037754619682598,0.00777735599326812,-0.0038360264799957022,-0.015328869758027941,0
2023-03-07,-0.015328869758027941,0.005072282604493328,-0.028206923351886015,0.00977961775758912,-0.014683248769646884,-0.8846668679505343,1.8010352668839362,0.0006928994585118087,0.016037754619682598,0.00777735599326812,0.0016322228747125411,1
2023-03-08,0.0016322228747125411,0.01058943239798249,-0.03918676775697738,0.009206855570295583,-0.011084714353328917,-0.712092673947861,-0.7283446685680599,-0.015328869758027941,0.0006928994585118087,0.016037754619682598,-0.018449953340476277,0
2023-03-09,-0.018449953340476277,-0.015711060955325484,-0.046487548949468716,0.00973102656381704,-0.027027906690077597,-1.6574627267607245,1.8170735350344338,0.0016322228747125411,-0.015328869758027941,0.0006928994585118087,-0.014429533839200093,0
2023-03-10,-0.014429533839200093,-0.04522631754535922,-0.052027908342734186,0.010009708676870998,-0.03853737770498611,-2.0834058156317243,3.6176647227426977,-0.018449953340476277,0.0016322228747125411,-0.015328869758027941,-0.0014249772628047719,0
2023-03-13,-0.0014249772628047719,-0.04724701036459544,-0.055582627625734404,0.009946894534487495,-0.037187245004483116,-1.8470348945416233,2.0429981174467247,-0.014429533839200093,-0.018449953340476277,0.0016322228747125411,0.01652996875732704,1
2023-03-14,0.01652996875732704,-0.01642087693834482,-0.05111061271737438,0.010364574608962661,-0.018685341310381576,-0.9690865897778433,1.5681349424731765,-0.0014249772628047719,-0.014429533839200093,-0.018449953340476277,-0.006254390967018519,0
2023-03-15,-0.006254390967018519,-0.024165344966851854,-0.05661116376647912,0.010383502602950068,-0.02196118760593424,-1.195585972143183,1.9378304113599005,0.01652996875732704,-0.0014249772628047719,-0.014429533839200093,0.01754511678761972,1
2023-03-16,0.01754511678761972,0.011620132259587246,-0.043166486507239754,0.011279519049882574,-0.00256227007932619,-0.162111186599033,0.9963640940884568,-0.006254390967018519,0.01652996875732704,-0.0014249772628047719,-0.011692682545578537,0
2023-03-17,-0.011692682545578537,0.014429321417226415,-0.041152328356860224,0.011175981102235184,-0.01213526326132397,-0.8273126614200396,0.8308329625800593,0.01754511678761972,-0.006254390967018519,0.01652996875732704,0.009615770300276605,1
2023-03-20,0.009615770300276605,0.025645362078502876,-0.029507617571470912,0.011474107150100539,-0.0011216516534041654,-0.08520876332735063,-0.5425844569239704,-0.011692682545578537,0.01754511678761972,-0.006254390967018519,0.013130501222641922,1
2023-03-21,0.013130501222641922,0.022215410952960868,0.0033639412749773,0.01102989685272901,0.011822472343943291,0.8889653079519059,-0.6054942611051142,0.009615770300276605,-0.011692682545578537,0.01754511678761972,-0.017046503375777178,0
2023-03-22,-0.017046503375777178,0.011114115489924803,-0.012379045658937438,0.011686691049771901,-0.004805247903461707,-0.36260364083208074,-0.05804984560451011,0.013130501222641922,0.009615770300276605,-0.011692682545578537,0.0027034103432284073,1
2023-03-23,0.0027034103432284073,-0.003633789675457466,-0.014949205314150671,0.011631956202796738,-0.0013586578519095838,-0.10527278048666609,0.13454669371512357,-0.017046503375777178,0.013130501222641922,0.009615770300276605,0.006561991267768352,1
2023-03-24,0.006561991267768352,0.014769737088831336,0.002221189793123246,0.01149041243662772,0.005082462821604183,0.3927368029442273,-0.21386319729635822,0.0027034103432284073,-0.017046503375777178,0.013130501222641922,0.0018697594033481035,1
2023-03-27,0.0018697594033481035,0.006984183740129657,0.0006868205720376164,0.011472789829111178,0.006926929470703058,0.534517083238546,-1.1982348087677321,0.006561991267768352,0.0027034103432284073,-0.017046503375777178,-0.0022445277907262584,0
2023-03-28,-0.0022445277907262584,-0.00829757021192623,0.0021446212669882225,0.01145210744166924,0.004558862965942545,0.35098710790206517,-1.4060289576401248,0.0018697594033481035,0.006561991267768352,0.0027034103432284073,0.014534646580518285,1
2023-03-29,0.014534646580518285,0.023564672767746542,0.02062558593347319,0.011843952391949875,0.01811132182124564,1.3264969747307325,-0.9426941080635381,-0.0022445277907262584,0.0018697594033481035,0.006561991267768352,0.005855574948444131,1
2023-03-30,0.005855574948444131,0.026782418214072568,0.018679303956362858,0.011794518294589117,0.023112338256082943,1.5795112975508956,-1.1098802303611583,0.014534646580518285,-0.0022445277907262584,0.0018697594033481035,0.014094557024832532,1
2023-03-31,0.014094557024832532,0.03446630271447315,0.016731054332398188,0.011671412866674872,0.03664770048724231,2.2512319634466396,0.0002870492615139974,0.005855574948444131,0.014534646580518285,-0.0022445277907262584,0.003810482399118964,1
2023-04-03,0.003810482399118964,0.03647016850958784,0.019898602929862452,0.011689379974559707,0.039542565123761086,2.1823081233615036,-1.1984201901061287,0.014094557024832532,0.005855574948444131,0.014534646580518285,-0.005548186617010398,0
2023-04-04,-0.005548186617010398,0.03303832181392896,0.03002919858241504,0.011160701251427098,0.03221951662013778,1.6439497737990034,-1.1223760536177203,0.003810482399118964,0.014094557024832532,0.005855574948444131,-0.002618215099756016,0
2023-04-05,-0.002618215099756016,0.015572616227411462,0.025658257711622445,0.011199247770753878,0.028192899384255954,1.3653405726705232,-1.1313178266012804,-0.005548186617010398,0.003810482399118964,0.014094557024832532,0.0039008530580915135,1
2023-04-06,0.0039008530580915135,0.013599010797741284,0.04901344905130234,0.010191721341718817,0.02972065823299319,1.3870732514783672,-1.0712062607139585,-0.002618215099756016,-0.005548186617010398,0.003810482399118964,0.0010262811264352134,1
2023-04-10,0.0010262811264352134,0.0005371208273339256,0.06546418324198622,0.009400115126787364,0.027523635310899852,1.3123779532400845,-1.0161948628395727,0.0039008530580915135,-0.002618215099756016,-0.005548186617010398,0.00026864910716284385,1
2023-04-11,0.00026864910716284385,-0.0029931627735254596,0.06727125651731036,0.00936365012074213,0.024481213878915442,1.231911511094269,-1.0453640008084941,0.0010262811264352134,0.0039008530580915135,-0.002618215099756016,-0.0040759133032660655,0
2023-04-12,-0.0040759133032660655,-0.001517106779343358,0.045636807642830624,0.008956360731775201,0.018038791610223148,0.9268073124406309,-0.18610552807250696,0.00026864910716284385,0.0010262811264352134,0.0039008530580915135,0.013282620818763524,1
2023-04-13,0.013282620818763524,0.014401283643375562,0.0661939989892606,0.009042492557583413,0.028268302764082653,1.4845276337875697,-0.08644561352096239,-0.0040759133032660655,0.00026864910716284385,0.0010262811264352134,-0.0024426383693311182,0
2023-04-14,-0.0024426383693311182,0.007991441648365294,0.0452506282727998,0.00846539523797725,0.023484137490785484,1.2170062116606115,-0.2921006772941556,0.013282620818763524,-0.0040759133032660655,0.00026864910716284385,0.0035880966491261823,1
2023-04-17,0.0035880966491261823,0.010571082333771242,0.06141184024773749,0.007804631367465562,0.024113351181451748,1.2982049136665907,-0.7734900675308987,-0.0024426383693311182,0.013282620818763524,-0.0040759133032660655,0.0006524228938526999,1
2023-04-18,0.0006524228938526999,0.010958808862372216,0.05198864843031692,0.007661586602062136,0.02219310431310384,1.2149267481659085,-0.83985350135905,0.0035880966491261823,-0.0024426383693311182,0.013282620818763524,-0.00016902502115312412,0
2023-04-19,-0.00016902502115312412,0.014924676519156632,0.03817902506877635,0.007263117423457068,0.020103309713147333,1.0879326995801053,-1.148541480301516,0.0006524228938526999,0.0035880966491261823,-0.0024426383693311182,-0.005457160613583145,0
2023-04-20,-0.005457160613583145,-0.003845473306265057,0.05041949484823571,0.006029496675706226,0.012072191544889588,0.7169423889930292,-0.010796661806743485,-0.00016902502115312412,0.0006524228938526999,0.0035880966491261823,0.0007770349055102876,1
2023-04-21,0.0007770349055102876,-0.0006303277611855451,0.04840144814239733,0.006041109985148778,0.010496039675950142,0.6998345873202656,-0.019064046666223564,-0.005457160613583145,-0.00016902502115312412,0.0006524228938526999,0.0010430840856283652,1
2023-04-24,0.0010430840856283652,-0.0031646427654373754,0.0426531382199935,0.005965769494986691,0.00946145761924333,0.7054677218391697,-0.574773220553668,0.0007770349055102876,-0.005457160613583145,-0.00016902502115312412,-0.015873755833157754,0
2023-04-25,-0.015873755833157754,-0.019627781112137033,0.024187332988568233,0.007195547914648065,-0.007726480553657433,-0.6701363760082296,1.800035799796872,0.0010430840856283652,0.0007770349055102876,-0.005457160613583145,-0.004235687369034347,0
2023-04-26,-0.004235687369034347,-0.023615297891705134,0.02214342496213928,0.0072595004683716395,-0.012985806728520122,-1.4467871832997574,0.49371869103388294,-0.015873755833157754,0.0010430840856283652,0.0007770349055102876,0.019908152750601316,1
2023-04-27,0.019908152750601316,0.001286901342118174,0.027557231202523846,0.007856936034786875,0.005306813836182034,0.690527723701397,1.285399608733004,-0.004235687369034347,-0.015873755833157754,0.0010430840856283652,0.008535087846436973,1
2023-04-28,0.008535087846436973,0.009048906782622934,0.030294555449669636,0.007959280537709655,0.01237813902641216,1.6944235049694691,0.9506257149324305,0.019908152750601316,-0.004235687369034347,-0.015873755833157754,-0.0010096506179255726,0
2023-05-01,-0.0010096506179255726,0.006979755372993113,0.014949060504533263,0.007400662795633586,0.010603286480469487,1.382513275664749,-0.879337885971122,0.008535087846436973,0.019908152750601316,-0.004235687369034347,-0.011239277211043786,0
2023-05-02,-0.011239277211043786,0.01172185647723567,-0.00026769569096585233,0.00782782971177502,-0.0007417956724676822,-0.09670376848666376,2.0915428398030347,-0.0010096506179255726,0.008535087846436973,0.019908152750601316,-0.006863976651923509,0
2023-05-03,-0.006863976651923509,0.009051447748067654,-0.0015904725071854697,0.007882391541607038,-0.007522230339803038,-0.9712984280805411,1.0850457695473696,-0.011239277211043786,-0.0010096506179255726,0.008535087846436973,-0.007082927802371519,0
2023-05-04,-0.007082927802371519,-0.017652318502658693,-0.006059785830623943,0.008020953305500815,-0.014255760575319965,-1.7386889200416844,1.1867674350067454,-0.006863976651923509,-0.011239277211043786,-0.0010096506179255726,0.018512447933323184,1
2023-05-05,0.018512447933323184,-0.00793402841347024,0.00840683375178175,0.009023905416123357,0.003572781373182954,0.43708436422650737,0.6361806809298305,-0.007082927802371519,-0.006863976651923509,-0.011239277211043786,0.0002665287508161196,1
2023-05-08,0.0002665287508161196,-0.006666694723857947,0.007641479732633183,0.00902298276334506,0.0034583133716845627,0.4236391483405607,-1.798886127029554,0.018512447933323184,-0.007082927802371519,-0.006863976651923509,-0.004385267221515998,0
2023-05-09,-0.004385267221515998,0.0002190120405545226,0.0029532600826744915,0.00908685425975245,-0.0010890487848758124,-0.13420434707893758,-1.7324366934284052,0.0002665287508161196,0.018512447933323184,-0.007082927802371519,0.004672445977382145,1
2023-05-10,0.004672445977382145,0.011837711768982517,0.011763364766459006,0.009081433254174744,0.0029931524148338884,0.37815717702155727,1.0864386512042246,-0.004385267221515998,0.0002665287508161196,0.018512447933323184,-0.001744105048924971,0
2023-05-11,-0.001744105048924971,0.01727826904173768,-0.0032408309169040805,0.008587172548008315,0.0014068265932098978,0.1791634182865728,-0.4203796504250432,0.004672445977382145,-0.004385267221515998,0.0002665287508161196,-0.0013101134711634987,0
2023-05-12,-0.0013101134711634987,-0.0025202724433929236,-0.002109212205155808,0.008574826946484886,0.00020058476551398918,0.025598051290626245,-0.37653744674341166,-0.001744105048924971,0.004672445977382145,-0.004385267221515998,0.003450067491916453,1
2023-05-15,0.003450067491916453,0.0006543967721253097,-0.0022464577791982965,0.008571782107849167,0.003764756495005628,0.4849589084672998,-1.2601808538330108,-0.0013101134711634987,-0.001744105048924971,0.004672445977382145,-0.006682722197741686,0
2023-05-16,-0.006682722197741686,-0.0016546876032438318,-0.009560353024338886,0.008694937370498477,-0.0024630984594388172,-0.32290990975981465,-1.0307003965091304,0.003450067491916453,-0.0013101134711634987,-0.001744105048924971,0.012138780827068985,1
2023-05-17,0.012138780827068985,0.005764626450619481,0.002631846641825586,0.009139631151630929,0.009512010001729854,1.2232099201487765,0.5715226242935154,-0.006682722197741686,0.003450067491916453,-0.0013101134711634987,0.009633196260628862,1
2023-05-18,0.009633196260628862,0.01722750611854318,0.017844939311227215,0.009272474393500003,0.018326995644771138,2.0636823412593692,1.0531812306759714,0.012138780827068985,-0.006682722197741686,0.003450067491916453,-0.0014549268088541734,0
2023-05-19,-0.0014549268088541734,0.017080004764680634,0.015574912265775565,0.00928777353323305,0.01605316759539499,1.6652170294646669,1.2821849579021234,0.009633196260628862,0.012138780827068985,-0.006682722197741686,0.0004060348043068984,1
2023-05-22,0.0004060348043068984,0.01399462475353963,0.014928615140035184,0.009288038443928238,0.015706417812095586,1.523126121209558,-1.0263474977087979,-0.0014549268088541734,0.009633196260628862,0.012138780827068985,-0.01122276880631623,0
2023-05-23,-0.01122276880631623,0.009360070457443248,0.019725174372314136,0.008899154417791075,0.0033327952876520683,0.343559148189363,0.3858548269741105,0.0004060348043068984,-0.0014549268088541734,0.009633196260628862,-0.007244690945449328,0
2023-05-24,-0.007244690945449328,-0.00997018622734791,0.016643765792266008,0.009017239329073659,-0.004747512276364163,-0.5574304245601363,0.5130849432890554,-0.01122276880631623,0.0004060348043068984,-0.0014549268088541734,0.008659790210439278,1
2023-05-25,0.008659790210439278,-0.010924692293673433,0.005431405521405974,0.008067714768807004,0.003599040747795046,0.42100378523187787,0.6159073384150853,-0.007244690945449328,-0.01122276880631623,0.0004060348043068984,0.012950585803238157,1
2023-05-26,0.012950585803238157,0.00334420472660657,0.009833315152793398,0.008360002632714364,0.016093312239725543,1.746853791960523,0.7542958846578628,0.008659790210439278,-0.007244690945449328,-0.01122276880631623,0.000380836599070955,1
2023-05-30,0.000380836599070955,0.0033189325148110793,0.01123889461298111,0.008352368787634405,0.01590643553034443,1.6124829018222244,-0.4521249960231423,0.012950585803238157,0.008659790210439278,-0.007244690945449328,-0.00554503711989196,0
2023-05-31,-0.00554503711989196,0.009080165191914347,0.017062585747470216,0.00801821001027152,0.009417781451559026,0.9436956435911854,1.6148367991707737,0.000380836599070955,0.012950585803238157,0.008659790210439278,0.009500963351405156,1
2023-06-01,0.009500963351405156,0.026101184822833412,0.033821788720771684,0.008021717664909729,0.017312507384992903,1.6933150198405902,0.44521018578547056,-0.00554503711989196,0.000380836599070955,0.012950585803238157,0.014461290582259645,1
2023-06-02,0.014461290582259645,0.032003002723230756,0.05625355367944396,0.00822490288532143,0.02919576691011838,2.6412047035381447,0.5966680612191652,0.009500963351405156,-0.00554503711989196,0.000380836599070955,-0.001916283858174661,0
2023-06-05,-0.001916283858174661,0.016856504614928047,0.03506783268436142,0.007393774014098891,0.025439165398764674,2.046969780191998,-0.7434866679550955,0.014461290582259645,0.009500963351405156,-0.00554503711989196,0.002177238548058069,1
2023-06-06,0.002177238548058069,0.018682492218749625,0.03704501995582765,0.0073859272441686346,0.025788945610567104,1.8898229650787914,-0.9025592529987223,-0.001916283858174661,0.014461290582259645,0.009500963351405156,-0.0034574283566916053,0
2023-06-07,-0.0034574283566916053,0.020820960602994543,0.03801146876620476,0.007347540324644535,0.020332596711870154,1.4534786509812476,0.21972515305025964,0.002177238548058069,-0.001916283858174661,0.014461290582259645,0.006048328337100006,1
2023-06-08,0.006048328337100006,0.017329609608921492,0.03943300836826946,0.007381300522296114,0.02450905523395197,1.6536368654444948,-1.1072675582597151,-0.0034574283566916053,0.002177238548058069,-0.001916283858174661,0.0017944840139776375,1
2023-06-09,0.0017944840139776375,0.004626988522506537,0.04311756088995766,0.007330035530143293,0.02417502153219031,1.5707946749784205,0.2984904339799117,0.006048328337100006,-0.0034574283566916053,0.002177238548058069,0.009071722967656015,1
2023-06-12,0.009071722967656015,0.015687030910504385,0.05396124324791152,0.0074397544577993555,0.030739134261370094,1.8807718145743302,-0.31399636816859905,0.0017944840139776375,0.006048328337100006,-0.0034574283566916053,0.00659288661308044,1
2023-06-13,0.00659288661308044,0.02016220386414891,0.05726226405159207,0.007490395216876107,0.0346276973756543,1.9576543771487842,0.8361641598490123,0.009071722967656015,0.0017944840139776375,0.006048328337100006,0.0011908621011540443,1
2023-06-14,0.0011908621011540443,0.024920666144246706,0.065642711817959,0.007164796606492727,0.03256549372122852,1.801853076287847,1.0613343070485874,0.00659288661308044,0.009071722967656015,0.0017944840139776375,0.01239779803831298,1
2023-06-15,0.01239779803831298,0.03138924477265759,0.06591542126119543,0.007182002115035188,0.04199904513558006,2.095212783304708,1.5443391886885576,0.0011908621011540443,0.00659288661308044,0.009071722967656015,-0.003406253219155997,0
2023-06-16,-0.003406253219155997,0.026034868667839772,0.05214908479688707,0.007161120030497611,0.03578413763709398,1.6660019902851475,1.628917297352332,0.01239779803831298,0.0011908621011540443,0.00659288661308044,-0.005188292758454338,0
2023-06-20,-0.005188292758454338,0.011535132891169031,0.04821530386646766,0.007318469400403274,0.027974077259707686,1.2681268897288718,-0.6103023963468357,-0.003406253219155997,0.01239779803831298,0.0011908621011540443,-0.0051235477780557925,0
2023-06-21,-0.0051235477780557925,-0.0002388277402497474,0.04242146328056995,0.007499286142310495,0.02058341026037591,0.931446383240143,-0.6481309970797481,-0.005188292758454338,-0.003406253219155997,0.01239779803831298,0.0036095637818025494,1
2023-06-22,0.0036095637818025494,0.0021764200602716333,0.05805849592310497,0.006813869744722744,0.02139692717087227,1.0033508258434778,-0.9864384757626943,-0.0051235477780557925,-0.005188292758454338,-0.003406253219155997,-0.0075598534662010275,0
2023-06-23,-0.0075598534662010275,-0.0175797348586344,0.05772260209344071,0.006838757468684327,0.01087928310478814,0.5707939772209215,0.37651552796061033,0.0036095637818025494,-0.0051235477780557925,-0.005188292758454338,-0.004085814311852065,0
2023-06-26,-0.004085814311852065,-0.018249631284357304,0.04435703115325351,0.006860924920304363,0.004601195572591088,0.2695565731024843,-0.7836175936656997,-0.0075598534662010275,0.0036095637818025494,-0.0051235477780557925,0.010963307794132016,1
2023-06-27,0.010963307794132016,-0.0023100924928225464,0.04230813776126219,0.006709676727368578,0.013525835834939048,0.8322688773193488,-0.7136532909731981,-0.004085814311852065,-0.0075598534662010275,0.0036095637818025494,0.0005043830487496681,1
2023-06-28,0.0005043830487496681,0.003333753809411366,0.04243686220817322,0.006708071858826332,0.01194834298665226,0.787865429854522,-0.5518548453228108,0.010963307794132016,-0.004085814311852065,-0.0075598534662010275,0.0039412780350402965,1
2023-06-29,0.0039412780350402965,0.0036653769016015136,0.052380886797668724,0.006470100364362796,0.013374550990140843,1.0179168701360355,-0.9585161431017436,0.0005043830487496681,0.010963307794132016,-0.004085814311852065,0.011800625543272325,1
2023-06-30,0.011800625543272325,0.023244837214553504,0.054778230262084726,0.006618382401545274,0.022610353656644433,1.8039372711329829,1.3892910815472415,0.0039412780350402965,0.0005043830487496681,0.010963307794132016,0.0011507282502678517,1
2023-07-03,0.0011507282502678517,0.02862508504970318,0.04093867668752371,0.006014132212639017,0.02173014656153871,1.6782780109452413,-2.463844428061682,0.011800625543272325,0.0039412780350402965,0.0005043830487496681,-0.0014871679568303486,0
2023-07-05,-0.0014871679568303486,0.01595709642983234,0.04138621764152073,0.006000079347757483,0.018146641249443096,1.42398064864629,-1.0918983592233353,0.0011507282502678517,0.011800625543272325,0.0039412780350402965,-0.007830644259084751,0
2023-07-06,-0.007830644259084751,0.007493335265161605,0.030986788456490277,0.006393071680338564,0.008642714553234399,0.721388541879399,0.0030419259818490964,-0.0014871679568303486,0.0011507282502678517,0.011800625543272325,-0.0025248799089763185,0
2023-07-07,-0.0025248799089763185,0.0010042993266061728,0.03195156924614029,0.006357960532894909,0.004531403816156576,0.43292435346711544,0.28612809453140037,-0.007830644259084751,-0.0014871679568303486,0.0011507282502678517,0.002531271064431184,1
2023-07-10,0.002531271064431184,-0.008166147351384878,0.02834395650087762,0.0062763605251884335,0.005678379021863966,0.6073756786972182,-0.9496844026282586,-0.0025248799089763185,-0.007830644259084751,-0.0014871679568303486,0.006368325826803689,1
2023-07-11,0.006368325826803689,-0.002997105607840167,0.03303901388167385,0.006373412434532315,0.010447518587512805,1.2447737673640387,-0.7771157248569465,0.002531271064431184,-0.0025248799089763185,-0.007830644259084751,0.008045970675109038,1
2023-07-12,0.008045970675109038,0.006521617140306191,0.031988898104310604,0.006314363785198504,0.016972097427532695,1.93598893318673,0.5871210120555853,0.006368325826803689,0.002531271064431184,-0.0025248799089763185,0.007937077235724344,1
2023-07-13,0.007937077235724344,0.022517427175904103,0.03336700221964173,0.00637720699266255,0.02335032815473692,2.2982680824735753,-0.35056406669334744,0.008045970675109038,0.006368325826803689,0.002531271064431184,-0.0006228860452528462,0
2023-07-14,-0.0006228860452528462,0.02446717191927328,0.03149496407408736,0.006397120677465298,0.021118583285603565,1.899503401826795,-0.4181917614375205,0.007937077235724344,0.008045970675109038,0.006368325826803689,0.0034722158570845707,1
2023-07-17,0.0034722158570845707,0.02542870506889594,0.022401015935118673,0.005893585070381451,0.02351520084407377,1.8967814529819933,-1.2335595198333311,-0.0006228860452528462,0.007937077235724344,0.008045970675109038,0.007430505967050305,1
2023-07-18,0.007430505967050305,0.026511002651014248,0.03351839815551716,0.00595294227922894,0.0293992487316026,2.0748470323296724,0.4885856158226673,0.0034722158570845707,-0.0006228860452528462,0.007937077235724344,0.0022237158274738267,1
2023-07-19,0.0022237158274738267,0.020582097784371145,0.04121879732159117,0.005730282991487264,0.029585847867925397,1.8947200266012096,-0.43284483720841443,0.007430505967050305,0.0034722158570845707,-0.0006228860452528462,-0.006634355475664044,0
2023-07-20,-0.006634355475664044,0.005827859945340963,0.03963761468290805,0.005838583936042694,0.020765026353325666,1.3075216312532092,-0.10949266264196915,0.0022237158274738267,0.007430505967050305,0.0034722158570845707,0.0,0
2023-07-21,0.0,0.006454766574618631,0.03589847307287952,0.005840752119858331,0.018962785240939972,1.1772395368685085,-0.06739274430233226,-0.006634355475664044,0.0022237158274738267,0.007430505967050305,0.004467270826008285,1
2023-07-24,0.004467270826008285,0.00745277907626174,0.04845225753360638,0.005433331186999318,0.02109987604142849,1.3299325131413111,-1.0740882112510695,0.0,-0.006634355475664044,0.0022237158274738267,0.002729996484983177,1
2023-07-25,0.002729996484983177,0.0027521656714322162,0.055627626977637235,0.005215659293195418,0.021132712311732638,1.4079648962914602,-0.9182281763676207,0.004467270826008285,0.0,-0.006634355475664044,0.00015371107214923185,1
2023-07-26,0.00015371107214923185,0.0006810694495293923,0.044340462697550986,0.004865141441877184,0.01908021534476556,1.2934508415083736,0.10291866293262852,0.002729996484983177,0.004467270826008285,0.0,-0.006630048719616699,0
2023-07-27,-0.006630048719616699,0.0006854079217435416,0.036893443073952925,0.005241672351657794,0.010503785354730288,0.7581649019533219,1.3388215101577632,0.00015371107214923185,0.002729996484983177,0.004467270826008285,0.00979061562904393,1
2023-07-28,0.00979061562904393,0.010482734116298298,0.04293477231326803,0.0055216122259099405,0.018258542026986735,1.3466155345265929,0.5532653105516617,-0.006630048719616699,0.00015371107214923185,0.002729996484983177,0.0019038640842647947,1
2023-07-31,0.0019038640842647947,0.007903975874709257,0.032733477316690074,0.005029821990240729,0.01855036919022157,1.331234056754642,-0.4614343051874632,0.00979061562904393,-0.006630048719616699,0.00015371107214923185,-0.0028615790782207107,0
2023-08-01,-0.0028615790782207107,0.0022835483804555246,0.028594595944995804,0.005128725539867467,0.014203937669631905,1.0144693170048402,-1.1868314621580762,0.0019038640842647947,0.00979061562904393,-0.006630048719616699,-0.013910801989888477,0
2023-08-02,-0.013910801989888477,-0.011810915202498218,0.01579668046678062,0.00615037637074321,-0.0006815480825231868,-0.0504445014994628,1.7053166739945969,-0.0028615790782207107,0.0019038640842647947,0.00979061562904393,-0.002865940487663754,0
2023-08-03,-0.002865940487663754,-0.008066438470523463,0.0208796127114923,0.005877766367852103,-0.004559891533730709,-0.37025294216323157,-0.5033621541976071,-0.013910801989888477,-0.0028615790782207107,0.0019038640842647947,-0.004522745349619273,0
2023-08-04,-0.004522745349619273,-0.022126683152217108,0.018834869884115202,0.005958150419396268,-0.009968840083838915,-0.9278165264855586,2.0172549714437302,-0.002865940487663754,-0.013910801989888477,-0.0028615790782207107,0.008728491776003544,1
2023-08-07,0.008728491776003544,-0.015465743359084905,0.025132872489673996,0.006200899675359421,-0.002548449162539379,-0.2872694179371574,-0.9027467653472312,-0.004522745349619273,-0.002865940487663754,-0.013910801989888477,-0.004348656336598977,0
2023-08-08,-0.004348656336598977,-0.01693402346185302,0.014216063576234061,0.006199299514304775,-0.007576763628522221,-0.9964201287031462,-0.02072185357941228,0.008728491776003544,-0.004522745349619273,-0.002865940487663754,-0.00668524156652317,0
2023-08-09,-0.00668524156652317,-0.009730615668759879,-0.000605316128709732,0.006158603782839109,-0.014181922324244978,-1.851079312346319,0.5743596462177816,-0.004348656336598977,0.008728491776003544,-0.004522745349619273,0.00035894680416892477,1
2023-08-10,0.00035894680416892477,-0.006527929808663346,-0.008119220952759187,0.00587014906101625,-0.01342986218928055,-1.6419379384698656,1.4537655041907824,-0.00668524156652317,-0.004348656336598977,0.008728491776003544,-0.0005830171032084053,0
2023-08-11,-0.0005830171032084053,-0.0025961373355870565,-0.00807965106793529,0.005870072991433432,-0.013608945090097246,-1.5689559131715758,-0.22727376732552204,0.00035894680416892477,-0.00668524156652317,-0.004348656336598977,0.005520036262399719,1
2023-08-14,0.005520036262399719,-0.0057685726822095384,-0.006055404956392119,0.005958170196658249,-0.007864278787170553,-0.8878473776734273,-1.6109598117248578,-0.0005830171032084053,0.00035894680416892477,-0.00668524156652317,-0.011648972665925128,0
2023-08-15,-0.011648972665925128,-0.01305847789869985,-0.024879477238471948,0.006180778128962967,-0.018193463056767056,-1.8641244547206217,0.2873513386873475,0.005520036262399719,-0.0005830171032084053,0.00035894680416892477,-0.007338015398560271,0
2023-08-16,-0.007338015398560271,-0.013707063449159729,-0.03418263002201738,0.0062678856137025445,-0.023714196854407565,-2.145755428649478,0.5361900924897003,-0.011648972665925128,0.005520036262399719,-0.0005830171032084053,-0.007620016685831343,0
2023-08-17,-0.007620016685831343,-0.021573835027826727,-0.03514095661901662,0.006312287366340169,-0.029441145112937717,-2.2604056993510535,1.4219763519214084,-0.007338015398560271,-0.011648972665925128,0.005520036262399719,0.00048130106517896287,1
2023-08-18,0.00048130106517896287,-0.020531870801056007,-0.034676568933689755,0.006320295271444926,-0.027277517154764674,-1.8844881136483829,1.443949564346514,-0.007620016685831343,-0.007338015398560271,-0.011648972665925128,0.006506303868592855,1
2023-08-21,0.006506303868592855,-0.019571156292851555,-0.03271699650172122,0.006441054275067344,-0.019324934249970394,-1.2950332166257086,-0.4283568702907281,0.00048130106517896287,-0.007620016685831343,-0.007338015398560271,-0.002708703093032061,0
2023-08-22,-0.002708703093032061,-0.010702547956980335,-0.03796343540490421,0.006361065746264432,-0.020090354544080258,-1.323136518996674,-0.7151888358288262,0.006506303868592855,0.00048130106517896287,-0.007620016685831343,0.01113795746034496,1
2023-08-23,0.01113795746034496,0.00771080236454913,-0.02739781279811715,0.0069918975142196004,-0.007791480573211662,-0.5313025970675785,-0.48214093005278696,-0.002708703093032061,0.006506303868592855,0.00048130106517896287,-0.013859071070219664,0
2023-08-24,-0.013859071070219664,0.0013753637166520338,-0.03447570250120846,0.007450244974023857,-0.019830334967245844,-1.3143841998587897,0.8330210698239153,0.01113795746034496,-0.002708703093032061,0.006506303868592855,0.00704965267251878,1
2023-08-25,0.00704965267251878,0.007949585016756133,-0.03709650952011767,0.007249752868182507,-0.011040075443527364,-0.780288878257533,1.5494637794111492,-0.013859071070219664,0.01113795746034496,-0.002708703093032061,0.006341376384739306,1
2023-08-28,0.006341376384739306,0.007784421034902289,-0.032831732991802864,0.007436609731578115,-0.0030847006974882296,-0.24809756328159124,-0.9258362934845283,0.00704965267251878,-0.013859071070219664,0.01113795746034496,0.014454760432480285,1
2023-08-29,0.014454760432480285,0.02512847207160318,-0.016035856186646713,0.008250569636962628,0.012159580149603721,1.1094267125135215,0.30947487141348107,0.006341376384739306,0.00704965267251878,-0.013859071070219664,0.004118800183816385,1
2023-08-30,0.004118800183816385,0.018012194890009603,0.001954891609743603,0.007706917677126819,0.016227707511390577,1.4614616878021156,-0.5155645405760063,0.014454760432480285,0.006341376384739306,0.00704965267251878,-0.0014632203039603997,0
2023-08-31,-0.0014632203039603997,0.030808669385580467,0.003364393507922392,0.007684608471356006,0.014568137078893484,1.288209434610112,-0.7180440425380733,0.004118800183816385,0.014454760432480285,0.006341376384739306,0.0018650284896026825,1
2023-09-01,0.0018650284896026825,0.02550172593838007,0.00980277750325298,0.007610553186757149,0.015959091491031252,1.3513589617499653,-1.0859411948923243,-0.0014632203039603997,0.004118800183816385,0.014454760432480285,-0.004321914569048402,0
2023-09-05,-0.004321914569048402,0.014635410059987919,-0.003261527393674468,0.007426547752968105,0.011735648034658208,1.010505782520159,-1.312339224939442,0.0018650284896026825,-0.0014632203039603997,0.004118800183816385,-0.0067224434079588,0
2023-09-06,-0.0067224434079588,-0.006545564923467695,-0.005637906348875954,0.007515829816879541,0.005220692206941768,0.45753821177507636,-0.2706717206081812,-0.004321914569048402,0.0018650284896026825,-0.0014632203039603997,-0.0030702314830590716,0
2023-09-07,-0.0030702314830590716,-0.013658244610428527,-0.002019084656512904,0.007395575893718687,0.0022360330630653014,0.19646043466625335,-0.2694118894655646,-0.0067224434079588,-0.004321914569048402,0.0018650284896026825,0.0015061262974236378,1
2023-09-08,0.0015061262974236378,-0.010725162325707083,-0.0008746322133181827,0.007403563608996414,0.0037896274360980087,0.33344755590513536,-0.7654964783238112,-0.0030702314830590716,-0.0067224434079588,-0.004321914569048402,0.006576789073055256,1
2023-09-11,0.006576789073055256,-0.006072613275879157,0.006283084837283015,0.007546512187348428,0.010072725971726593,0.8708671157971248,-0.823665003448472,0.0015061262974236378,-0.0030702314830590716,-0.0067224434079588,-0.005485711234211932,0
2023-09-12,-0.005485711234211932,-0.0072343636397866895,-0.004731014476935358,0.007550193411739452,0.004771650168746033,0.41801287244196267,-0.4239211796876051,0.006576789073055256,0.0015061262974236378,-0.0030702314830590716,0.0011658960317628697,1
2023-09-13,0.0011658960317628697,0.0006499102690791236,0.008173551831617942,0.007055923988107919,0.005533079755676296,0.48228196127201833,-0.8844203488719331,-0.005485711234211932,0.006576789073055256,0.0015061262974236378,0.008622549476915431,1
2023-09-14,0.008622549476915431,0.012386323994391324,0.0243835202089282,0.0070335684572890925,0.012980610103309642,1.1164388278315627,0.7525048926211119,0.0011658960317628697,-0.005485711234211932,0.006576789073055256,-0.012048457170638294,0
2023-09-15,-0.012048457170638294,-0.0013155142372314188,0.019812265720589473,0.007387591750010484,-0.00019617451160658383,-0.018241477183067244,2.4090463189919022,0.008622549476915431,0.0011658960317628697,-0.005485711234211932,0.000586503165322938,1
2023-09-18,0.000586503165322938,-0.00725883189195764,0.01991950050048219,0.007387234931935811,-0.0005861180459060256,-0.060078910590412066,-1.0328834447076534,-0.012048457170638294,0.008622549476915431,0.0011658960317628697,-0.0020738999123250945,0
2023-09-19,-0.0020738999123250945,-0.0038531034923611207,0.011224952715942038,0.007300029761917571,-0.0032105671321063234,-0.34780621833659414,-0.31614313654925336,0.000586503165322938,-0.012048457170638294,0.008622549476915431,-0.009193264252657651,0
2023-09-20,-0.009193264252657651,-0.014160331703641837,0.004649792507121164,0.0075921131390726485,-0.012599986080873093,-1.4260706730778563,0.6757169975690539,-0.0020738999123250945,0.000586503165322938,-0.012048457170638294,-0.016528360624534222,0
2023-09-21,-0.016528360624534222,-0.03874313017926945,-0.022838999223358303,0.008014381653004094,-0.02781681396558655,-2.550384183212889,1.7850493021724645,-0.009193264252657651,-0.0020738999123250945,0.000586503165322938,-0.0022486478734212723,0
2023-09-22,-0.0022486478734212723,-0.02920811393454059,-0.011334302057268264,0.007443533397029195,-0.0294632795855877,-2.426701937936633,1.487426272462281,-0.016528360624534222,-0.009193264252657651,-0.0020738999123250945,0.004205356760457635,1
2023-09-25,0.004205356760457635,-0.025697019495527273,-0.014126674603736844,0.007316920368732824,-0.024700804333815052,-1.8715511643468843,-0.1313710204314157,-0.0022486478734212723,-0.016528360624534222,-0.009193264252657651,-0.014691397758292979,0
2023-09-26,-0.014691397758292979,-0.038015833240107266,-0.034731661612412035,0.007752324661894083,-0.03736506006862539,-2.358278686427102,1.2643686364867919,0.004205356760457635,-0.0022486478734212723,-0.016528360624534222,0.00039927728365740656,1
2023-09-27,0.00039927728365740656,-0.028702338747196632,-0.048105656583380396,0.006783792193690427,-0.03463158028899427,-1.9634400162911747,1.5912592032163362,-0.014691397758292979,0.004205356760457635,-0.0022486478734212723,0.00579732307229075,1
2023-09-28,0.00579732307229075,-0.0066530152157456834,-0.04651443406813449,0.006878922263715894,-0.02672997670670907,-1.4637776688288873,0.828257145686875,0.00039927728365740656,-0.014691397758292979,0.004205356760457635,-0.0024267961311514874,0
2023-09-29,-0.0024267961311514874,-0.006830377074773741,-0.04743453602290393,0.0068757129055032245,-0.02673914691415058,-1.421070492443845,1.7757166032004597,0.00579732307229075,0.00039927728365740656,-0.014691397758292979,-0.00039763510123302925,0
2023-10-02,-0.00039763510123302925,-0.011382784270002166,-0.04958585893760614,0.006820158298001702,-0.024650828141874137,-1.302068979441957,0.15925390667155684,-0.0024267961311514874,0.00579732307229075,0.00039927728365740656,-0.013386242424752837,0
2023-10-03,-0.013386242424752837,-0.010073246294789118,-0.05823811863814832,0.007234941294922444,-0.03483534986485981,-1.7389294817918037,1.075767226456794,-0.00039763510123302925,-0.0024267961311514874,0.00579732307229075,0.007282061879444246,1
2023-10-04,0.007282061879444246,-0.00326251305449754,-0.04495994763803224,0.0075246239520893685,-0.025577118619527495,-1.2459025314996526,0.18422047879594267,-0.013386242424752837,-0.00039763510123302925,-0.0024267961311514874,-0.0003767125349609657,0
2023-10-05,-0.0003767125349609657,-0.009380935319419303,-0.042379606917485435,0.007533654740881761,-0.023840232025927666,-1.138662313323162,-0.7268743110314655,0.007282061879444246,-0.013386242424752837,-0.00039763510123302925,0.011872627045437678,1
2023-10-06,0.011872627045437678,0.00481880576998428,-0.0324673634867797,0.008130389774372608,-0.010610947917430447,-0.5166642126648118,1.3854343917389738,-0.0003767125349609657,0.007282061879444246,-0.013386242424752837,0.0064021982644399955,1
2023-10-09,0.0064021982644399955,0.011654124174440339,-0.032635182084629566,0.008121217190663204,-0.0026014579810159644,-0.13419397942725797,-0.39005857516716647,0.011872627045437678,-0.0003767125349609657,0.007282061879444246,0.005204912819663621,1
2023-10-10,0.005204912819663621,0.03071712500102941,-0.02223640379848435,0.008205204682211953,0.003734222006264165,0.2020295857535834,-0.5300042912488214,0.0064021982644399955,0.011872627045437678,-0.0003767125349609657,0.0040962567303299835,1
2023-10-11,0.0040962567303299835,0.027457200052121378,-0.019374540418843567,0.008273517420241345,0.008850203540420098,0.5076865659197761,-1.453963352086023,0.005204912819663621,0.0064021982644399955,0.011872627045437678,-0.006096457711300296,0
2023-10-12,-0.006096457711300296,0.02157819199219868,-0.03368498112434637,0.00802867990562745,0.004455243498627359,0.29555362486675935,-0.3905944523817175,0.0040962567303299835,0.005204912819663621,0.0064021982644399955,-0.004980948218810566,0
2023-10-13,-0.004980948218810566,0.004562962518774194,-0.02677225337392386,0.007697037306693392,0.0008279246752325164,0.060453410078022726,0.46565907454307776,-0.006096457711300296,0.0040962567303299835,0.005204912819663621,0.010521496910222972,1
2023-10-16,0.010521496910222972,0.008674733000042512,-0.017108909380670445,0.008135197140761765,0.012249135902998143,1.0013113239210751,-0.8241505455189001,-0.004980948218810566,-0.006096457711300296,0.0040962567303299835,-4.596870392725716e-05,0
2023-10-17,-4.596870392725716e-05,0.003405726202248438,-0.015111531501739273,0.008131526799422955,0.012989221809423412,1.2031637838396043,-0.8900059922577589,0.010521496910222972,-0.004980948218810566,-0.006096457711300296,-0.013325021423486683,0
2023-10-18,-0.013325021423486683,-0.014003571103793133,-0.01921860894213956,0.008405733435193772,0.00047084129505048367,0.04790767715592244,0.28955248354483204,-4.596870392725716e-05,0.010521496910222972,-0.004980948218810566,-0.008786305077294054,0
2023-10-19,-0.008786305077294054,-0.016672019081187872,-0.011497731485936136,0.007806816923165081,-0.0077473340048951345,-0.7768534723530417,1.9158286035521155,-0.013325021423486683,-4.596870392725716e-05,0.010521496910222972,-0.012288051595855998,0
2023-10-20,-0.012288051595855998,-0.023893266953027847,-0.02144407065451115,0.008232981945045957,-0.018886616039811344,-1.7291567969885293,1.830802383413349,-0.008786305077294054,-0.013325021423486683,-4.596870392725716e-05,-0.0017330796529404502,0
2023-10-23,-0.0017330796529404502,-0.03573049627523195,-0.027230827441109384,0.008139993928486095,-0.01924250159298302,-1.6407084350886931,-0.015402532960557064,-0.012288051595855998,-0.008786305077294054,-0.013325021423486683,0.007539240853760676,1
2023-10-24,0.007539240853760676,-0.02841597378027294,-0.005283104789644888,0.00772948498733692,-0.011588963885305725,-0.9703123381353628,-0.7373922313014561,-0.0017330796529404502,-0.012288051595855998,-0.008786305077294054,-0.014352117543495413,0
2023-10-25,-0.014352117543495413,-0.029427360716457795,-0.019950710010562145,0.008344942682008475,-0.024807747264541158,-1.8749325641997412,0.19381725933877345,0.007539240853760676,-0.0017330796529404502,-0.012288051595855998,-0.011974538221394937,0
2023-10-26,-0.011974538221394937,-0.03254920202390921,-0.037267618341024655,0.008530113098733475,-0.034685012832800566,-2.2280923755951045,1.2837014120634163,-0.014352117543495413,0.007539240853760676,-0.0017330796529404502,-0.004532890677094947,0
2023-10-27,-0.004532890677094947,-0.02495312441098707,-0.03930015631453032,0.008550421064348446,-0.03716823658142354,-2.0783398240451647,0.894735873875534,-0.011974538221394937,-0.014352117543495413,0.007539240853760676,0.01195579639643607,1
2023-10-30,0.01195579639643607,-0.01158265650283552,-0.02742749561910296,0.009098457108227534,-0.024316352071978575,-1.2937186856325198,-0.29863886151492186,-0.004532890677094947,-0.011974538221394937,-0.014352117543495413,0.006280243395604623,1
2023-10-31,0.006280243395604623,-0.012817759685522234,-0.008040898564462218,0.008786577153872458,-0.01779797173201192,-0.9311975611668537,-0.625128777022605,0.01195579639643607,-0.004532890677094947,-0.011974538221394937,0.01066469332251252,1
2023-11-01,0.01066469332251252,0.012237994844868316,-0.004709724334581722,0.008972155452629367,-0.007089885612883484,-0.3696456915971364,0.39645546623936706,0.006280243395604623,0.01195579639643607,-0.004532890677094947,0.019164415959888492,1
2023-11-02,0.019164415959888492,0.04414003964165647,0.014746700310919847,0.009961134532210052,0.011195130474994652,0.5789945239054588,0.1533611118021324,0.01066469332251252,0.006280243395604623,0.01195579639643607,0.009123526900019607,1
2023-11-03,0.009123526900019607,0.05846418180244606,0.011989791756596535,0.009817938202712097,0.019804341036327555,1.0011680005553445,0.5219273790892678,0.019164415959888492,0.01066469332251252,0.006280243395604623,0.002300344470738791,1
2023-11-06,0.002300344470738791,0.04836497583034838,0.007865164273009873,0.009733756231850363,0.02174273851303643,1.0790002291158483,-1.374603081974771,0.009123526900019607,0.019164415959888492,0.01066469332251252,0.0028461182732979484,1
2023-11-07,0.0028461182732979484,0.044787228453835315,0.005500127231666374,0.009687120613796923,0.024363667324355465,1.1907711872972098,-1.4705279417065469,0.002300344470738791,0.009123526900019607,0.019164415959888492,0.0007323393832787684,1
2023-11-08,0.0007323393832787684,0.03451953372505234,0.0021315066459557386,0.009647203309452944,0.02500210399113878,1.2141562347467745,-1.6046238307392546,0.0028461182732979484,0.002300344470738791,0.009123526900019607,-0.007798756576629651,0
2023-11-09,-0.007798756576629651,0.007150123801183295,0.0004151154127118861,0.009712509279373666,0.016986903633996464,0.824213788375878,-0.40815780398190854,0.0007323393832787684,0.0028461182732979484,0.002300344470738791,0.015604642328524543,1
2023-11-10,0.015604642328524543,0.013618565010001804,0.021112343175723414,0.010226726500600691,0.031754955609142765,1.4610027973246882,-0.03818439239661611,-0.007798756576629651,0.0007323393832787684,0.0028461182732979484,-0.0009531095054332583,0
2023-11-13,-0.0009531095054332583,0.010328372236103167,0.009517476287749904,0.009989154382399536,0.03027097897396458,1.3562215892469232,-1.8923522013621865,0.015604642328524543,-0.007798756576629651,0.0007323393832787684,0.019400700655952452,1
2023-11-14,0.019400700655952452,0.027006468672786665,0.029150131349845898,0.01084117622221482,0.048699121308247495,1.9801298820163662,0.36964065571648547,-0.0009531095054332583,0.015604642328524543,-0.007798756576629651,0.002117156551195043,1
2023-11-15,0.002117156551195043,0.02842764407944509,0.04525707622636377,0.010264837926496496,0.04853384956890361,1.7950901628674396,-0.6148144574714244,0.019400700655952452,-0.0009531095054332583,0.015604642328524543,0.001223092010858906,1
2023-11-16,0.001223092010858906,0.03777889066331319,0.055812209986866756,0.009936391124349709,0.04691137225907327,1.6117951667109562,-1.0746362336226216,0.002117156551195043,0.019400700655952452,-0.0009531095054332583,0.0012437526668118704,1
2023-11-17,0.0012437526668118704,0.023104451889677247,0.07027699821460942,0.00929754664800585,0.04461850771254894,1.4645049059787787,-0.08334553381117431,0.001223092010858906,0.002117156551195043,0.019400700655952452,0.007697626206968566,1
2023-11-20,0.007697626206968566,0.031963501753791146,0.08038798892567023,0.009260311981362925,0.048553203818534785,1.5237126385735766,-0.8167043137160228,0.0012437526668118704,0.001223092010858906,0.002117156551195043,-0.0021794243551297443,0
2023-11-21,-0.0021794243551297443,0.010117429487614737,0.06996662890878635,0.009314903793890078,0.04270104072362835,1.297852771385688,-1.801448436662627,0.007697626206968566,0.0012437526668118704,0.001223092010858906,0.0038608339289862847,1
2023-11-22,0.0038608339289862847,0.011875027288625883,0.0897376350016752,0.008322587617960758,0.04223492384319916,1.2813273670808571,-1.119646621559826,-0.0021794243551297443,0.007697626206968566,0.0012437526668118704,0.0006154686302466406,1
2023-11-24,0.0006154686302466406,0.011260939449717178,0.10362371873322673,0.007454620250444906,0.03779534567634246,1.2019196402237453,-2.323612754362268,0.0038608339289862847,-0.0021794243551297443,0.007697626206968566,-0.0018009687252493745,0
2023-11-27,-0.0018009687252493745,0.00818575640153596,0.10665246155712116,0.0072946734268828735,0.030780841279506754,1.0832104683571908,-1.175616265245262,0.0006154686302466406,0.0038608339289862847,-0.0021794243551297443,0.0009900730848266814,1
2023-11-28,0.0009900730848266814,0.0014749541309138081,0.09466058924534626,0.007163570676242763,0.027218717815516325,1.0592390822498376,-0.5102128513954218,-0.0018009687252493745,0.0006154686302466406,0.0038608339289862847,-0.0007035714647510849,0
2023-11-29,-0.0007035714647510849,0.002956212126361324,0.08706339458670875,0.007244883720694322,0.022293728627796217,0.9853787610825485,-0.4127608752543373,0.0009900730848266814,-0.0018009687252493745,0.0006154686302466406,0.003937427761979917,1
2023-11-30,0.003937427761979917,0.003032736937385927,0.07982759800171291,0.007083682312084983,0.022440212073013166,1.1207595234886885,0.5332032521551437,-0.0007035714647510849,0.0009900730848266814,-0.0018009687252493745,0.005916141154397314,1
2023-12-01,0.005916141154397314,0.008346214727996015,0.06579075317387773,0.006134084990664545,0.02523460075747841,1.3186646735638339,1.0924436292213475,0.003937427761979917,-0.0007035714647510849,0.0009900730848266814,-0.005249551903155902,0
2023-12-04,-0.005249551903155902,0.00486257500819387,0.05061055563143979,0.006245586694091681,0.01735350727919105,0.9497636866253925,0.2465214378076715,0.005916141154397314,0.003937427761979917,-0.0007035714647510849,-0.0001969872970150055,0
2023-12-05,-0.0001969872970150055,0.003670922279499278,0.0479928541304977,0.0062744758291730955,0.014789628760151663,0.8586748667703034,0.07826018604263807,-0.005249551903155902,0.005916141154397314,0.003937427761979917,-0.004029702411765479,0
2023-12-06,-0.004029702411765479,0.0003302309491945987,0.04080749357225355,0.006433100484388027,0.008701734040145848,0.5465259115878015,0.02220148095135311,-0.0001969872970150055,-0.005249551903155902,0.005916141154397314,0.007630425581034661,1
2023-12-07,0.007630425581034661,0.004009959644503125,0.04798181933687928,0.00654430942123029,0.01403910249815632,0.9615697211326416,-0.12576612751063468,-0.004029702411765479,-0.0001969872970150055,-0.005249551903155902,0.004299040389817765,1
2023-12-08,0.004299040389817765,0.002395923238323938,0.060759742524238325,0.006099274724009783,0.015436807879253722,1.317468267099423,0.8769969195119746,0.007630425581034661,-0.004029702411765479,-0.0001969872970150055,0.003889530902242866,1
2023-12-11,0.003889530902242866,0.011605247409824493,0.04852376204300146,0.005337050588929506,0.01698754420010662,1.619335102474842,-0.18157829312407808,0.004299040389817765,0.007630425581034661,-0.004029702411765479,0.004567212463758574,1
2023-12-12,0.004567212463758574,0.016425686452788968,0.05431747284266186,0.00529790951042926,0.018950791761821906,2.1680649553888784,-0.018795840109371322,0.003889530902242866,0.004299040389817765,0.007630425581034661,0.013790132375123054,1
2023-12-13,0.013790132375123054,0.03461150770629251,0.048514729949461044,0.0044447472676699,0.03053942503878404,2.8399118655665183,1.700239461634662,0.004567212463758574,0.003889530902242866,0.004299040389817765,0.0032092982970846062,1
2023-12-14,0.0032092982970846062,0.030071996940357337,0.049657437366724455,0.004448044298739601,0.031324656810668206,2.500529948132647,2.632079756761631,0.013790132375123054,0.004567212463758574,0.003889530902242866,-0.0016463951876762861,0
2023-12-15,-0.0016463951876762861,0.02397398583839272,0.046649138214013286,0.004534644753075736,0.027269595767015042,2.016794671228737,2.7708746568527385,0.0032092982970846062,0.013790132375123054,0.004567212463758574,0.005625154735965587,1
2023-12-18,0.005625154735965587,0.02574433367072415,0.051229232409492065,0.0045868700649571255,0.030454326801407472,2.068318400932993,-0.1334206789933054,-0.0016463951876762861,0.0032092982970846062,0.013790132375123054,0.006080812478451492,1
2023-12-19,0.006080812478451492,0.027289841645952162,0.04954257382205873,0.004504151380350241,0.03418980283315465,2.0720042495221755,-0.698490492434639,0.005625154735965587,-0.0016463951876762861,0.0032092982970846062,-0.013857196419393314,0
2023-12-20,-0.013857196419393314,-0.0007256411568957732,0.03725948480987484,0.005724708454052609,0.017994149601180842,1.087687549096244,1.1049405234245546,0.006080812478451492,0.005625154735965587,-0.0016463951876762861,0.00948181098642098,1
2023-12-21,0.00948181098642098,0.005522268533147523,0.043067472899123604,0.005961877575814527,0.02547100223361687,1.4794363608535253,0.3959594031367754,-0.013857196419393314,0.006080812478451492,0.005625154735965587,0.002009663437074538,1
2023-12-22,0.002009663437074538,0.009204579434344273,0.04452081766489857,0.005951410337736148,0.02528664555438187,1.422590848820707,-0.528143644940988,0.00948181098642098,-0.013857196419393314,0.006080812478451492,0.004222601411330462,1
2023-12-26,0.004222601411330462,0.0077970338578872145,0.05082391374813877,0.005890537178439981,0.02705873971303463,1.483935562725979,-1.0877101734433698,0.002009663437074538,0.00948181098642098,-0.013857196419393314,0.0018080348792433032,1
2023-12-27,0.0018080348792433032,0.0035169675476984796,0.05168259740266956,0.005882348294545356,0.02632096493519276,1.4204338910543224,-0.5265748073178178,0.004222601411330462,0.002009663437074538,0.00948181098642098,0.00037771224607752174,1
2023-12-28,0.00037771224607752174,0.018002671165292305,0.0528205653059477,0.0058558851381090744,0.024071097444192002,1.3058157527875933,-0.13642363976704847,0.0018080348792433032,0.004222601411330462,0.002009663437074538,-0.00289492035951755,0
2023-12-29,-0.00289492035951755,0.005521469985303895,0.045655540462041344,0.005971492313687279,0.018835321931779836,1.040724013030474,1.7258660157472128,0.00037771224607752174,0.0018080348792433032,0.004222601411330462,-0.005596317344066182,0
2024-01-02,-0.005596317344066182,-0.002111167957027704,0.03368827448354472,0.006151810772239553,0.011463750914562754,0.649094515355708,1.5893347190136808,-0.00289492035951755,0.00037771224607752174,0.0018080348792433032,-0.008166746606301456,0
2024-01-03,-0.008166746606301456,-0.014422374661311577,0.030656891120213636,0.006355858196724781,0.0017088188539997606,0.1036205062869055,0.7189809200200293,-0.005596317344066182,-0.00289492035951755,0.00037771224607752174,-0.003221075305737564,0
2024-01-04,-0.003221075305737564,-0.019370007641992926,0.027539479884256535,0.0064345926462211715,-0.002851979917698033,-0.18908578439444917,-0.07820936783748869,-0.008166746606301456,-0.005596317344066182,-0.00289492035951755,0.0013697359206465975,1
2024-01-05,0.0013697359206465975,-0.018397566776404806,0.03311006373518954,0.006307741667246781,-0.003081284820015462,-0.23961144989083502,-0.03711633116213059,-0.003221075305737564,-0.008166746606301456,-0.005596317344066182,0.014275849298781562,1
2024-01-08,0.014275849298781562,-0.0014937623318566073,0.03992352822206224,0.006795576228272892,0.009191790221761309,0.81512681972407,-0.5154818019042011,0.0013697359206465975,-0.003221075305737564,-0.008166746606301456,-0.0015171280196250025,0
2024-01-09,-0.0015171280196250025,0.0026022562731882193,0.03390104873155719,0.00681558491759991,0.0059987747790339885,0.6214912202625007,-0.8318982902074449,0.014275849298781562,0.0013697359206465975,-0.003221075305737564,0.005655465289015282,1
2024-01-10,0.005655465289015282,0.016574545249700146,0.035719776149537585,0.00685688834600608,0.009926300168355828,1.1986635794267362,-0.784118317403001,-0.0015171280196250025,0.014275849298781562,0.0013697359206465975,-0.000440541101633829,0
2024-01-11,-0.000440541101633829,0.01941029972249364,0.030556727487975444,0.006841116558526696,0.007972862561535843,1.1413910492206067,-0.37756673116195916,0.005655465289015282,-0.0015171280196250025,0.014275849298781562,0.0006926499838006972,1
2024-01-12,0.0006926499838006972,0.0187210154820594,0.01724263203519194,0.006202652874380326,0.007809491853865369,1.1253078103219991,-1.0856461739837546,-0.000440541101633829,0.005655465289015282,-0.0015171280196250025,-0.0036711749975992802,0
2024-01-16,-0.0036711749975992802,0.0006953365420252489,0.010265911648117187,0.006256849588841563,0.0035976437340186074,0.5260329548599445,0.055069808126181355,0.0006926499838006972,-0.000440541101633829,0.005655465289015282,-0.00555869468975001,0
2024-01-17,-0.00555869468975001,-0.003355185537633698,0.006306930777961517,0.006388232087305868,-0.0022930813326980104,-0.3485544641205555,-0.5647003258812988,-0.0036711749975992802,0.0006926499838006972,-0.000440541101633829,0.008892810333086754,1
2024-01-18,0.008892810333086754,-0.00014684703387790599,0.009576801722709138,0.006569887920632963,0.006099006889785263,0.9110847852104471,0.5389235382755333,-0.00555869468975001,-0.0036711749975992802,0.0006926499838006972,0.012466148799797905,1
2024-01-19,0.012466148799797905,0.012763635156471276,0.01598432618920609,0.006996788412549218,0.01782559674529738,2.2644622455675987,1.3467693358445116,0.008892810333086754,-0.00555869468975001,-0.0036711749975992802,0.002114256523492175,1
2024-01-22,0.002114256523492175,0.014202390009845356,0.03243908892490932,0.006086051565529223,0.018345766866421087,2.156542479868788,-0.3419731040047246,0.012466148799797905,0.008892810333086754,-0.00555869468975001,0.0029166087638985427,1
2024-01-23,0.0029166087638985427,0.020908354815955432,0.025724583197851647,0.005810212959846652,0.02000955602423571,2.0710509871826273,-1.4759294490057266,0.002114256523492175,0.012466148799797905,0.008892810333086754,0.0010930682304626238,1
2024-01-24,0.0010930682304626238,0.027737154367258876,0.024786294605865233,0.005807825093186083,0.01986507857786468,1.8583159927479638,0.016312082519270892,0.0029166087638985427,0.002114256523492175,0.012466148799797905,0.005438906700346413,1
2024-01-25,0.005438906700346413,0.024218737886721797,0.026027506453207394,0.005846926854607512,0.024080116441406174,1.9923344714471851,-0.4931766694320033,0.0010930682304626238,0.0029166087638985427,0.002114256523492175,-0.0012702697862604362,0
2024-01-26,-0.0012702697862604362,0.010322868554226927,0.02287478142996391,0.005873354526351349,0.021610911214170914,1.6496353610967267,-0.31070953185593564,0.005438906700346413,0.0010930682304626238,0.0029166087638985427,0.007919242789891978,1
2024-01-29,0.007919242789891978,0.01617540516710103,0.030585910248829284,0.006060419402177785,0.02813033056924108,1.9189316216930672,-1.0247174778122718,-0.0012702697862604362,0.005438906700346413,0.0010930682304626238,-0.0007734921111419713,0
2024-01-30,-0.0007734921111419713,0.012436520279728969,0.032778571892041475,0.005997226469975786,0.025662951557156033,1.6258308528289458,-1.0971090613383685,0.007919242789891978,-0.0012702697862604362,0.005438906700346413,-0.016317325635504476,0
2024-01-31,-0.016317325635504476,-0.005171151915541294,0.02164383071439291,0.0070618631427493495,0.00784976506623325,0.5030791554072771,2.5272784366195893,-0.0007734921111419713,0.007919242789891978,-0.0012702697862604362,0.013088245442933077,1
2024-02-01,0.013088245442933077,0.0023974659280519006,0.043537663598784304,0.0071928370322975246,0.01887060341090807,1.227013341185395,0.7558058198030977,-0.016317325635504476,-0.0007734921111419713,0.007919242789891978,0.0105272959921896,1
2024-02-02,0.0105272959921896,0.014238357094781273,0.05793096878120285,0.007307783145567776,0.026702312198850775,1.7412024414314138,1.0874263216009459,0.013088245442933077,-0.016317325635504476,-0.0007734921111419713,-0.003641132568705019,0
2024-02-05,-0.003641132568705019,0.002605504368755396,0.05263706707315752,0.007445624280706453,0.020354230485013503,1.394211498123925,-0.14867207080920347,0.0105272959921896,0.013088245442933077,-0.016317325635504476,0.0029033178002926263,1
2024-02-06,0.0029033178002926263,0.006294747825186908,0.04083441179940461,0.0069224452577398635,0.021266596024565043,1.4282652908572493,-1.1282952512431261,-0.003641132568705019,0.0105272959921896,0.013088245442933077,0.008340432139916976,1
2024-02-07,0.008340432139916976,0.03151931748489223,0.05111008914786486,0.007007312565783603,0.027212613210567005,1.7604755123322486,-0.3796164052137164,0.0029033178002926263,-0.003641132568705019,0.0105272959921896,0.00044156112686710713,1
2024-02-08,0.00044156112686710713,0.018642552570448112,0.04566052171861701,0.0069814154646889535,0.025365538284058742,1.5817056103519482,-1.249062973813327,0.008340432139916976,0.0029033178002926263,-0.003641132568705019,0.005779462489611031,1
2024-02-09,0.005779462489611031,0.013856590570779925,0.0521674004664614,0.006993403046824773,0.028661704939924038,1.7138324376945782,-0.6187333171415521,0.00044156112686710713,0.008340432139916976,0.0029033178002926263,-0.00043889276081610085,0
2024-02-12,-0.00043889276081610085,0.01711506704942689,0.05097765215748806,0.00701392961527789,0.025652597810331912,1.5092863431138797,-0.9852516593245646,0.005779462489611031,0.00044156112686710713,0.008340432139916976,-0.013772988606368997,0
2024-02-13,-0.013772988606368997,0.00020244725059015423,0.04032175213467015,0.007802112782253518,0.009547297294758339,0.6031946808850724,1.6378012603993444,-0.00043889276081610085,0.005779462489611031,0.00044156112686710713,0.009087539027314628,1
2024-02-14,0.009087539027314628,0.0009435244833526646,0.05564371778648591,0.00774169321729727,0.01599378008451957,1.1425798444665087,-0.42808788699650097,-0.013772988606368997,-0.00043889276081610085,0.005779462489611031,0.006899793709901791,1
2024-02-15,0.006899793709901791,0.007404997431672555,0.053558347114635696,0.007670825211452646,0.02035075579815726,1.553912579387593,-0.6679207889244169,0.009087539027314628,-0.013772988606368997,-0.00043889276081610085,-0.0049800362058063374,0
2024-02-16,-0.0049800362058063374,-0.0033718907032200818,0.03540408698480402,0.007484320501796339,0.013510140918908675,1.0675447908487146,0.057610017477759796,0.006899793709901791,0.009087539027314628,-0.013772988606368997,-0.005505318738834419,0
2024-02-20,-0.005505318738834419,-0.008423450339539729,0.027531392512747832,0.007657679433219457,0.006571260799451917,0.5514231389095945,-0.1214339903702949,-0.0049800362058063374,0.006899793709901791,0.009087539027314628,0.0009056928278001752,1
2024-02-21,0.0009056928278001752,0.006334851878821546,0.02547112226296888,0.007649733381760853,0.006223901591287051,0.55271826417432,-0.7843501749586674,-0.005505318738834419,-0.0049800362058063374,0.006899793709901791,0.020695491010892297,1
2024-02-22,0.020695491010892297,0.01791113856180826,0.04555089219210462,0.008793892510474738,0.024755575322465972,2.070790563103862,0.10415224095554843,0.0009056928278001752,-0.005505318738834419,-0.0049800362058063374,0.0006897199819881905,1
2024-02-23,0.0006897199819881905,0.011633152154002513,0.040612236668158275,0.0087677985020122,0.02341446727512486,1.8451984357080848,-0.6335072006720612,0.020695491010892297,0.0009056928278001752,-0.005505318738834419,-0.00366251727057898,0
2024-02-26,-0.00366251727057898,0.012972668829008827,0.03811966842871284,0.008831263748673683,0.01776084107250786,1.4021232000922357,-1.0850064583665848,0.0006897199819881905,0.020695491010892297,0.0009056928278001752,0.0018578725625675307,1
2024-02-27,0.0018578725625675307,0.02047267027116928,0.03187668051512138,0.008717433969943527,0.018048334395619925,1.3832423978269963,-1.1002659162984414,-0.00366251727057898,0.0006897199819881905,0.020695491010892297,-0.0013217026968949108,0
2024-02-28,-0.0013217026968949108,0.018201730785937897,0.03131055690352391,0.008726167959182615,0.015136063615468931,1.1563559311703309,-0.7268641184980799,0.0018578725625675307,-0.00366251727057898,0.0006897199819881905,0.0035949057285806774,1
2024-02-29,0.0035949057285806774,0.0011429256033486102,0.052186897366217844,0.007645919602028755,0.01621789575729138,1.4251809454720132,0.838494721353497,-0.0013217026968949108,0.0018578725625675307,-0.00366251727057898,0.009388268828250945,1
2024-03-01,0.009388268828250945,0.009845413963684546,0.04834412559185197,0.0074195520147142344,0.023338095352177124,2.0201386401696326,0.4869507743684627,0.0035949057285806774,-0.0013217026968949108,0.0018578725625675307,-0.0010724602446435805,0
2024-03-04,-0.0010724602446435805,0.012470585910824505,0.03631027320863489,0.007200064270466234,0.02041318368480116,1.6899928047233266,-1.0979550654079204,0.009388268828250945,0.0035949057285806774,-0.0013217026968949108,-0.0099940695152958,0
2024-03-05,-0.0099940695152958,0.0004930958212749914,0.029702599971609622,0.007583131632870954,0.00874533785838949,0.7672344454873513,0.43503033145986264,-0.0010724602446435805,0.009388268828250945,0.0035949057285806774,0.00506719125229993,1
2024-03-06,0.00506719125229993,0.006893599670577677,0.03192429580209932,0.007619679262321993,0.012269334358033568,1.115718742973462,0.09828631132459593,-0.0099940695152958,-0.0010724602446435805,0.009388268828250945,0.009926390525727413,1
2024-03-07,0.009926390525727413,0.013245895285341147,0.033547347837189934,0.007701333884756086,0.020624154440220588,1.7583485772871394,-0.5126245004486027,0.00506719125229993,-0.0099940695152958,-0.0010724602446435805,-0.006002209546901227,0
2024-03-08,-0.006002209546901227,-0.002203401602370203,0.026890345220822454,0.007888358338910191,0.013152392130608703,1.1165834659897809,1.2141368020149257,0.009926390525727413,0.00506719125229993,-0.0099940695152958,-0.0008598013825016348,0
2024-03-11,-0.0008598013825016348,-0.0019909835031393097,0.020111726026541543,0.007831956154003937,0.01127216682016674,0.9450970250384196,-0.35425177575915,-0.006002209546901227,0.009926390525727413,0.00506719125229993,0.010757473089254121,1
2024-03-12,0.010757473089254121,0.018928312016049942,0.031538285153162926,0.008116773130893132,0.02055621579649114,1.6218397242983567,0.2870462460670134,-0.0008598013825016348,-0.006002209546901227,0.009926390525727413,-0.0015676510887688844,0
2024-03-13,-0.0015676510887688844,0.01220196698567011,0.04430438543957593,0.007321137139476609,0.016758666706509606,1.4013624993134546,-0.9677706927872824,0.010757473089254121,-0.0008598013825016348,-0.006002209546901227,-0.0019768221201301728,0
2024-03-14,-0.0019768221201301728,0.000271933899482546,0.03285388147289181,0.007189769745705994,0.013113652714521029,1.1281761739734053,2.8279555330854933,-0.0015676510887688844,0.010757473089254121,-0.0008598013825016348,-0.006866463700680225,0
2024-03-15,-0.006866463700680225,-0.000597775452071514,0.018732781748075356,0.007317741054554939,0.00522723215503107,0.46211793854146793,2.165553361577138,-0.0019768221201301728,-0.0015676510887688844,0.010757473089254121,0.005943093761497487,1
2024-03-18,0.005943093761497487,0.006206903760802129,0.029916226283755565,0.007258956304698541,0.00971848838037781,0.9079634782969016,1.012613419385334,-0.006866463700680225,-0.0019768221201301728,-0.0015676510887688844,0.005557150184218873,1
2024-03-19,0.005557150184218873,0.0010299934255868504,0.04137271414768651,0.007117165235202935,0.013285946773726964,1.405343019474534,-0.5398762405700771,0.005943093761497487,-0.006866463700680225,-0.0019768221201301728,0.009249220596904362,1
2024-03-20,0.009249220596904362,0.01187500761628546,0.05005357411355482,0.007288836838484651,0.02017150159994685,2.3455698105588247,-0.0747060130624713,0.005557150184218873,0.005943093761497487,-0.006866463700680225,0.0033048525344137047,1
2024-03-21,0.0033048525344137047,0.017229988041335798,0.03216273179166196,0.005906409559372323,0.021913365728596146,2.231023517222941,-0.5540956385197181,0.009249220596904362,0.005557150184218873,0.005943093761497487,-0.0018959932670662427,0
2024-03-22,-0.0018959932670662427,0.02232105726308964,0.02949569444983524,0.005955493193371112,0.018487664456160013,1.7594935268009142,0.45468510564730447,0.0033048525344137047,0.009249220596904362,0.005557150184218873,-0.0027627136540651076,0
2024-03-25,-0.0027627136540651076,0.013473508831570946,0.03042544362128452,0.005917949184031406,0.014153158456779336,1.3503607858506115,-1.2522010600104982,-0.0018959932670662427,0.0033048525344137047,0.009249220596904362,-0.0018469718880519403,0
2024-03-26,-0.0018469718880519403,0.006011096998462362,0.02661495703318928,0.005964496527695904,0.010953507012444241,1.0667324336369017,-0.3649843199870105,-0.0027627136540651076,-0.0018959932670662427,0.0033048525344137047,0.008403804513425595,1
2024-03-27,0.008403804513425595,0.0051683933884885125,0.036612522008628856,0.006130965298053606,0.01761732940456029,1.7021686816083879,0.5863430531698984,-0.0018469718880519403,-0.0027627136540651076,-0.0018959932670662427,-0.00019109890074997526,0
2024-03-28,-0.00019109890074997526,0.0016659485646932648,0.03270196030216255,0.006131641486141934,0.015786526924698396,1.5155882474897575,1.2860095392569333,0.008403804513425595,-0.0018469718880519403,-0.0027627136540651076,-0.0017396918837007114,0
2024-04-01,-0.0017396918837007114,0.001822807742068333,0.021316978728384006,0.005890549273090026,0.012947436806363344,1.2087706211729004,-0.5905233619918473,-0.00019109890074997526,0.008403804513425595,-0.0018469718880519403,-0.00635813544951469,0
2024-04-02,-0.00635813544951469,-0.0017891466116769505,0.01591283316633385,0.006106426942956014,0.005714200246706325,0.5408655589449239,0.003082706093044673,-0.0017396918837007114,-0.00019109890074997526,0.008403804513425595,0.0010984144691581488,1
2024-04-03,0.0010984144691581488,0.0011564103784675872,0.027295590061518826,0.005552343414818702,0.005473993530798138,0.573746151946786,-0.8326612327902645,-0.00635813544951469,-0.0017396918837007114,-0.00019109890074997526,-0.012206091188928014,0
2024-04-04,-0.012206091188928014,-0.01930536208539102,0.009640285986125985,0.006245791164842045,-0.007269632738984955,-0.8168918726677292,1.2232752819963417,0.0010984144691581488,-0.00635813544951469,-0.0017396918837007114,0.010446918952096151,1
2024-04-05,0.010446918952096151,-0.008870720970618029,0.010160666950712383,0.006288087231092785,0.0025955484909341298,0.29620377573684536,-0.06649047075131846,-0.012206091188928014,0.0010984144691581488,-0.00635813544951469,0.0005594350805937509,1
2024-04-08,0.0005594350805937509,-0.006588017719781569,0.016829007038452692,0.006097942213537602,0.0023243700975084103,0.28405823656178353,-1.3850536168248826,0.010446918952096151,-0.012206091188928014,0.0010984144691581488,0.0011566713940918127,1
2024-04-09,0.0011566713940918127,0.0009250505488720417,0.018881179510324753,0.006084797871815165,0.002551565350542351,0.3454235774700585,-0.3312718193554138,0.0005594350805937509,0.010446918952096151,-0.012206091188928014,-0.010013165291547943,0
2024-04-10,-0.010013165291547943,-0.010184604978412115,-0.002056397599971116,0.006095899719896509,-0.007385644104955458,-0.9873312081863287,0.44234716409428043,0.0011566713940918127,0.0005594350805937509,0.010446918952096151,0.007546924360555707,1
2024-04-11,0.007546924360555707,0.00960883443701488,0.007053716137994881,0.006315973436969048,-0.00024462540965564106,-0.033511823716275264,-0.29316680479543716,-0.010013165291547943,0.0011566713940918127,0.0005594350805937509,-0.013803149534362014,0
2024-04-12,-0.013803149534362014,-0.014621120566481571,-0.004879620917429994,0.007057386669100433,-0.013806001674199875,-1.7948118475277095,1.1111133911581668,0.007546924360555707,-0.010013165291547943,0.0011566713940918127,-0.012527984189282027,0
2024-04-15,-0.012527984189282027,-0.02750997662308141,-0.010552467728941806,0.00744108849354495,-0.02565504704586752,-2.8349545788524386,1.2325972763170052,-0.013803149534362014,0.007546924360555707,-0.010013165291547943,-0.0018239117772687052,0
2024-04-16,-0.0018239117772687052,-0.030405215181455003,-0.018192109087511343,0.00728801521437565,-0.0265550486585453,-2.463517689300789,0.04167623818268035,-0.012527984189282027,-0.013803149534362014,0.007546924360555707,-0.005918175894986888,0
2024-04-17,-0.005918175894986888,-0.026394575621826788,-0.02939641079556854,0.007204781203294452,-0.030895942797079412,-2.377198671163452,0.1594651882854053,-0.0018239117772687052,-0.012527984189282027,-0.013803149534362014,-0.0020578310250617404,0
2024-04-18,-0.0020578310250617404,-0.03567577306997283,-0.04027049884401812,0.006748915941482172,-0.030923931209623,-2.0882421167715775,0.046688577972873985,-0.005918175894986888,-0.0018239117772687052,-0.012527984189282027,-0.008728210296204963,0
2024-04-19,-0.008728210296204963,-0.030713389692615833,-0.051780943908283694,0.0067844308510595025,-0.03685599953817975,-2.178644794056471,1.7282799782555316,-0.0020578310250617404,-0.005918175894986888,-0.0018239117772687052,0.009209133674185965,1
2024-04-22,0.009209133674185965,-0.00937658525220364,-0.04123084801148358,0.0072839743249342075,-0.025950493929576157,-1.4642957615617127,-0.4891349535794806,-0.008728210296204963,-0.0020578310250617404,-0.005918175894986888,0.011866636838578914,1
2024-04-23,0.011866636838578914,0.004210374182728627,-0.027165820401686136,0.007918487441123704,-0.013033611708824555,-0.7346240691404398,-0.8196447879093861,0.009209133674185965,-0.008728210296204963,-0.0020578310250617404,-0.00047465236734567373,0
2024-04-24,-0.00047465236734567373,0.009709360952239843,-0.025828310723838066,0.007919866504603504,-0.012210289851452782,-0.6880089361363804,-1.350336533105373,0.011866636838578914,0.009209133674185965,-0.008728210296204963,-0.0037988981322694126,0
2024-04-25,-0.0037988981322694126,0.007947764127446577,-0.037616770264435995,0.007598271420170785,-0.014066696763063602,-0.8135153533500118,-0.40537634011039403,-0.00047465236734567373,0.011866636838578914,0.009209133674185965,0.00947376696647173,1
2024-04-26,0.00947376696647173,0.02645594974836074,-0.028313687627312567,0.008008145862414558,-0.0032809020352060347,-0.20052096908842162,-0.6568341777252621,-0.0037988981322694126,-0.00047465236734567373,0.011866636838578914,0.0035416125445661972,1
2024-04-29,0.0035416125445661972,0.020691573872526847,-0.02317297314362865,0.008083237117242435,0.001437226379991996,0.09344971201241475,-1.7465449981451437,0.00947376696647173,-0.0037988981322694126,-0.00047465236734567373,-0.015841226193612834,0
2024-04-30,-0.015841226193612834,-0.007257941703292969,-0.03249558692173993,0.00866276438452866,-0.012792817698048742,-0.8490909750790654,0.3095363354127725,0.0035416125445661972,0.00947376696647173,-0.0037988981322694126,-0.003247212585474224,0
2024-05-01,-0.003247212585474224,-0.010011685912197255,-0.03669538715334708,0.008645614121602155,-0.014150820665296271,-0.9689714225194862,0.43048563628611575,-0.015841226193612834,0.0035416125445661972,0.00947376696647173,0.00935338761440474,1
2024-05-02,0.00935338761440474,0.0030585758736403346,-0.015670408970583027,0.008628092196701981,-0.00414100120825267,-0.287156322869605,-0.6889143334747152,-0.003247212585474224,-0.015841226193612834,0.0035416125445661972,0.012395333312771761,1
2024-05-03,0.012395333312771761,0.005961575708342659,-0.013772355866726316,0.008771035093894014,0.008913239332505984,0.65512649620607,0.04919027044862212,0.00935338761440474,-0.003247212585474224,-0.015841226193612834,0.010326857473233364,1
2024-05-06,0.010326857473233364,0.012763182731594824,-0.004144839861371041,0.00910776728159143,0.019548416977904548,1.475394363267458,-1.7623925923492205,0.012395333312771761,0.00935338761440474,-0.003247212585474224,0.0011034234216742433,1
2024-05-07,0.0011034234216742433,0.03020032573269571,-0.004197805865208348,0.00910736738178572,0.020893037878794374,1.6253525467362264,-1.2718905227056725,0.010326857473233364,0.012395333312771761,0.00935338761440474,9.6724183415553e-05,1
2024-05-08,9.6724183415553e-05,0.033656473327201564,0.005971470905622445,0.008807977691078406,0.020682483886223846,1.556824817572674,-1.720218076543858,0.0011034234216742433,0.010326857473233364,0.012395333312771761,0.005761804102417667,1
2024-05-09,0.005761804102417667,0.029978412112749098,0.004189141955571518,0.008739826073151142,0.026343691585953177,1.9245227472350603,-1.4440556207249056,9.6724183415553e-05,0.0011034234216742433,0.010326857473233364,0.0012880481984767211,1
2024-05-10,0.0012880481984767211,0.0186782179015903,0.019555665277224632,0.008090428580791896,0.026653841748400575,1.7854154364368962,-0.8483280317020738,0.005761804102417667,9.6724183415553e-05,0.0011034234216742433,0.00013454817417346554,1
2024-05-13,0.00013454817417346554,0.008401658987740923,0.032629612084029036,0.007445850353118966,0.0251289529556471,1.5725184254044458,-1.6398983588028235,0.0012880481984767211,0.005761804102417667,9.6724183415553e-05,0.004587980893119736,1
2024-05-14,0.004587980893119736,0.01191161955009079,0.03926282071231468,0.007427184683579033,0.0278327543194814,1.6267140776970073,-0.29906819723431555,0.00013454817417346554,0.0012880481984767211,0.005761804102417667,0.012382947312628012,1
2024-05-15,0.012382947312628012,0.024342989080859523,0.058395729559203025,0.007532932346422054,0.037581887001140624,1.998361893449656,-0.12663181732557927,0.004587980893119736,0.00013454817417346554,0.0012880481984767211,-0.0020574030719894276,0
2024-05-16,-0.0020574030719894276,0.016379324109089488,0.058396183436910665,0.007532917616414329,0.032497833339348414,1.6577974769779054,-0.6467145065296582,0.012382947312628012,0.004587980893119736,0.00013454817417346554,0.001437543393062457,1
2024-05-17,0.001437543393062457,0.016531072474710973,0.06925031549053795,0.00703578914837409,0.030531556794505255,1.5798280877911695,0.08958840803927885,-0.0020574030719894276,0.012382947312628012,0.004587980893119736,0.0011521723456615618,1
2024-05-20,0.0011521723456615618,0.017565379900954303,0.06071401894409689,0.006913887169660275,0.02868149970993006,1.479697893996817,-1.5032807812496596,0.001437543393062457,-0.0020574030719894276,0.012382947312628012,0.002452466390780561,1
2024-05-21,0.002452466390780561,0.015402278542798742,0.05084538388176507,0.0065894642892684084,0.028638109223114938,1.4318594066935277,-1.6133455639615903,0.0011521723456615618,0.001437543393062457,-0.0020574030719894276,-0.002879396361313069,0
2024-05-22,-0.002879396361313069,9.441645013796851e-05,0.048317169733456344,0.006668135572245806,0.023257596583451168,1.1594230093642348,-0.46609739330792377,0.002452466390780561,0.0011521723456615618,0.001437543393062457,-0.007304162035511652,0
2024-05-23,-0.007304162035511652,-0.005163655867880257,0.044628528627432384,0.006881818450671575,0.013584271181166674,0.7073483244175987,0.24017017215443898,-0.002879396361313069,0.002452466390780561,0.0011521723456615618,0.006616275224273771,1
2024-05-24,0.006616275224273771,-1.9060804320902847e-05,0.04167152519465622,0.006751460319447145,0.01821244628318497,0.9566406684256673,-0.886408748239571,-0.007304162035511652,-0.002879396361313069,0.002452466390780561,0.0006989884084422915,1
2024-05-28,0.0006989884084422915,-0.00047171456834094183,0.038720894565674735,0.006748661388059359,0.016992747149228382,0.89932722927208,-1.1893201751036546,0.006616275224273771,-0.007304162035511652,-0.002879396361313069,-0.007002511477218976,0
2024-05-29,-0.007002511477218976,-0.00989911201015814,0.048049630844186675,0.005737851488466323,0.007538827787095359,0.4462940309066586,-0.4562864943831507,0.0006989884084422915,0.006616275224273771,-0.007304162035511652,-0.006633697151315676,0
2024-05-30,-0.006633697151315676,-0.013626982573054947,0.04448886437941857,0.00595792846738052,-0.001273681422771511,-0.0929063995914261,-0.2682659106063556,-0.007002511477218976,0.0006989884084422915,0.006616275224273771,0.009107973224684152,1
2024-05-31,0.009107973224684152,0.0026806181641585436,0.04423490714266953,0.005942643718985532,0.005675952792911776,0.5141851298745724,2.972669889525872,-0.006633697151315676,-0.007002511477218976,0.0006989884084422915,0.000815478230855593,1
2024-06-03,0.000815478230855593,-0.003097498938020693,0.032290868585496124,0.005438003869236724,0.004914124492394922,0.5228832752586947,-0.19102522918896966,0.009107973224684152,-0.006633697151315676,-0.007002511477218976,0.0011180085718740518,1
2024-06-04,0.0011180085718740518,-0.002680068468159824,0.022881823818705405,0.0050355536840430044,0.004906854662536597,0.5686054517308898,-1.0803532794005901,0.000815478230855593,0.009107973224684152,-0.006633697151315676,0.011885059841088896,1
2024-06-05,0.011885059841088896,0.016289719020426974,0.03389800822725242,0.005578807451293602,0.015158011589633924,1.7871382105424727,-0.05702888438360198,0.0011180085718740518,0.000815478230855593,0.009107973224684152,-1.875747881197043e-05,0
2024-06-06,-1.875747881197043e-05,0.023057308339520244,0.033778623514077566,0.00558059507506225,0.013458170969232741,1.6851115481886638,-1.2655899066629828,0.011885059841088896,0.0011180085718740518,0.000815478230855593,-0.0012157418997532643,0
2024-06-07,-0.0012157418997532643,0.012590884044486828,0.02660670878018312,0.0055296719200876405,0.010900069598896556,1.4147916898495667,-0.3381603347686775,-1.875747881197043e-05,0.011885059841088896,0.0011180085718740518,0.003089653838339146,1
2024-06-10,0.003089653838339146,0.01489181717246435,0.02845386998398114,0.005543638600002625,0.012602990903885614,1.6676386039821338,-0.8248329501135148,-0.0012157418997532643,-1.875747881197043e-05,0.011885059841088896,0.0024083392358962286,1
2024-06-11,0.0024083392358962286,0.01619990075616773,0.03079204460381879,0.005539237919950775,0.013505130277979616,1.835264559064325,-0.7717288593815063,0.003089653838339146,-0.0012157418997532643,-1.875747881197043e-05,0.008213110344904795,1
2024-06-12,0.008213110344904795,0.012512293475761993,0.03451173334251667,0.005701434143918205,0.02009048500928534,2.435801472065791,1.1509749438839247,0.0024083392358962286,0.003089653838339146,-0.0012157418997532643,0.0020136256376885875,1
2024-06-13,0.0020136256376885875,0.014570144966377097,0.023915757809737093,0.005122158850277289,0.020925866360471,2.182124314183396,-0.1250534734033319,0.008213110344904795,0.0024083392358962286,0.003089653838339146,0.0006083855988368025,1
2024-06-14,0.0006083855988368025,0.01642310298576155,0.026650928184718703,0.0050674668057947795,0.020194285194218287,1.9001711946135802,-0.42890100713200463,0.0020136256376885875,0.008213110344904795,0.0024083392358962286,0.00795894271556774,1
2024-06-17,0.00795894271556774,0.02135711630250592,0.03333651802672599,0.00528022283605574,0.026611088370350977,2.1691698361137464,0.7423760057941112,0.0006083855988368025,0.0020136256376885875,0.008213110344904795,0.0025404907177681846,1
2024-06-18,0.0025404907177681846,0.02149176587709234,0.034769467094982076,0.005282400716408828,0.027442583453249236,1.990288022975293,-0.34184373442105614,0.00795894271556774,0.0006083855988368025,0.0020136256376885875,-0.0027163301738238887,0
2024-06-20,-0.0027163301738238887,0.010418379327193694,0.02943403918593135,0.0053705707569048,0.023152929210882967,1.5678756471368964,1.5911940915203489,0.0025404907177681846,0.00795894271556774,0.0006083855988368025,-0.001340722202359701,0
2024-06-21,-0.001340722202359701,0.007035895674754045,0.03102257676971254,0.005315800289162954,0.020212868090274005,1.3168761779624691,1.0753120516502856,-0.0027163301738238887,0.0025404907177681846,0.00795894271556774,-0.0032506247891551654,0
2024-06-24,-0.0032506247891551654,0.003152096539726701,0.035232615995161476,0.0050303764450802205,0.015139911581058652,0.9979484864065903,-0.17260613133963157,-0.001340722202359701,-0.0027163301738238887,0.0025404907177681846,0.003850753763464221,1
2024-06-25,0.003850753763464221,-0.0009365009076863773,0.032388475594365085,0.0049263545106770215,0.0174226162026323,1.1316648434407437,-0.6801217958970375,-0.0032506247891551654,-0.001340722202359701,-0.0027163301738238887,0.0012481564062454265,1
2024-06-26,0.0012481564062454265,-0.0022243531702346164,0.03295503428850233,0.004922558902179438,0.017039828630213805,1.0957847540660515,-0.6496995953434734,0.003850753763464221,-0.0032506247891551654,-0.001340722202359701,0.001576461654494432,1
2024-06-27,0.001576461654494432,0.0020705563653364845,0.04187921948318207,0.004484678754741906,0.016561984906987348,1.0954532480839911,-0.8405180241466268,0.0012481564062454265,0.003850753763464221,-0.0032506247891551654,-0.0039352939017182065,0
2024-06-28,-0.0039352939017182065,-0.0005328780232566332,0.044709404343972414,0.004243371508624631,0.010372361007371378,0.7702949414566919,1.6876602253785267,0.001576461654494432,0.0012481564062454265,0.003850753763464221,0.0020583686249009414,1
2024-07-01,0.0020583686249009414,0.0047905909450762785,0.037411088982569396,0.00391960401900436,0.01060716495988312,0.852153691553922,-0.47813706934147876,-0.0039352939017182065,0.001576461654494432,0.0012481564062454265,0.006729546958287536,1
2024-07-02,0.006729546958287536,0.0076720793581603886,0.04354141031781533,0.004058443670873281,0.0152531673895413,1.3247316567482421,-0.44015034403499464,0.0020583686249009414,-0.0039352939017182065,0.001576461654494432,0.004462748330993138,1
2024-07-03,0.004462748330993138,0.010907295831092734,0.04702788685254111,0.004082907218577289,0.01745380334826918,1.652853893403262,-1.0182799524025425,0.006729546958287536,0.0020583686249009414,-0.0039352939017182065,0.005766483695770486,1
2024-07-05,0.005766483695770486,0.015136352736266012,0.040696812201646226,0.003517665631905694,0.021277494577318867,1.9362078941254812,-0.32446502321554177,0.004462748330993138,0.006729546958287536,0.0020583686249009414,0.0011537588069578941,1
2024-07-08,0.0011537588069578941,0.02032284551523844,0.041917069051443434,0.0034918844279240055,0.020357227222380203,1.8282896123253183,-0.7735887627099441,0.005766483695770486,0.004462748330993138,0.006729546958287536,0.0009726223243602394,1
2024-07-09,0.0009726223243602394,0.019217309361296175,0.044199938469852595,0.0034172929967102093,0.01914662598523309,1.7675504060744271,-1.3333834581541764,0.0011537588069578941,0.005766483695770486,0.004462748330993138,0.009895168120173325,1
2024-07-10,0.009895168120173325,0.02242219779714527,0.051284367630450856,0.0038278128681523424,0.02665391247414539,2.321215358211913,-0.4978153079653238,0.0009726223243602394,0.0011537588069578941,0.005766483695770486,-0.00862234298031439,0
2024-07-11,-0.00862234298031439,0.009103149540639066,0.039715844779732334,0.0045667058121354395,0.015827045838710196,1.440586597508104,0.5195098381047417,0.009895168120173325,0.0009726223243602394,0.0011537588069578941,0.006307400352236314,1
2024-07-12,0.006307400352236314,0.009645860707224285,0.03775058876926951,0.0044476781117520296,0.020337153349073933,1.7780143554274441,0.582287374221956,-0.00862234298031439,0.009895168120173325,0.0009726223243602394,0.002750064461609192,1
2024-07-15,0.002750064461609192,0.011255706729839776,0.038513292792011544,0.004452029420100321,0.02120575096965638,1.772326045040095,-0.3801333164669963,0.006307400352236314,-0.00862234298031439,0.009895168120173325,0.005930114860369873,1
2024-07-16,0.005930114860369873,0.01626412804556865,0.04403661905859546,0.004529091928271229,0.025040915243371487,1.96111659309021,-0.681424409024725,0.002750064461609192,0.006307400352236314,-0.00862234298031439,-0.014021126594645938,0
2024-07-17,-0.014021126594645938,-0.007802996109187665,0.021269821447291504,0.005591742820095354,0.009606125157113787,0.7550725357875938,0.9090676695550527,0.005930114860369873,0.002750064461609192,0.006307400352236314,-0.007684866404461421,0
2024-07-18,-0.007684866404461421,-0.006864744734252026,0.010853435536556155,0.005908496620697346,0.0013088960414395778,0.1043349104099587,0.7749800250491239,-0.014021126594645938,0.005930114860369873,0.002750064461609192,-0.00664064103061246,0
2024-07-19,-0.00664064103061246,-0.01964330164384631,0.006875727656921793,0.006085417681655173,-0.005678123831115767,-0.4622167464194914,1.5464267891576087,-0.007684866404461421,-0.014021126594645938,0.005930114860369873,0.010309854435858412,1
2024-07-22,0.010309854435858412,-0.012252336534908426,0.01862215918870347,0.006460109105723476,0.003651570863775211,0.3076784520649805,-0.12052936762196814,-0.00664064103061246,-0.007684866404461421,-0.014021126594645938,-0.0015683944689509621,0
2024-07-23,-0.0015683944689509621,-0.01961530833592262,0.02034130456630323,0.006413418796915384,0.0010775129926463567,0.09718738662775946,-0.8043624524459844,0.010309854435858412,-0.00664064103061246,-0.007684866404461421,-0.022662644692026945,0
2024-07-24,-0.022662644692026945,-0.02820779675927987,-0.006607637263087995,0.008270370244543747,-0.02129108641879618,-1.8292517513957425,2.059288475736407,-0.0015683944689509621,0.010309854435858412,-0.00664064103061246,-0.0052103090560375875,0
2024-07-25,-0.0052103090560375875,-0.02578441787866459,-0.013015429601263118,0.008332645511797302,-0.025765049666485185,-2.022817650215417,0.99102488246487,-0.022662644692026945,-0.0015683944689509621,0.010309854435858412,0.01119966931668226,1
2024-07-26,0.01119966931668226,-0.008287921597352033,-0.0035324217192361784,0.008734409442996591,-0.0146818896765335,-1.135842387951399,0.40649285772613186,-0.0052103090560375875,-0.022662644692026945,-0.0015683944689509621,0.0005878019729350648,1
2024-07-29,0.0005878019729350648,-0.01783101059328074,0.0009925035842639485,0.008689422545446008,-0.014150902915097241,-1.0997778354172847,-0.551463126910128,0.01119966931668226,-0.0052103090560375875,-0.022662644692026945,-0.00506655567459402,0
2024-07-30,-0.00506655567459402,-0.02127219318114637,-0.006124842107072204,0.0087501302062616,-0.018849229076603136,-1.421500067030477,0.018695134101150826,0.0005878019729350648,0.01119966931668226,-0.0052103090560375875,0.016254617127424487,1
2024-07-31,0.016254617127424487,0.017700435974059125,0.003278607555148083,0.009387210934666382,-0.0030634205194509656,-0.2321095148966664,1.3855060547708826,-0.00506655567459402,0.0005878019729350648,0.01119966931668226,-0.014160758032394472,0
2024-08-01,-0.014160758032394472,0.008543851513721057,-0.015322943934043431,0.009854746879687912,-0.016428659561362413,-1.1943338051410317,1.9098947160277977,0.016254617127424487,-0.00506655567459402,0.0005878019729350648,-0.018618599406991176,0
2024-08-02,-0.018618599406991176,-0.021196102420764085,-0.039196708103753086,0.010496841685053519,-0.032837110759622035,-2.0830455954289278,1.9851109378580925,-0.014160758032394472,0.016254617127424487,-0.00506655567459402,-0.029123578985874254,0
2024-08-05,-0.029123578985874254,-0.05026063371686995,-0.0682537491079982,0.012089015559109273,-0.05776377938026356,-2.780123958381803,3.451306136261695,-0.018618599406991176,-0.014160758032394472,0.016254617127424487,0.009219365727974216,1
2024-08-06,0.009219365727974216,-0.03662363918519529,-0.06057734310346341,0.012385128406749298,-0.046152513739957435,-1.97874580032044,0.9600285271448384,-0.029123578985874254,-0.018618599406991176,-0.014160758032394472,-0.00668404557605129,0
2024-08-07,-0.00668404557605129,-0.05836874619361143,-0.0759996260011565,0.01202288428293584,-0.048821799568620206,-1.9233948425993186,0.3449168975742333,0.009219365727974216,-0.029123578985874254,-0.018618599406991176,0.023117545999794764,1
2024-08-08,0.023117545999794764,-0.022762113112596793,-0.04641688416645684,0.013381350374718019,-0.024522467422614103,-0.9565639080434957,0.02611801650115732,-0.00668404557605129,0.009219365727974216,-0.029123578985874254,0.004409692610797711,1
2024-08-09,0.004409692610797711,0.00016895060686206165,-0.04821516375814916,0.013323796219777848,-0.017783379421795753,-0.7086007396559808,-0.6656847002387988,0.023117545999794764,-0.00668404557605129,0.009219365727974216,0.0005252878444923503,1
2024-08-12,0.0005252878444923503,0.030712360028048336,-0.05032686509155593,0.013287922994832958,-0.01470177488422697,-0.6117185592048636,-0.7954704810044891,0.004409692610797711,0.023117545999794764,-0.00668404557605129,0.01644584760098433,1
2024-08-13,0.01644584760098433,0.03809274177553612,-0.04039922824073461,0.013835575991789691,0.0036180812619570624,0.1660613643450428,-0.44531638856551176,0.0005252878444923503,0.004409692610797711,0.023117545999794764,0.003154664310888844,1
2024-08-14,0.003154664310888844,0.04837496192571078,-0.023682944907398973,0.013578764125252267,0.00801504650886331,0.3886327084999629,-0.8085796228914984,0.01644584760098433,0.0005252878444923503,0.004409692610797711,0.017140048186923273,1
2024-08-15,0.017140048186923273,0.04224989930071543,0.0007417430634135691,0.014071781439524297,0.02525351642644935,1.2216798400515252,-0.07281585535551527,0.003154664310888844,0.01644584760098433,0.0005252878444923503,0.002242219842832238,1
2024-08-16,0.002242219842832238,0.040000768999834735,0.009690619010083612,0.013986712892781427,0.02704592134096595,1.2748442197822902,-0.6870172506080634,0.017140048186923273,0.003154664310888844,0.01644584760098433,0.00956131738916266,1
2024-08-19,0.00956131738916266,0.049393312885865015,0.00894254075398071,0.013960270667840911,0.036389610646055504,1.6598560607104909,-0.884773320858185,0.002242219842832238,0.017140048186923273,0.003154664310888844,-0.0016260605567995912,0
2024-08-20,-0.0016260605567995912,0.03073561497050048,0.008884267589482464,0.013960734594307567,0.03423320033214505,1.5175578269556547,-1.0958754503683203,0.00956131738916266,0.002242219842832238,0.017140048186923273,0.003436571382049669,1
2024-08-21,0.003436571382049669,0.031025272855465857,0.03582592529912465,0.012854152756759675,0.035928248189985856,1.4939499490763086,-0.7165947549662078,-0.0016260605567995912,0.00956131738916266,0.002242219842832238,-0.00784851342649362,0
2024-08-22,-0.00784851342649362,0.005695586347041148,0.033078891923092435,0.012943539941944863,0.026109299280242082,1.0547273795650838,-0.13076191885010374,0.003436571382049669,-0.0016260605567995912,0.00956131738916266,0.010625273593212858,1
2024-08-23,0.010625273593212858,0.014107525087947215,0.03249206805879257,0.01292199096453378,0.03532263942474967,1.3556997588057955,-0.34002534397250633,-0.00784851342649362,0.003436571382049669,-0.0016260605567995912,-0.0023838081109496256,0
2024-08-26,-0.0023838081109496256,0.002108608876388196,0.02942570663111499,0.012952254306242967,0.031332190729055354,1.1591531812628626,-0.9109380318441571,0.010625273593212858,-0.00784851342649362,0.003436571382049669,0.0013730708321384455,1
2024-08-27,0.0013730708321384455,0.005118959272435442,0.036088581524850394,0.012859320517848384,0.030894104695052382,1.1059617532460497,-0.9832098053069026,-0.0023838081109496256,0.010625273593212858,-0.00784851342649362,-0.005805297076289628,0
2024-08-28,-0.005805297076289628,-0.004138404343268287,0.013598129987723029,0.012500087697060831,0.024205323179861127,0.8532237251443023,-0.6107129032373374,0.0013730708321384455,-0.0023838081109496256,0.010625273593212858,8.975285398959976e-05,1
2024-08-29,8.975285398959976e-05,0.003829546752720292,0.0282499013627191,0.0120016285660074,0.022858020447663607,0.7930862400487522,-0.630812839479352,-0.005805297076289628,0.0013730708321384455,-0.0023838081109496256,0.009545959576122476,1
2024-08-30,0.009545959576122476,0.002757490344782454,0.057759534395107615,0.011143018102349212,0.029719048738584997,1.0230689820843606,0.33043554135641734,8.975285398959976e-05,-0.005805297076289628,0.0013730708321384455,-0.020579137680261428,0
2024-09-03,-0.020579137680261428,-0.01553161037677897,0.06706861231838324,0.00995193633352462,0.005341929085951103,0.2057014991819686,0.7734137777063328,0.009545959576122476,8.975285398959976e-05,-0.005805297076289628,-0.00204671790647859,0
2024-09-04,-0.00204671790647859,-0.018893667945952708,0.05515674792267067,0.009917917408415992,0.0006602867253464595,0.0284746072689178,-0.08001847552303962,-0.020579137680261428,0.009545959576122476,8.975285398959976e-05,-0.00243218058308603,0
2024-09-05,-0.00243218058308603,-0.015564957844696026,0.05967332094115729,0.009749539090896812,-0.0045713049284258345,-0.24413124648436055,-0.26096921386767197,-0.00204671790647859,-0.020579137680261428,0.009545959576122476,-0.016830090287505373,0
2024-09-06,-0.016830090287505373,-0.03221994950791984,0.018298364003099366,0.009488304565474146,-0.022184270696380848,-1.2948405015739837,2.1069496079059062,-0.00243218058308603,-0.00204671790647859,-0.020579137680261428,0.01119602096035166,1
2024-09-09,0.01119602096035166,-0.03063815278574311,0.025178531634671986,0.00973663924460621,-0.012435734229556683,-0.8170493889633009,-0.6165526354688704,-0.016830090287505373,-0.00243218058308603,-0.00204671790647859,0.0043556871607624,1
2024-09-10,0.0043556871607624,-0.005959417833527825,0.029103313141282783,0.009758469541279772,-0.009523367909230918,-0.7443345731957691,-0.95980288139604,0.01119602096035166,-0.016830090287505373,-0.00243218058308603,0.010259192298234021,1
2024-09-11,0.010259192298234021,0.006298244287006538,0.02283961745660834,0.0093485708608119,-0.0004785363841320889,-0.04083907959321017,2.2497827968409987,0.0043556871607624,0.01119602096035166,-0.016830090287505373,0.008423121701785385,1
2024-09-12,0.008423121701785385,0.017248549036066985,0.02821145804511116,0.009480689732165083,0.006548735343944401,0.6033053302053684,0.30421701386669975,0.010259192298234021,0.0043556871607624,0.01119602096035166,0.005222895000991157,1
2024-09-13,0.005222895000991157,0.040065934988406715,0.016164588516282663,0.008791085517340981,0.010992224978704446,0.9898774601856792,-0.641426412167041,0.008423121701785385,0.010259192298234021,0.0043556871607624,0.0014767043578509664,1
2024-09-16,0.0014767043578509664,0.030069129324527655,0.015388439086136962,0.008786319485020353,0.0117089562713657,1.0258897893262897,-0.8156272567299508,0.005222895000991157,0.008423121701785385,0.010259192298234021,0.00040873357753001827,1
2024-09-17,0.00040873357753001827,0.026021126119151416,0.0061830271611509335,0.008540939503884177,0.011807827475217803,1.0125825284805205,0.1803296444361971,0.0014767043578509664,0.005222895000991157,0.008423121701785385,-0.002965935955357324,0
2024-09-18,-0.002965935955357324,0.01258966111762927,0.004832671516560083,0.008562425740715349,0.008562203903925036,0.7259476619278815,0.8901386976533603,0.00040873357753001827,0.0014767043578509664,0.005222895000991157,0.017064380731744544,1
2024-09-19,0.017064380731744544,0.021266623559753395,0.018479441493173487,0.009334600148690194,0.024819008490827077,1.902731046252304,1.9036863411471117,-0.002965935955357324,0.00040873357753001827,0.0014767043578509664,-0.001728493464093095,0
2024-09-20,-0.001728493464093095,0.014204288368132145,0.024761863681300733,0.009128777339815203,0.02178466713364635,1.5566014021699133,1.8092335878609869,0.017064380731744544,-0.002965935955357324,0.00040873357753001827,0.002498904393147816,1
2024-09-23,0.002498904393147816,0.015239479356456531,0.01652182312025996,0.00886726017839071,0.02348601546311202,1.573360943118137,-0.4588344289683263,-0.001728493464093095,0.017064380731744544,-0.002965935955357324,0.0028611588420435208,1
2024-09-24,0.0028611588420435208,0.01772826105651415,0.021866186426118484,0.008843893644263773,0.025288424907629725,1.5784626534858384,-0.32148965326048456,0.002498904393147816,-0.001728493464093095,0.017064380731744544,-0.002205574021654777,0
2024-09-25,-0.002205574021654777,0.01850440487794125,0.018214304549287075,0.008874639540707144,0.022091841034293624,1.315540465651113,-0.9523431824028479,0.0028611588420435208,0.002498904393147816,-0.001728493464093095,0.003964690943036642,1
2024-09-26,0.003964690943036642,0.005386167719016788,0.028220334079818832,0.008751822446014981,0.024701168381246363,1.3922184632286998,-0.26997360235451723,-0.002205574021654777,0.0028611588420435208,0.002498904393147816,-0.0014501814141685276,0
2024-09-27,-0.0014501814141685276,0.005666463293388713,0.02663708445332502,0.008770977609785797,0.021858735204872914,1.18578299164061,-0.7454401631211285,0.003964690943036642,-0.002205574021654777,0.0028611588420435208,0.0040071973467303845,1
2024-09-30,0.0040071973467303845,0.007179521944717715,0.021004553657945513,0.00858409068275609,0.024871958680883655,1.2894297202963867,0.8319065815308772,-0.0014501814141685276,0.003964690943036642,-0.002205574021654777,-0.008958387433809278,0
2024-10-01,-0.008958387433809278,-0.00469091980363201,0.03311869107834697,0.007345103274364168,0.014039901454798054,0.733809587336504,1.3919835601357544,0.0040071973467303845,-0.0014501814141685276,0.003964690943036642,0.0004220736754632082,1
2024-10-02,0.0004220736754632082,-0.0020698171552241407,0.03567447677838542,0.007300208107159583,0.012698514029299668,0.6782042418043938,-0.9815079230988579,-0.008958387433809278,0.0040071973467303845,-0.0014501814141685276,-0.0018282872845175602,0
2024-10-03,-0.0018282872845175602,-0.007827975658197817,0.03630143853862977,0.00728310003440446,0.009060479992827108,0.5060373201701701,-0.7747182303077388,0.0004220736754632082,-0.008958387433809278,0.0040071973467303845,0.009087314968778681,1
2024-10-04,0.009087314968778681,0.002642217138562053,0.06361944744527936,0.005981392939899629,0.01513880301707049,0.9959443719413296,-0.5598619529624044,-0.0018282872845175602,0.0004220736754632082,-0.008958387433809278,-0.009040375451706217,0
2024-10-07,-0.009040375451706217,-0.010387617063297383,0.042333935710734405,0.0062465013539956295,0.003910743704955699,0.3055886461091548,-0.1035282017470561,0.009087314968778681,-0.0018282872845175602,0.0004220736754632082,0.00945755137938109,1
2024-10-08,0.00945755137938109,0.008001763222912128,0.0476287194994216,0.006444763913449137,0.011076125380953483,1.0514550493301194,-1.0025715834328148,-0.009040375451706217,0.009087314968778681,-0.0018282872845175602,0.006926265602409165,1
2024-10-09,0.006926265602409165,0.01455523410607129,0.04417250771421721,0.006270181518186326,0.015891453160250313,1.6747973089225043,-0.8882246776840758,0.00945755137938109,-0.009040375451706217,0.009087314968778681,-0.0017499291458934474,0
2024-10-10,-0.0017499291458934474,0.01463487837835764,0.033638814281247376,0.006148710135179935,0.012443012614593574,1.403405695640756,-0.38491590849191093,0.006926265602409165,0.00945755137938109,-0.009040375451706217,0.005988234357958255,1
2024-10-11,0.005988234357958255,0.011518760246655768,0.03442578846318467,0.006174290824865713,0.016782517246564543,1.8662050594448503,-0.5417954171912951,-0.0017499291458934474,0.006926265602409165,0.00945755137938109,0.008178347889252757,1
2024-10-14,0.008178347889252757,0.02909471516491613,0.0413479194162103,0.006340474895552564,0.02301614232396565,2.343513122825495,-0.9999230319151509,0.005988234357958255,-0.0017499291458934474,0.006926265602409165,-0.007769709751462295,0
2024-10-15,-0.007769709751462295,0.011532328948386628,0.032834794071678886,0.006704941042289696,0.013432432709631792,1.417477659142098,0.34986698121846554,0.008178347889252757,0.005988234357958255,-0.0017499291458934474,0.004346629347838027,1
2024-10-16,0.004346629347838027,0.008940892457388827,0.04040993332862941,0.0066397359274698526,0.01582949786801935,1.799815413880897,-1.2810971252920647,-0.007769709751462295,0.008178347889252757,0.005988234357958255,8.568347817150546e-05,1
2024-10-17,8.568347817150546e-05,0.010796163689722027,0.023041509448827657,0.005619856385255691,0.014755604652185283,1.5860014532795343,-0.9507683981015282,0.004346629347838027,-0.007769709751462295,0.008178347889252757,0.003846655330890014,1
2024-10-18,0.003846655330890014,0.008644349393225337,0.028754993807820872,0.005607575367726122,0.017210877682875214,1.7438883899758042,-0.6697564380865267,8.568347817150546e-05,0.004346629347838027,-0.007769709751462295,-0.0016422798462758514,0
2024-10-21,-0.0016422798462758514,-0.0011808176455965214,0.024505349296573886,0.005642509119383567,0.014308408879854406,1.4011938155167385,-0.7185347195002633,0.003846655330890014,8.568347817150546e-05,0.004346629347838027,-0.00053117967032279,0
2024-10-22,-0.00053117967032279,0.0061057797987129625,0.02103979584293625,0.005641767236112517,0.01271185210344794,1.2108810136667987,-0.8622030335229475,-0.0016422798462758514,0.003846655330890014,8.568347817150546e-05,-0.009137365781024864,0
2024-10-23,-0.009137365781024864,-0.007401833048791495,0.01394651584603368,0.006050818931304946,0.002766311703538582,0.2705307807874928,0.5450371637577759,-0.00053117967032279,-0.0016422798462758514,0.003846655330890014,0.0021626945959039023,1
2024-10-24,0.0021626945959039023,-0.0053403722537241904,0.01212660331900417,0.006013105272248976,0.004330360097467345,0.42734704294449194,-0.7631479526356292,-0.009137365781024864,-0.00053117967032279,-0.0016422798462758514,-0.0003452972949489208,0
2024-10-25,-0.0003452972949489208,-0.00949396086828469,0.013246509997501876,0.005998141244610629,0.003325114742896318,0.3349758248120512,0.38174990188802216,0.0021626945959039023,-0.009137365781024864,-0.00053117967032279,0.003091322288178766,1
2024-10-28,0.003091322288178766,-0.004797586606459903,0.012322206656725232,0.005974815288207073,0.005810634616307153,0.5857467384360813,-1.1679191812410576,-0.0003452972949489208,0.0021626945959039023,-0.009137365781024864,0.0016183796278272933,1
2024-10-29,0.0016183796278272933,-0.0026572030769907995,0.023126088184368898,0.00553328148197821,0.006292678666296236,0.6731701238195222,0.432625947743163,0.003091322288178766,-0.0003452972949489208,0.0021626945959039023,-0.0030253162524023214,0
2024-10-30,-0.0030253162524023214,0.0034948187687147136,0.019600461687159676,0.005610579842333744,0.0022818190184594744,0.26655670332257625,0.1819113631340067,0.0016183796278272933,0.003091322288178766,-0.0003452972949489208,-0.019602980971893724,0
2024-10-31,-0.019602980971893724,-0.018299788810539508,0.0014441808998657546,0.007248525363421148,-0.01743550980078601,-2.075534114459306,2.4086686116010654,-0.0030253162524023214,0.0016183796278272933,0.003091322288178766,0.004220369262593282,1
2024-11-01,0.004220369262593282,-0.013816124789721829,-0.0033859010800726397,0.007008549637114778,-0.01312331160443636,-1.5187811259182011,0.5435502013406319,-0.019602980971893724,-0.0030253162524023214,0.0016183796278272933,-0.0021538928400679502,0
2024-11-04,-0.0021538928400679502,-0.01897293002425049,0.0035398762096470193,0.006711450206957192,-0.015419940138795107,-1.864531482846402,-0.3323734735852868,0.004220369262593282,-0.019602980971893724,-0.0030253162524023214,0.012091924203754711,1
2024-11-05,0.012091924203754711,-0.008714700985561818,0.00615880572723726,0.006925185755997233,-0.003818287909761575,-0.4771235011182554,-0.18261878559078887,-0.0021538928400679502,0.004220369262593282,-0.019602980971893724,0.02486548513056608,1
2024-11-06,0.02486548513056608,0.01901693737935739,0.02408435232655104,0.008746719329090708,0.019728034860106547,2.1406221252562396,2.647227859821291,0.012091924203754711,-0.0021538928400679502,0.004220369262593282,0.007732061978746874,1
2024-11-07,0.007732061978746874,0.047428765659198735,0.03381173329366183,0.008833421309434953,0.02588868129682531,2.3653078964031957,0.47863360689659246,0.02486548513056608,0.012091924203754711,-0.0021538928400679502,0.00433181667633864,1
2024-11-08,0.00433181667633864,0.04754500829934849,0.03210950261540124,0.008798806443056967,0.028683959715674945,2.2341765417896986,0.3753868994696341,0.007732061978746874,0.02486548513056608,0.012091924203754711,0.0009528857307679051,1
2024-11-11,0.0009528857307679051,0.05080652363765403,0.02471252948046576,0.008662554526814243,0.028387335036005767,1.9693560865782007,-0.5345770351573231,0.00433181667633864,0.007732061978746874,0.02486548513056608,-0.00310644007127725,0
2024-11-12,-0.00310644007127725,0.035026790644141936,0.02952845872249199,0.008467364500032127,0.02368768051872694,1.5377867753043286,0.0790452484184001,0.0009528857307679051,0.00433181667633864,0.007732061978746874,0.0004857686989643284,1
2024-11-13,0.0004857686989643284,0.010405354932703004,0.025570795305272842,0.008442786559446528,0.02287893176219269,1.4039336976206902,0.4730785897876697,-0.00310644007127725,0.0009528857307679051,0.00433181667633864,-0.006429998524105307,0
2024-11-14,-0.006429998524105307,-0.0037942744220139657,0.018889074645307646,0.00861592453876657,0.015345310114811328,0.9207493200074035,-0.4959978240924374,0.0004857686989643284,-0.00310644007127725,0.0009528857307679051,-0.012808744458971177,0
2024-11-15,-0.012808744458971177,-0.020796150554071136,0.001984097386459771,0.009113894788453243,0.002240549039787876,0.13438518222801515,2.699279798112131,-0.006429998524105307,0.0004857686989643284,-0.00310644007127725,0.004097410127560819,1
2024-11-18,0.004097410127560819,-0.017719951426308667,0.007744635880444939,0.009145184319695939,0.0059581408357334276,0.3563084585095025,-0.7280673510017628,-0.012808744458971177,-0.006429998524105307,0.0004857686989643284,0.0036554745910837294,1
2024-11-19,0.0036554745910837294,-0.011057160001043509,0.01196595653437682,0.009170017173429636,0.0090330832870269,0.5364738745887359,0.30419590942038643,0.004097410127560819,-0.012808744458971177,-0.006429998524105307,0.00033882773833160407,1
2024-11-20,0.00033882773833160407,-0.01120240565617081,0.021643973353205892,0.008878708914170695,0.008296898160641497,0.49694512571712884,0.35652077457306275,0.0036554745910837294,0.004097410127560819,-0.012808744458971177,0.005368352731534021,1
2024-11-21,0.005368352731534021,0.0005392746697951978,0.024911947039073068,0.008927540515455752,0.012462454900387776,0.7446853646008526,0.00811389300246022,0.00033882773833160407,0.0036554745910837294,0.004097410127560819,0.003099499050194021,1
2024-11-22,0.003099499050194021,0.016662616861686574,0.028443779500521904,0.008927989536558748,0.014176243105374686,0.8444826317909085,-0.7289651079815259,0.005368352731534021,0.00033882773833160407,0.0036554745910837294,0.0033921047115423875,1
2024-11-25,0.0033921047115423875,0.01594848530163695,0.028752163996946134,0.008931168374843668,0.016171391833423865,0.951232862400027,-0.42411169090696166,0.003099499050194021,0.005368352731534021,0.00033882773833160407,0.005221275893982025,1
2024-11-26,0.005221275893982025,0.01753346491091068,0.032452662515993325,0.00897086048316388,0.019839868813454675,1.1385386034716052,-0.13001478873401898,0.0033921047115423875,0.003099499050194021,0.005368352731534021,-0.0030300883971953185,0
2024-11-27,-0.0030300883971953185,0.014106641105493312,0.03244772055139,0.008970991061116304,0.01512777580163438,0.8696426374477112,-1.1835755783860167,0.005221275893982025,0.0033921047115423875,0.003099499050194021,0.006212154403273384,1
2024-11-29,0.006212154403273384,0.014957776788014243,0.059633418953695116,0.007489002036991207,0.01850653265649127,1.1745615207465305,-1.3892414712263583,-0.0030300883971953185,0.005221275893982025,0.0033921047115423875,0.0017924307507057868,1
2024-12-02,0.0017924307507057868,0.013635256802095652,0.0570715063843954,0.007486607925802017,0.017529454995505622,1.2477788379190717,-1.1354708714230894,0.006212154403273384,-0.0030300883971953185,0.005221275893982025,0.00046384223378992395,1
2024-12-03,0.00046384223378992395,0.010677101087412266,0.05984461251567441,0.007417909573078066,0.01508397943232298,1.3602090922587229,-1.4414354656727593,0.0017924307507057868,0.006212154403273384,-0.0030300883971953185,0.006209303692824131,1
2024-12-04,0.006209303692824131,0.011670491394078164,0.053684437232298876,0.007147465981122111,0.018736248242344322,1.9749217259509566,-0.10295874918343965,0.00046384223378992395,0.0017924307507057868,0.006212154403273384,-0.0016456373133858504,0
2024-12-05,-0.0016456373133858504,0.013075356568009955,0.02642782888901629,0.004920455502701277,0.01572985096817381,1.5819116629003236,-1.2410397455529387,0.006209303692824131,0.00046384223378992395,0.0017924307507057868,0.0018957974675537503,1
2024-12-06,0.0018957974675537503,0.0087295584949163,0.0204832881355117,0.004687503869985193,0.0166171711049381,1.5594456878949663,-0.9181304046731161,-0.0016456373133858504,0.006209303692824131,0.00046384223378992395,-0.005149570589002672,0
2024-12-09,-0.005149570589002672,0.0017394857697432542,0.010849423020452997,0.0048132101642563594,0.010833392347585624,0.9893198262588785,-0.5412511259498597,0.0018957974675537503,-0.0016456373133858504,0.006209303692824131,-0.003109093733479562,0
2024-12-10,-0.003109093733479562,-0.0018380058770804952,0.0067472822940615185,0.004880576249294304,0.007350454249844152,0.6633784389988621,-0.31063417801438853,-0.005149570589002672,0.0018957974675537503,-0.0016456373133858504,0.007730636209670516,1
2024-12-11,0.007730636209670516,-0.0003288404448325011,0.017691476872505385,0.005074634862244543,0.014242992485781869,1.2329485332080148,-1.0025573027048844,-0.003109093733479562,-0.005149570589002672,0.0018957974675537503,-0.005152844723640637,0
2024-12-12,-0.005152844723640637,-0.00384067374736341,0.011955894217465568,0.0052517844076407135,0.00841568112763258,0.7196671427493898,-0.6756195492116599,0.007730636209670516,-0.003109093733479562,-0.005149570589002672,-0.00019841206444304316,0
2024-12-13,-0.00019841206444304316,-0.005922892638488553,0.01830279543108282,0.004990645564091228,0.007302907814950688,0.6308118966366437,-0.27226253783082305,-0.005152844723640637,0.007730636209670516,-0.003109093733479562,0.004270056430311087,1
2024-12-16,0.004270056430311087,0.003489412269825909,0.03591983831973322,0.0038485405059369925,0.009833067104148219,0.9440161468234295,0.8788933231222394,-0.00019841206444304316,-0.005152844723640637,0.007730636209670516,-0.004120196363485595,0
2024-12-17,-0.004120196363485595,0.002471617065203935,0.027441794753722437,0.004022081766778021,0.004323532093941429,0.4705129915398904,2.1033826396520188,0.004270056430311087,-0.00019841206444304316,-0.005152844723640637,-0.029803361147563545,0
2024-12-18,-0.029803361147563545,-0.03486650254099477,-0.006810004904613254,0.008004682214834503,-0.02528307538925134,-2.5277106271491143,3.79962551739266,-0.004120196363485595,0.004270056430311087,-0.00019841206444304316,-0.00030704650479618234,0
2024-12-19,-0.00030704650479618234,-0.030165436494688613,-0.007451263464790081,0.008003226387632185,-0.025225827865609562,-2.3333821507791526,2.1217354276107874,-0.029803361147563545,-0.004120196363485595,0.004270056430311087,0.012010799878631628,1
2024-12-20,0.012010799878631628,-0.018322170912359104,-0.0008935152469941032,0.008381597214358622,-0.013474493484976868,-1.2399176683365842,2.8724185858832816,-0.00030704650479618234,-0.029803361147563545,-0.004120196363485595,0.005988524506323367,1
2024-12-23,0.005988524506323367,-0.01664236178192202,0.001984009934274944,0.008462529033803672,-0.007664163212564579,-0.7106945934420192,0.35347599160398696,0.012010799878631628,-0.00030704650479618234,-0.029803361147563545,0.011114887732055045,1
2024-12-24,0.011114887732055045,-0.0015988432171929468,0.009695955306787463,0.008788938432802613,0.0028823913258382294,0.26940787603250005,-0.5184798492130716,0.005988524506323367,0.012010799878631628,-0.00030704650479618234,6.648855168323031e-05,1
2024-12-26,6.648855168323031e-05,0.029139350771945738,0.004518221752195517,0.008719111044247012,0.0027228991577024075,0.2542519950133416,-0.2183477146914056,0.011114887732055045,0.005988524506323367,0.012010799878631628,-0.010526378817907966,0
2024-12-27,-0.010526378817907966,0.018619003514052324,-0.0030348249701936947,0.009023873620902314,-0.0076822909575737786,-0.711099343580635,0.5830322138763342,6.648855168323031e-05,0.011114887732055045,0.005988524506323367,-0.011411585176906436,0
2024-12-30,-0.011411585176906436,-0.004956324464716277,-0.020496604315975553,0.00923181125478426,-0.017998292697341545,-1.5503583234213003,0.2354245010160749,-0.010526378817907966,6.648855168323031e-05,0.011114887732055045,-0.0036380299989984266,0
2024-12-31,-0.0036380299989984266,-0.014478144986890595,-0.025806241902754157,0.009225399454924073,-0.02030123133036288,-1.6207053147616657,0.20892813112083206,-0.011411585176906436,-0.010526378817907966,6.648855168323031e-05,-0.002457229920794113,0
2025-01-02,-0.002457229920794113,-0.0277067293228348,-0.028650612823340027,0.009219699555313751,-0.021297979242880904,-1.5856552567434636,-0.08866726702928518,-0.0036380299989984266,-0.011411585176906436,-0.010526378817907966,0.012503618258491667,1
2025-01-03,0.012503618258491667,-0.015614995764217543,-0.022574363504614947,0.00959338891218727,-0.007925408400754286,-0.6013622529844921,-0.5418123532812029,-0.002457229920794113,-0.0036380299989984266,-0.011411585176906436,0.00576050990496646,1
2025-01-06,0.00576050990496646,0.0005881335373003616,-0.015323473009784871,0.009713284284652771,-0.0014352904439248748,-0.11199806581003549,-0.21389405770666722,0.012503618258491667,-0.002457229920794113,-0.0036380299989984266,-0.011304045433904064,0
2025-01-07,-0.011304045433904064,0.0006969786229986674,-0.02829645432967598,0.009970754507074001,-0.011301859826565508,-0.9005234972907336,0.2221072880191169,0.00576050990496646,0.012503618258491667,-0.002457229920794113,0.0014610115160782478,1
2025-01-08,0.0014610115160782478,0.005818205237062557,-0.021839678637017523,0.009948993860109756,-0.008761684706370731,-0.7065404276203996,-0.3186818119643709,-0.011304045433904064,0.00576050990496646,0.012503618258491667,-0.015267427998534089,0
2025-01-10,-0.015267427998534089,-0.007098263936745952,-0.03376956993925062,0.010440365186105428,-0.02222752493848057,-1.6760689793889525,0.6354501452206632,0.0014610115160782478,-0.011304045433904064,0.00576050990496646,0.00155047779484363,1
2025-01-13,0.00155047779484363,-0.017839353633201882,-0.03969521803253662,0.010237154270736952,-0.018725414112496397,-1.4184513249925843,-0.4183865510975772,-0.015267427998534089,0.0014610115160782478,-0.011304045433904064,0.0013759502770052112,1
2025-01-14,0.0013759502770052112,-0.022121030907087946,-0.03339311119496524,0.010234513694851356,-0.015704560964381886,-1.1930783111674246,-0.44460808416638176,0.00155047779484363,-0.015267427998534089,0.0014610115160782478,0.01819002884394938,1
2025-01-15,0.01819002884394938,0.007050358756213404,-0.015615190184519623,0.011155944542718645,0.0029970731781510107,0.2400614998411688,-0.13405472992935377,0.0013759502770052112,0.00155047779484363,-0.015267427998534089,-0.0019231016950377322,0
2025-01-16,-0.0019231016950377322,0.0036473581559537394,-0.021685719465307618,0.011095725527249816,0.0021801312943365847,0.19388400244204018,-0.722241995966224,0.01819002884394938,0.0013759502770052112,0.00155047779484363,0.010039795288152353,1
2025-01-17,0.010039795288152353,0.029440683690338254,-0.007775484520824771,0.011337747586140628,0.012643446686272153,1.1902933656962453,-0.08743340581304172,-0.0019231016950377322,0.01819002884394938,0.0013759502770052112,0.009153584329701925,1
2025-01-21,0.009153584329701925,0.03725551415864148,0.03206596081385382,0.009141087141858273,0.020293022974986474,1.7802122632128337,-0.7015880001232585,0.010039795288152353,-0.0019231016950377322,0.01819002884394938,0.005621537753287331,1
2025-01-22,0.005621537753287331,0.04165322215172673,0.038186530121852025,0.009171416591105553,0.02409620302874793,1.941402253900795,-0.34966921251028404,0.009153584329701925,0.010039795288152353,-0.0019231016950377322,0.005457955612408583,1
2025-01-23,0.005457955612408583,0.02862775074599644,0.03146419607957207,0.008904964033259574,0.028071091909830592,1.9996759980531458,-0.9714496214317494,0.005621537753287331,0.009153584329701925,0.010039795288152353,-0.002919264959769352,0
2025-01-24,-0.002919264959769352,0.02760109520460796,0.022330825592072223,0.008896035887960202,0.02392356403673035,1.5846147201692884,-1.450255739284045,0.005457955612408583,0.005621537753287331,0.009153584329701925,-0.014145458332822769,0
2025-01-27,-0.014145458332822769,0.0029953388525774116,-0.0032097245081963433,0.009193863678842383,0.009603779579050453,0.641406570356013,1.8000402318023807,-0.002919264959769352,0.005457955612408583,0.005621537753287331,0.008592419782555538,1
2025-01-28,0.008592419782555538,0.0024375987485365513,0.005288275812515675,0.009398382342438064,0.018006065918201086,1.1801566188197259,-0.6848137377589324,-0.014145458332822769,-0.002919264959769352,0.005457955612408583,-0.0044828644654661964,0
2025-01-29,-0.0044828644654661964,-0.007634811513863249,0.011428383030286815,0.009124957722934146,0.012862561107336745,0.8277488130044071,-1.2526394554794298,0.008592419782555538,-0.014145458332822769,-0.002919264959769352,0.005367082266790391,1
2025-01-30,0.005367082266790391,-0.0077245015344645784,0.028594698382078843,0.008724249394232653,0.016859391050598527,1.0641619898295356,-0.9518708700163113,-0.0044828644654661964,0.008592419782555538,-0.014145458332822769,-0.00532211629178081,0
2025-01-31,-0.00532211629178081,-0.010115772792066435,0.026856131190105215,0.008783833952220545,0.010111516099732487,0.6479120665268048,1.5137084676418122,0.005367082266790391,-0.0044828644654661964,0.008592419782555538,-0.006729347789870999,0
2025-02-03,-0.006729347789870999,-0.002669348858892695,0.022458474709992515,0.00893230448710753,0.0022097911466760767,0.1476770716283245,1.3118396975112028,-0.00532211629178081,0.005367082266790391,-0.0044828644654661964,0.00670816138345165,1
2025-02-04,0.00670816138345165,-0.004532567954373845,0.016606037355849645,0.008633572654335522,0.008102064966555744,0.5413074925519684,-1.4119044728452852,-0.006729347789870999,-0.00532211629178081,0.005367082266790391,0.004054629802519472,1
2025-02-05,0.004054629802519472,0.004004500059520799,0.014881762049676839,0.00859092404108414,0.011438942410227693,0.7533508518711969,-1.4788216106045504,0.00670816138345165,-0.006729347789870999,-0.00532211629178081,0.0034756291897781733,1
2025-02-06,0.0034756291897781733,0.0021156104842920964,0.030052879272651767,0.0081200683429902,0.013453791037564278,0.8909310638841388,-0.9741026146063476,0.004054629802519472,0.00670816138345165,-0.006729347789870999,-0.009153513013858694,0
2025-02-07,-0.009153513013858694,-0.001744435594986049,0.01913530841523059,0.008463269493448899,0.003231359632384745,0.2197280789281154,0.18406524244110306,0.0034756291897781733,0.004054629802519472,0.00670816138345165,0.006791120950360163,1
2025-02-10,0.006791120950360163,0.011843888114435819,0.04196449750210296,0.0076305325235030835,0.007994218538677211,0.6183280926153061,-1.619342335583853,-0.009153513013858694,0.0034756291897781733,0.004054629802519472,0.0007605411933127026,1
2025-02-11,0.0007605411933127026,0.00586592611008685,0.04114268580881242,0.007635488459258145,0.006754224609902826,0.6280993257530321,-1.1760020699323819,0.006791120950360163,-0.009153513013858694,0.0034756291897781733,-0.003221485072722685,0
2025-02-12,-0.003221485072722685,-0.0014233147441763405,0.03636267667585469,0.007725386326908472,0.0017474038501428257,0.22572860879080264,0.004736176338534505,0.0007605411933127026,0.006791120950360163,-0.009153513013858694,0.010557604278849553,1
2025-02-13,0.010557604278849553,0.005624086312508325,0.028594028655608117,0.007031286671765084,0.010901031799964711,1.5042356247861202,-0.2624488534035429,-0.003221485072722685,0.0007605411933127026,0.006791120950360163,-4.9380599289050586e-05,0
2025-02-14,-4.9380599289050586e-05,0.014863998812897128,0.030525040518247337,0.0069965971139826525,0.009340015741336138,1.5342150603006934,-1.2546738919369649,0.010557604278849553,-0.003221485072722685,0.0007605411933127026,0.002935999786583876,1
2025-02-18,0.002935999786583876,0.01097796565391862,0.02327716852227457,0.006716441994036952,0.011139235264503,1.8191808020412985,-1.1455479372989694,-4.9380599289050586e-05,0.010557604278849553,-0.003221485072722685,0.0023549188372289365,1
2025-02-19,0.0023549188372289365,0.012588621350843265,0.01638335247395828,0.006458338187340635,0.012693157383858678,1.873137026250704,-0.7653670343675228,0.002935999786583876,-4.9380599289050586e-05,0.010557604278849553,-0.0041602448320542385,0
2025-02-20,-0.0041602448320542385,0.011634971732351618,0.0064968886264626935,0.006446970095509649,0.008151968060172488,1.1603512788214547,-0.30918119024046636,0.0023549188372289365,0.002935999786583876,-4.9380599289050586e-05,-0.01710430951871933,0
2025-02-21,-0.01710430951871933,-0.01605643275976154,-0.016088689943069556,0.007407414644105758,-0.0082883349866274,-1.1670656452218642,2.192109904752016,-0.0041602448320542385,0.0023549188372289365,0.002935999786583876,-0.004550303860628713,0
2025-02-24,-0.004550303860628713,-0.020485305949810906,-0.017698186110532532,0.007441056466335703,-0.011922206055708373,-1.5788372042353875,0.4821073929435307,-0.01710430951871933,-0.0041602448320542385,0.0023549188372289365,-0.004973182941032439,0
2025-02-25,-0.004973182941032439,-0.02820978757304171,-0.008558964882608988,0.006837729509799284,-0.01641868989385531,-1.989011957237096,1.0675839419109423,-0.004550303860628713,-0.01710430951871933,-0.0041602448320542385,0.0005047975617609168,1
2025-02-26,0.0005047975617609168,-0.030003493288965455,-0.016509054917939414,0.006508701464805583,-0.015108714103458709,-1.6799943441198077,0.05025790558497791,-0.004973182941032439,-0.004550303860628713,-0.01710430951871933,-0.015961911190013223,0
2025-02-27,-0.015961911190013223,-0.04149889210306357,-0.02784943079776203,0.0073066700869193965,-0.029482185543506123,-2.5984043849270275,1.8403224117495176,0.0005047975617609168,-0.004973182941032439,-0.004550303860628713,0.015605596661077747,1
2025-02-28,0.015605596661077747,-0.009600816227699371,-0.017949188615821954,0.008118287360080157,-0.013448028664672873,-1.143785068198285,2.2141446895253143,-0.015961911190013223,0.0005047975617609168,-0.004973182941032439,-0.017519873186066404,0
2025-03-03,-0.017519873186066404,-0.02250458316198889,-0.029992099442834874,0.008891418702406369,-0.02927770493075199,-2.1461075630529707,1.3904076716518994,0.015605596661077747,-0.015961911190013223,0.0005047975617609168,-0.011836973076626123,0
2025-03-04,-0.011836973076626123,-0.029247440022381554,-0.03498010233027937,0.009120416579314328,-0.039097575422190056,-2.381840684404055,2.5486132140423914,-0.017519873186066404,0.015605596661077747,-0.015961911190013223,0.010747839611165988,1
2025-03-05,0.010747839611165988,-0.01930899763244931,-0.03110770909908689,0.009358951613438797,-0.027253303636866066,-1.545106528256347,0.8355053174974872,-0.011836973076626123,-0.017519873186066404,0.015605596661077747,-0.017751050248379863,0
2025-03-06,-0.017751050248379863,-0.021092051150882085,-0.052149746725389745,0.009926198185884829,-0.04200250686885776,-2.08226989588648,1.090652493412967,0.010747839611165988,-0.011836973076626123,-0.017519873186066404,0.005604668443293992,1
2025-03-07,0.005604668443293992,-0.030731608239227937,-0.05013872589242141,0.010006188036594777,-0.03417756693920493,-1.5893549008767491,1.025925064006998,-0.017751050248379863,0.010747839611165988,-0.011836973076626123,-0.026635514522396653,0
2025-03-10,-0.026635514522396653,-0.039724668533063556,-0.06689760473485384,0.011296464857970177,-0.05672394688480875,-2.2410153855778554,1.5566077410735977,0.005604668443293992,-0.017751050248379863,0.010747839611165988,-0.008312891177371884,0
2025-03-11,-0.008312891177371884,-0.036300042411947286,-0.08089612895822684,0.011082495817842328,-0.06069849866241439,-2.1037454463720957,1.0246145482033222,-0.026635514522396653,0.005604668443293992,-0.017751050248379863,0.005306600218026203,1
2025-03-12,0.005306600218026203,-0.04148800519246887,-0.07672100386524883,0.01123410090729035,-0.051994663019099274,-1.6781982166711484,0.2409402404835671,-0.008312891177371884,-0.026635514522396653,0.005604668443293992,-0.013330436330021067,0
2025-03-13,-0.013330436330021067,-0.037174219500734074,-0.08608455076061361,0.011426641413996637,-0.06049321451367684,-1.791366513365521,0.36810823569623075,0.005306600218026203,-0.008312891177371884,-0.026635514522396653,0.02065567864541107,1
2025-03-14,0.02065567864541107,-0.022763486237543207,-0.07695218054035813,0.012312438542858368,-0.03723880353239162,-1.101927287424663,-0.14682377256417406,-0.013330436330021067,0.005306600218026203,-0.008312891177371884,0.00771144794455525,1
2025-03-17,0.00771144794455525,0.011720107894273246,-0.06978821091464926,0.012560754214217526,-0.026270769611028477,-0.7973336982122278,-0.815963729706693,0.02065567864541107,-0.013330436330021067,0.005306600218026203,-0.010808487898628982,0
2025-03-18,-0.010808487898628982,0.009174097805376924,-0.08253606768960187,0.012564046566193806,-0.03260402085907399,-1.0233608797446605,-0.15730925397818438,0.00771144794455525,0.02065567864541107,-0.013330436330021067,0.010890845995021214,1
2025-03-19,0.010890845995021214,0.014779826637456805,-0.07472306138921081,0.012938642329919535,-0.01819132693793768,-0.6201019142969362,-0.2447692122104821,-0.010808487898628982,0.00771144794455525,0.02065567864541107,-0.002891589476610945,0
2025-03-20,-0.002891589476610945,0.02551607673601719,-0.07354429990941957,0.012939871796211887,-0.017211543217063974,-0.6485237474641519,-0.5706769119231813,0.010890845995021214,-0.010808487898628982,0.00771144794455525,0.00032989191840537835,1
2025-03-21,0.00032989191840537835,0.005093497900698463,-0.05711120791972657,0.012573706630399016,-0.013951488784296862,-0.5612488147986601,0.6677011373213629,-0.002891589476610945,0.010890845995021214,-0.010808487898628982,0.017908376041436913,1
2025-03-24,0.017908376041436913,0.01526393523138636,-0.035838372489967796,0.013391171316692938,0.005582867879318387,0.24286951260506692,-0.8884011345886846,0.00032989191840537835,-0.002891589476610945,0.010890845995021214,0.0024039293468809397,1
2025-03-25,0.0024039293468809397,0.028824596197936092,-0.02869009420450197,0.013398961406240596,0.00950305693651754,0.44516796986107193,-1.9138120132257832,0.017908376041436913,0.00032989191840537835,-0.002891589476610945,-0.011938334576674592,0
2025-03-26,-0.011938334576674592,0.005590413619018575,-0.040770133735185565,0.01359483354652869,-0.0004299067207254037,-0.022370566579247353,-1.2168396359363536,0.0024039293468809397,0.017908376041436913,0.00032989191840537835,-0.002655735881150312,0
2025-03-27,-0.002655735881150312,0.0058282735268377905,-0.027799415520962767,0.013194847864371959,-0.0016615630329815945,-0.09083312310525794,-1.5728071117399012,-0.011938334576674592,0.0024039293468809397,0.017908376041436913,-0.02013843063199028,0
2025-03-28,-0.02013843063199028,-0.014752554557158293,-0.06201581245713694,0.013201549462248212,-0.01859281189836859,-1.1683031649161393,0.08987557958960025,-0.002655735881150312,-0.011938334576674592,0.0024039293468809397,0.006712801372924737,1
2025-03-31,0.006712801372924737,-0.025588904470411622,-0.038880621283432504,0.012918702480492305,-0.01002646514215677,-0.681649622887509,1.2973899185112712,-0.02013843063199028,-0.002655735881150312,-0.011938334576674592,0.002824553701041621,1
2025-04-01,0.002824553701041621,-0.025180026346788065,-0.02462034527263912,0.01273997991695166,-0.005984765274345105,-0.42189079997027695,-0.8272721140618648,0.006712801372924737,-0.02013843063199028,-0.002655735881150312,0.0063284086265045225,1
2025-04-02,0.0063284086265045225,-0.007158088292523068,-0.028885131106431983,0.012559467885355648,0.0017961110308784,0.14577890814080394,0.4435801799068185,0.002824553701041621,0.006712801372924737,-0.02013843063199028,-0.04928091072982521,0
2025-04-03,-0.04928091072982521,-0.05357278118831266,-0.060057591342112415,0.0161787053775078,-0.04466645947356396,-2.805783369284717,2.626555492724757,0.0063284086265045225,0.002824553701041621,0.006712801372924737,-0.058542941635117196,0
2025-04-04,-0.058542941635117196,-0.09066687251179961,-0.12001660010455906,0.020239207887879626,-0.09504415276990241,-3.518444093296354,3.5926790485888924,-0.04928091072982521,0.0063284086265045225,0.002824553701041621,-0.001781127314375297,0
2025-04-07,-0.001781127314375297,-0.09833918056961977,-0.09754665335393298,0.019671752400092536,-0.09222409963304279,-2.653407823895352,3.0626368322910995,-0.058542941635117196,-0.04928091072982521,0.0063284086265045225,-0.01566275431689801,0
2025-04-08,-0.01566275431689801,-0.11496151120063336,-0.10423516279269218,0.019806458153222337,-0.101772561428777,-2.402683304839258,1.3013393807799347,-0.001781127314375297,-0.058542941635117196,-0.04928091072982521,0.10501925332407813,1
2025-04-09,0.10501925332407813,-0.028165595174882707,-0.015387553060815073,0.03163435032045377,-0.006670973634338551,-0.15741891379432732,2.1281990666710744,-0.01566275431689801,-0.001781127314375297,-0.058542941635117196,-0.043818954699414436,0
2025-04-10,-0.043818954699414436,-0.022582329993923622,-0.04581250562910921,0.03299983354147317,-0.04802702119613034,-1.0930320525180055,0.8697706281160635,0.10501925332407813,-0.01566275431689801,-0.001781127314375297,0.017842893761116585,1
2025-04-11,0.017842893761116585,0.056721197013590796,-0.048442113455826386,0.032904786857407206,-0.028645320767733407,-0.6458698217155284,-0.094060073023942,-0.043818954699414436,0.10501925332407813,-0.01566275431689801,0.009701505859365467,1
2025-04-14,0.009701505859365467,0.06887678954369192,-0.04656294922942017,0.03293861898305343,-0.01686720252975371,-0.38231030323389864,-0.5513172415457602,0.017842893761116585,-0.043818954699414436,0.10501925332407813,-0.00280102140040972,0
2025-04-15,-0.00280102140040972,0.08284314898811584,-0.03884491369352283,0.03287295289724388,-0.017674901864068726,-0.40033049499162837,-0.7064355235511798,0.009701505859365467,0.017842893761116585,-0.043818954699414436,-0.022228193519776007,0
2025-04-16,-0.022228193519776007,-0.04185062953800933,-0.07033449875539932,0.03305080901547461,-0.03600771544831649,-0.810439149881982,-0.3284839498849798,-0.00280102140040972,0.009701505859365467,0.017842893761116585,0.0014268351928818923,1
2025-04-17,0.0014268351928818923,0.0034883000657779384,-0.06630816581849863,0.03306657443486566,-0.03131170527162275,-0.7040816845369089,-0.39742062332529476,-0.022228193519776007,-0.00280102140040972,0.009701505859365467,-0.023802651133915886,0
2025-04-21,-0.023802651133915886,-0.03756991953587829,-0.08883309341290857,0.03338065438908126,-0.04998983463872719,-1.1028694336143567,-0.5408818197127347,0.0014268351928818923,-0.022228193519776007,-0.00280102140040972,0.02601770108691892,1
2025-04-22,0.02601770108691892,-0.02201760333688696,-0.08157414084889103,0.03370998928974247,-0.02103506933571464,-0.48424350378808323,-0.4593906815325334,-0.023802651133915886,0.0014268351928818923,-0.022228193519776007,0.015495599517855618,1
2025-04-23,0.015495599517855618,-0.004073568534915251,-0.06957924730100307,0.033961306328238086,-0.0021562394711152066,-0.053251415247272504,-0.28688719729506795,0.02601770108691892,-0.023802651133915886,0.0014268351928818923,0.021048912949868326,1
2025-04-24,0.021048912949868326,0.04000707883576471,-0.038516388830560744,0.034306905867601385,0.020930717613458105,0.5454426639387522,-0.7093316545405441,0.015495599517855618,0.02601770108691892,-0.023802651133915886,0.007225424527655733,1
2025-04-25,0.007225424527655733,0.04602906041594168,-0.028990516838107827,0.03435920315082548,0.029888316135041615,0.8186063084865494,-0.7822337507784176,0.021048912949868326,0.015495599517855618,0.02601770108691892,0.0003812727202627819,1
2025-04-28,0.0003812727202627819,0.07194296724609384,-0.008656188837512957,0.034060210755123686,0.030744622631152074,0.852344526618503,-0.9609146238477634,0.007225424527655733,0.021048912949868326,0.015495599517855618,0.006299276475910887,1
2025-04-29,0.006299276475910887,0.05134193223027417,-0.009063400652895903,0.0340561138511228,0.03772980905316348,1.0628633004479735,-0.901761228742359,0.0003812727202627819,0.007225424527655733,0.021048912949868326,0.00039694175083582195,1
2025-04-30,0.00039694175083582195,0.03571030168613487,-0.011462234548210049,0.03405016015974189,0.03876692996502884,1.116669086605856,-0.24708617332642024,0.006299276475910887,0.0003812727202627819,0.007225424527655733,0.007086979683865069,1
2025-05-01,0.007086979683865069,0.021547887004866872,-0.010717074090101808,0.034058045037855415,0.04672176942192796,1.3811098972384732,-0.694272873025486,0.00039694175083582195,0.006299276475910887,0.0003812727202627819,0.014844024038501491,1
2025-05-02,0.014844024038501491,0.02927482085970934,0.0560089481464876,0.03213871297224824,0.059275329663616594,1.6249161938054029,-0.6747815460586032,0.007086979683865069,0.00039694175083582195,0.006299276475910887,-0.005734324797424639,0
2025-05-05,-0.005734324797424639,0.022982589376455476,0.11524305917083666,0.028793683197709474,0.04750102006600754,1.3319921629110685,-0.9308089127117373,0.014844024038501491,0.007086979683865069,0.00039694175083582195,-0.008358326594873233,0
2025-05-06,-0.008358326594873233,0.008081979693107533,0.10789479513068279,0.02892267296854862,0.03351810127476451,1.007149682683496,-0.7541375611761499,-0.005734324797424639,0.014844024038501491,0.007086979683865069,0.004205416800135087,1
2025-05-07,0.004205416800135087,0.011919711404472233,0.1302568905058823,0.0284948933664283,0.03169447374698686,1.1317455268571488,-0.5320423893526028,-0.008358326594873233,-0.005734324797424639,0.014844024038501491,0.006967983937040012,1
2025-05-08,0.006967983937040012,0.01180014462998824,0.02996621908619934,0.01661187018533694,0.03731562699915969,1.276230076187853,-0.23720041750403065,0.004205416800135087,-0.008358326594873233,-0.005734324797424639,-0.0012742212112867302,0
2025-05-09,-0.0012742212112867302,-0.004269756249970613,0.07579398204820387,0.012767491578637836,0.032226750834770224,1.1179537273164426,-1.589166254258523,0.006967983937040012,0.004205416800135087,-0.008358326594873233,0.03304742941467098,1
2025-05-12,0.03304742941467098,0.034569124079269375,0.09186419097356091,0.014040788393427964,0.061577134812804246,1.9437190271914229,0.918746730358665,-0.0012742212112867302,0.006967983937040012,0.004205416800135087,0.006603966987809073,1
2025-05-13,0.006603966987809073,0.05017912452721185,0.08851459532140571,0.013997379003514448,0.06396513482569066,1.8440315897529331,0.22812289758610182,0.03304742941467098,-0.0012742212112867302,0.006967983937040012,0.0012780825092013615,1
2025-05-14,0.0012780825092013615,0.047117773421730735,0.09296723139177132,0.013917302672058,0.06051996646454372,1.6409550452617567,0.09523288989026372,0.006603966987809073,0.03304742941467098,-0.0012742212112867302,0.004884179285025159,1
2025-05-15,0.004884179285025159,0.044950883389207164,0.12327382731173087,0.012410979445246783,0.05950400296518343,1.5921686275834812,0.4627023555081504,0.0012780825092013615,0.006603966987809073,0.03304742941467098,0.006334043929497213,1
2025-05-16,0.006334043929497213,0.05291129008819495,0.128778112742562,0.012366276478989935,0.05976940316716939,1.5919142589112107,0.7959523913976324,0.004884179285025159,0.0012780825092013615,0.006603966987809073,0.0010938196429841618,1
2025-05-19,0.0010938196429841618,0.020343263171227033,0.1575659304211725,0.010267765608185677,0.05332298532814783,1.5612771898377993,0.2809974698443522,0.006334043929497213,0.004884179285025159,0.0012780825092013615,-0.003362153676216839,0
2025-05-20,-0.003362153676216839,0.01024111335562461,0.12441921289524638,0.00953856928669211,0.04371960682053344,1.3705119973742572,-0.16951786101638683,0.0010938196429841618,0.006334043929497213,0.004884179285025159,-0.016850775346555102,0
2025-05-21,-0.016850775346555102,-0.008050026602386962,0.08860331631989538,0.01052168577529198,0.021864882038322486,0.7478824567524055,2.069177134172082,-0.003362153676216839,0.0010938196429841618,0.006334043929497213,0.00039460189702000825,1
2025-05-22,0.00039460189702000825,-0.012481817113574989,0.06658247948899887,0.009779277781059853,0.019016627962114008,0.6834040063234383,0.46233561061997014,-0.016850775346555102,-0.003362153676216839,0.0010938196429841618,-0.006825745833528796,0
2025-05-23,-0.006825745833528796,-0.025395552619537076,0.051703256071279124,0.009983005454536306,0.009549603264400686,0.36166634603667935,0.7374340079127712,0.00039460189702000825,-0.016850775346555102,-0.003362153676216839,0.02079068471986001,1
2025-05-27,0.02079068471986001,-0.00621987504895527,0.07315972036124863,0.010760301614876582,0.02693152030470114,1.0598268679283211,0.4508490114844417,-0.006825745833528796,0.00039460189702000825,-0.016850775346555102,-0.005785451740996206,0
2025-05-28,-0.005785451740996206,-0.00863622464123004,0.06027205974470218,0.010938057787981199,0.018035965407527277,0.7460677572521455,0.1164654508133795,0.02079068471986001,-0.006825745833528796,0.00039460189702000825,0.003947442276660329,1
2025-05-29,0.003947442276660329,0.012335769260257257,0.06403506255741798,0.0109226124940337,0.018920982337955028,0.8337898812169924,0.3291576412050809,-0.005785451740996206,0.02079068471986001,-0.006825745833528796,-0.0011185059286688004,0
2025-05-30,-0.0011185059286688004,0.010804600287746213,0.05536557861692715,0.010921624324871981,0.01507138376069328,0.7066220418272232,1.6362839070032682,0.003947442276660329,-0.005785451740996206,0.02079068471986001,0.005632816282124864,1
2025-06-02,0.005632816282124864,0.023484320736241182,0.045786577929822325,0.010573637186327766,0.018513117871482798,0.8822119646630628,-0.37162178242041444,-0.0011185059286688004,0.003947442276660329,-0.005785451740996206,0.005702662290135274,1
2025-06-03,0.005702662290135274,0.008356484423767574,0.05781620732006565,0.010424842156078888,0.02146200086432759,1.0622770819965603,-0.360827755116613,0.005632816282124864,-0.0011185059286688004,0.003947442276660329,-0.00026851243178294126,0
2025-06-04,-0.00026851243178294126,0.013951897945284841,0.06644587342368857,0.01011888931948108,0.01794932223621526,0.9967084708299229,-0.9287550347740032,0.005702662290135274,0.005632816282124864,-0.0011185059286688004,-0.004832756264298466,0
2025-06-05,-0.004832756264298466,0.005084203681576582,0.05684751614877204,0.010275519464129409,0.010277291732178728,0.672303131378991,1.683818915322145,-0.00026851243178294126,0.005702662290135274,0.005632816282124864,0.010269030973764526,1
2025-06-06,0.010269030973764526,0.01654245326114001,0.060312078495444066,0.010371749307646888,0.01769768016777884,1.3470056425852615,-0.3113999970616531,-0.004832756264298466,-0.00026851243178294126,0.005702662290135274,0.0009012287764704752,1
2025-06-09,0.0009012287764704752,0.011759534990234632,0.0626216773334547,0.010336098117050932,0.01556672149898053,1.6357543332906572,-1.6454221728479608,0.010269030973764526,-0.004832756264298466,-0.00026851243178294126,0.005669821601985259,1
2025-06-10,0.005669821601985259,0.011726496518112306,0.034460298962107894,0.0076147142634621166,0.01959034155469408,1.9338942010684856,-0.40578147206821713,0.0009012287764704752,0.010269030973764526,-0.004832756264298466,-0.0028521799815779403,0
2025-06-11,-0.0028521799815779403,0.0091118295291992,0.02474246658533552,0.007589222458406865,0.015435947770972236,1.4576055690506224,0.23844643753136316,0.005669821601985259,0.0009012287764704752,0.010269030973764526,0.003974378714497684,1
2025-06-12,0.003974378714497684,0.01804237275930154,0.02750194896323377,0.007613654541231536,0.01808265311118329,1.6072231233331793,-0.6101956500562388,-0.0028521799815779403,0.005669821601985259,0.0009012287764704752,-0.011180059785133145,0
2025-06-13,-0.011180059785133145,-0.003571754349663281,0.011076138612688524,0.008059379154531426,0.006145629242045647,0.5442693568779339,1.4893532787285144,0.003974378714497684,-0.0028521799815779403,0.005669821601985259,0.009514239842613348,1
2025-06-16,0.009514239842613348,0.0050027655526601045,0.014271320394783293,0.00820883111033853,0.014993042251231437,1.2686954942190773,0.6647825974350091,-0.011180059785133145,0.003974378714497684,-0.0028521799815779403,-0.00854517139843114,0
2025-06-17,-0.00854517139843114,-0.009202798709945559,0.004505450324447269,0.008465941136998858,0.0060926983449824945,0.5122437361657015,0.7807176294365958,0.009514239842613348,-0.011180059785133145,0.003974378714497684,-0.0001507130904417897,0
2025-06-18,-0.0001507130904417897,-0.006518536876964798,0.00774224248892641,0.008424000441560485,0.00555250118195505,0.4644981353919672,0.2604227056475476,-0.00854517139843114,0.009514239842613348,-0.011180059785133145,-0.002348474253184407,0
2025-06-20,-0.002348474253184407,-0.012775307319142448,0.02260731185846665,0.007423999555209936,0.0020797774974758987,0.18761330507262242,1.7557253857938937,-0.0001507130904417897,-0.00854517139843114,0.009514239842613348,0.00987738189722287,1
2025-06-23,0.00987738189722287,0.008248162726366193,0.032300647014978034,0.007672249964311826,0.01037803411910243,1.0029956649579177,1.0843864469983915,-0.002348474253184407,-0.0001507130904417897,-0.00854517139843114,0.011047392828865465,1
2025-06-24,0.011047392828865465,0.009779392916648755,0.050877903249698875,0.0076778130988373085,0.01902016654307559,2.080107975587113,-0.504099975016616,0.00987738189722287,-0.002348474253184407,-0.0001507130904417897,0.000560282661534961,1
2025-06-25,0.000560282661534961,0.019053138535369163,0.030051221722148025,0.006363024456661077,0.018076917369401757,1.8471891168095977,-0.9015293273422061,0.011047392828865465,0.00987738189722287,-0.002348474253184407,0.007823809728070064,1
2025-06-26,0.007823809728070064,0.02718082599079019,0.044151031896416226,0.006269833678645584,0.02382121722768371,2.269193208061777,0.37605016025842736,0.000560282661534961,0.011047392828865465,0.00987738189722287,0.0049683222933454285,1
2025-06-27,0.0049683222933454285,0.0347141910248836,0.04521279357633756,0.006289095785496498,0.02662326965577244,2.2866405770153335,0.9101698042209364,0.007823809728070064,0.000560282661534961,0.011047392828865465,0.004781279687299023,1
2025-06-30,0.004781279687299023,0.0294927558585516,0.051386230006752465,0.006261962895612566,0.028938103087400746,2.276302064678197,1.379084784425821,0.0049683222933454285,0.007823809728070064,0.000560282661534961,-0.0003237141327537829,0
2025-07-01,-0.0003237141327537829,0.017914196508998614,0.045158694513257824,0.00624811852866844,0.02632435144595502,1.9330337458074982,-0.4115392370390853,0.004781279687299023,0.0049683222933454285,0.007823809728070064,0.00453326557880418,1
2025-07-02,0.00453326557880418,0.021956087621464615,0.043943419675066764,0.006219310413133211,0.028744699066561186,1.9295744589103874,-0.7109023428561575,-0.0003237141327537829,0.004781279687299023,0.0049683222933454285,0.007881400243543668,1
2025-07-03,0.007881400243543668,0.022014485703857112,0.05245375251356599,0.006317286014049869,0.03418052173710184,2.0672208049709733,-1.8488095039223686,0.00453326557880418,-0.0003237141327537829,0.004781279687299023,-0.007451971921066947,0
2025-07-07,-0.007451971921066947,0.009383519809463392,0.0496837624802724,0.006503417153849429,0.02398630919022593,1.4412321210876695,0.053990709201670005,0.007881400243543668,0.00453326557880418,-0.0003237141327537829,-0.0005477352950125081,0
2025-07-08,-0.0005477352950125081,0.004030096125418492,0.03844498986944056,0.006264094585175878,0.02149027652791302,1.2619945786826883,-1.1646797272455283,-0.007451971921066947,0.007881400243543668,0.00453326557880418,0.005996656078344209,1
2025-07-09,0.005996656078344209,0.010377992939927472,0.043731546425418655,0.006324380383406145,0.02540828758999414,1.4399598942731824,-0.7018829917011566,-0.0005477352950125081,-0.007451971921066947,0.007881400243543668,0.0028203571621754353,1
2025-07-10,0.0028203571621754353,0.008655118220506353,0.040774237910871314,0.0062730721411762,0.02623318684472653,1.4220663328598555,-1.3370014002055295,0.005996656078344209,-0.0005477352950125081,-0.007451971921066947,-0.003515605355253415,0
2025-07-11,-0.003515605355253415,-0.002750636491145819,0.040081786878199965,0.006301873655831498,0.02061428318532732,1.1066946738719743,-0.7839802059268804,0.0028203571621754353,0.005996656078344209,-0.0005477352950125081,0.0019082832595347377,1
2025-07-14,0.0019082832595347377,0.006653954780071691,0.03794138539164971,0.006284469603459738,0.02065434236057695,1.0928619818528755,-1.5794345863945476,-0.003515605355253415,0.0028203571621754353,0.005996656078344209,-0.004273212189356279,0
2025-07-15,-0.004273212189356279,0.0029016334521092535,0.045191343316943744,0.0056905935197854385,0.014064875511354602,0.7808855009816039,0.17291041101620316,0.0019082832595347377,-0.003515605355253415,0.0028203571621754353,0.0033432733845384366,1
2025-07-16,0.0033432733845384366,0.00025641408511356545,0.03880228958464094,0.00543634124696487,0.015525423871751043,0.8772271041389372,1.248418990611867,-0.004273212189356279,0.0019082832595347377,-0.003515605355253415,0.006119538410830128,1
2025-07-17,0.006119538410830128,0.0035471602109047318,0.05416732053359685,0.004914574359670379,0.019064870701333447,1.1402014915421212,-0.23270399414739149,0.0033432733845384366,-0.004273212189356279,0.0019082832595347377,-0.0007322363413652111,0
2025-07-18,-0.0007322363413652111,0.006350256862210024,0.05355420532185473,0.004933714832713549,0.015689910691939035,1.0342768432230118,-0.44120650951956264,0.006119538410830128,0.0033432733845384366,-0.004273212189356279,0.0018960449732978724,1
2025-07-21,0.0018960449732978724,0.006337964317369549,0.05803656310433003,0.004798014330839007,0.014783476508010152,1.1667492676140452,-0.5397489858762162,-0.0007322363413652111,0.006119538410830128,0.0033432733845384366,0.0001431954391026835,1
2025-07-22,0.0001431954391026835,0.010801436342854798,0.04783817132985768,0.004532475278966596,0.012582851043482224,1.177561698271286,-0.7390051884787594,0.0018960449732978724,-0.0007322363413652111,0.006119538410830128,0.008507280087369118,1
2025-07-23,0.008507280087369118,0.016003828715405177,0.045205626991284165,0.004305826708572007,0.018946972663712813,1.853777291195555,0.16865569047255294,0.0001431954391026835,0.0018960449732978724,-0.0007322363413652111,0.00033122432439824934,1
2025-07-24,0.00033122432439824934,0.010158649242088202,0.04496634799227417,0.004310780854613008,0.017054011130521074,1.8304601612396967,0.19979731456529398,0.008507280087369118,0.0001431954391026835,0.0018960449732978724,0.004224338152491125,1
2025-07-25,0.004224338152491125,0.015169244777813118,0.04123422077844152,0.004135673382145552,0.01928904242373375,2.0686722476169153,-0.97607729025836,0.00033122432439824934,0.008507280087369118,0.0001431954391026835,-0.0002511658677887274,0
2025-07-28,-0.0002511658677887274,0.012993587513907334,0.035826378991031804,0.004105100358983143,0.017240372322010922,1.8316562515727688,-1.0565075588829278,0.004224338152491125,0.00033122432439824934,0.008507280087369118,-0.0026375650574512743,0
2025-07-29,-0.0026375650574512743,0.010177098270900187,0.028178311452748295,0.004153533312571897,0.013148803816479981,1.3998329662161832,-0.47070062932089385,-0.0002511658677887274,0.004224338152491125,0.00033122432439824934,-0.0012593696215839056,0
2025-07-30,-0.0012593696215839056,0.00039427760354326935,0.02721597925160757,0.004179143527915357,0.010518302221920406,1.1629932597918526,1.569845597657134,-0.0026375650574512743,-0.0002511658677887274,0.004224338152491125,-0.003751164153554032,0
2025-07-31,-0.003751164153554032,-0.0036883681971575655,0.01874448418851271,0.004257046784989142,0.005796144984387741,0.6656846749742421,2.8189558453810313,-0.0012593696215839056,-0.0026375650574512743,-0.0002511658677887274,-0.01639041762130744,0
2025-08-01,-0.01639041762130744,-0.02414069163117849,-0.005788938657737108,0.005462374753028756,-0.01040425022182001,-1.1595638632162466,3.3799002514457746,-0.003751164153554032,-0.0012593696215839056,-0.0026375650574512743,0.015199764160073403,1
2025-08-04,0.015199764160073403,-0.00905896972676401,0.016900750841786216,0.006195343913936552,0.0037993531526618884,0.4442900455283526,0.08297276270257711,-0.01639041762130744,-0.003751164153554032,-0.0012593696215839056,-0.005070024116712868,0
2025-08-05,-0.005070024116712868,-0.011475767674865023,0.01229951168238741,0.006330350308905381,-0.0018955036835306416,-0.23830688079343262,-0.19629896727547172,0.015199764160073403,-0.01639041762130744,-0.003751164153554032,0.007659857740445197,1
2025-08-06,0.007659857740445197,-0.0026477775913511525,0.013973133776657098,0.006414914474972751,0.005053342250671333,0.6472520474171856,-0.3754977948038347,-0.005070024116712868,0.015199764160073403,-0.01639041762130744,-0.0008377338742812102,0
2025-08-07,-0.0008377338742812102,0.0002688794317875498,0.010274359608995809,0.006403825753705784,0.003698851265538483,0.4788878617569025,0.0742624325450281,0.007659857740445197,-0.005070024116712868,0.015199764160073403,0.007797554830949682,1
2025-08-08,0.007797554830949682,0.024866521152637766,0.02174407827563396,0.006526083567814096,0.010437683300012157,1.3471016753167095,-0.4395874138645655,-0.0008377338742812102,0.007659857740445197,-0.005070024116712868,-0.0019775013459851776,0
2025-08-11,-0.0019775013459851776,0.007525693304165637,0.01778136284900045,0.006558402041308514,0.007551981092848381,0.9879659632154121,-0.7370860318698756,0.007797554830949682,-0.0008377338742812102,0.007659857740445197,0.010645981802730908,1
2025-08-12,0.010645981802730908,0.023440662340958873,0.03303100540131343,0.006783380789169606,0.016623334354062713,2.106283992641787,-0.4031742956378153,-0.0019775013459851776,0.007797554830949682,-0.0008377338742812102,0.0034232287352642388,1
2025-08-13,0.0034232287352642388,0.019137684146632417,0.03311332653560384,0.0067844559269094815,0.018438508241064522,2.17054375777347,-0.5724810393681107,0.010645981802730908,-0.0019775013459851776,0.007797554830949682,9.301357079483097e-05,1
2025-08-14,9.301357079483097e-05,0.02008703924926092,0.026925112424612152,0.006709004522629701,0.017175049560477218,1.8670368125553525,-0.5820184798709653,0.0034232287352642388,0.010645981802730908,-0.0019775013459851776,-0.002341293610408912,0
2025-08-15,-0.002341293610408912,0.009824553655437995,0.02527152028744517,0.00674484942272213,0.013525965061445655,1.435556533407396,-0.11539695308437205,9.301357079483097e-05,0.0034232287352642388,0.010645981802730908,-0.00021752076014103228,0
2025-08-18,-0.00021752076014103228,0.011605346785792614,0.023108642448349537,0.006751083413955725,0.012147240198415288,1.2686920725264104,-1.279506326730234,-0.002341293610408912,9.301357079483097e-05,0.0034232287352642388,-0.005425196437217061,0
2025-08-19,-0.005425196437217061,-0.0044810871677460895,0.0174123882727657,0.006908412270035364,0.005789740140796473,0.6200448543474986,-0.02959222129629045,-0.00021752076014103228,-0.002341293610408912,9.301357079483097e-05,-0.002657080804944645,0
2025-08-20,-0.002657080804944645,-0.010513499982009678,0.006149446196627162,0.006708353314292959,0.0028098684759076953,0.3011246182560697,0.8530922853228197,-0.005425196437217061,-0.00021752076014103228,-0.002341293610408912,-0.004011809805612443,0
2025-08-21,-0.004011809805612443,-0.014574789542878941,0.001781151697298089,0.0067781710636480854,-0.0013018897790341155,-0.13985421342352455,-0.7452957816608282,-0.002657080804944645,-0.005425196437217061,-0.00021752076014103228,0.015356833041096918,1
2025-08-22,0.015356833041096918,0.0029063190452180976,0.012886562238621169,0.007547227715146212,0.013381260024012853,1.3629319256665031,0.5864581409066368,-0.004011809805612443,-0.002657080804944645,-0.005425196437217061,-0.0044010200352035955,0
2025-08-25,-0.0044010200352035955,-0.0012902516547117493,0.008682174718556812,0.007630397980924063,0.008483453511038519,0.8471032367118788,-0.9640267621322899,0.015356833041096918,-0.004011809805612443,-0.002657080804944645,0.004186872705103539,1
2025-08-26,0.004186872705103539,0.00836177966542273,0.015584067633705345,0.007637178852228742,0.011919588818732452,1.1492809256093006,-0.9134803941572462,-0.0044010200352035955,0.015356833041096918,-0.004011809805612443,0.002278548623544596,1
2025-08-27,0.002278548623544596,0.013351938996274848,0.019181651724163196,0.007627908063094337,0.013258224412909803,1.2321079590238633,-0.9687149984588604,0.004186872705103539,-0.0044010200352035955,0.015356833041096918,0.0035414199062957508,1
2025-08-28,0.0035414199062957508,0.02103684936931116,0.02664210497642716,0.007563976380129571,0.015506742513653027,1.3937994960141062,-0.29106283234659014,0.002278548623544596,0.004186872705103539,-0.0044010200352035955,-0.005963734491660877,0
2025-08-29,-0.005963734491660877,-0.00040298773230373897,0.037524951288533615,0.006571654918075929,0.007611157804136459,0.8201650827423795,0.8969257149996961,0.0035414199062957508,0.002278548623544596,0.004186872705103539,-0.0074102526816088865,0
2025-09-02,-0.0074102526816088865,-0.00342430457080789,0.014417719145205066,0.006083433908482303,-0.0005658361539248036,-0.06531019541405142,1.442263430116964,-0.005963734491660877,0.0035414199062957508,0.002278548623544596,0.005419546163007771,1
2025-09-03,0.005419546163007771,-0.002200974091254082,0.025112749163293202,0.006008466073193157,0.0036153747001508307,0.49194362619491,0.5003466455104147,-0.0074102526816088865,-0.005963734491660877,0.0035414199062957508,0.008357513412322604,1
2025-09-04,0.008357513412322604,0.0038508217424553237,0.025822488385585318,0.006049474176785537,0.010715723690236656,1.5123251310124977,0.03327744152664472,0.005419546163007771,-0.0074102526816088865,-0.005963734491660877,-0.002896288899897903,0
2025-09-05,-0.002896288899897903,-0.002588871873618448,0.023709005810782946,0.006104891520580612,0.006613666413977537,1.0570886101572816,1.5522495842937347,0.008357513412322604,0.005419546163007771,-0.0074102526816088865,0.0024565777359784047,1
2025-09-08,0.0024565777359784047,0.005860028241561066,0.01828370355067932,0.005914486284140581,0.008173158650222945,1.3213085215842009,-0.17122269173016882,-0.002896288899897903,0.008357513412322604,0.005419546163007771,0.0023119797320374502,1
2025-09-09,0.0023119797320374502,0.015712240594732307,0.022660266889011016,0.0058814566501888006,0.00937399458812438,1.5792147753916794,0.035068437340739396,0.0024565777359784047,-0.002896288899897903,0.008357513412322604,0.0028907101289483705,1
2025-09-10,0.0028907101289483705,0.013157516326586238,0.014812802650781887,0.0054622741640386495,0.011544472926374727,1.7766056116529771,0.900553481546649,0.0023119797320374502,0.0024565777359784047,-0.002896288899897903,0.008310195838581613,1
2025-09-11,0.008310195838581613,0.013109973510816442,0.019755240338646063,0.005692619948462059,0.01894393865498767,2.405466110009179,0.2392485230531773,0.0028907101289483705,0.0023119797320374502,0.0024565777359784047,-0.0003344427624296653,0
2025-09-12,-0.0003344427624296653,0.01571294433880155,0.01931938004374678,0.005696981292896977,0.017620860715250597,1.9815421243872995,0.40959261108127126,0.008310195838581613,0.0028907101289483705,0.0023119797320374502,0.005323774557475458,1
2025-09-15,0.005323774557475458,0.018618056630187674,0.02715086839025327,0.005720093054140739,0.021657053885710376,2.124033089929743,-0.272441967072829,-0.0003344427624296653,0.008310195838581613,0.0028907101289483705,-0.0013767915798059693,0
2025-09-16,-0.0013767915798059693,0.0148692746730692,0.025959863292800867,0.005742704396711835,0.018935234132403167,1.7153908283075803,-0.594474529568705,0.005323774557475458,-0.0003344427624296653,0.008310195838581613,-0.001242457061691904,0
2025-09-17,-0.001242457061691904,0.010686740777298809,0.030274594273850042,0.005558177071927356,0.016149894055139447,1.429335110271009,2.3053148032137076,-0.0013767915798059693,0.005323774557475458,-0.0003344427624296653,0.004672405917850231,1
2025-09-18,0.004672405917850231,0.007040376737948106,0.03784609632618108,0.005510599370856876,0.01900098742812717,1.6508662923011328,1.4644887197357312,-0.001242457061691904,-0.0013767915798059693,0.005323774557475458,0.004952962095531754,1
2025-09-19,0.004952962095531754,0.012366788297871523,0.04718762628974549,0.005369483155298067,0.021690768367761626,1.8951065870355521,1.7374699913017588,0.004672405917850231,-0.001242457061691904,-0.0013767915798059693,0.004731049353107419,1
2025-09-22,0.004731049353107419,0.011769910628532276,0.036228731017068805,0.004460593063573913,0.02468566763848723,1.9549132258948114,-0.12325624419221766,0.004952962095531754,0.004672405917850231,-0.001242457061691904,-0.005443562937222368,0
2025-09-23,-0.005443562937222368,0.007649600927990496,0.03514364261287217,0.0045421022916122275,0.017347755016539512,1.3615966210139703,0.6352030259862367,0.004731049353107419,0.004952962095531754,0.004672405917850231,-0.003181571733739008,0
2025-09-24,-0.003181571733739008,0.005693222085840777,0.027548045992227932,0.004631006036043389,0.012734289022897194,1.0022897290676172,-0.4184979359918751,-0.005443562937222368,0.004731049353107419,0.004952962095531754,-0.004613467564511753,0
2025-09-25,-0.004613467564511753,-0.00360208648175786,0.020482267944089694,0.0048126909169973996,0.007043297876366594,0.5645412275555125,1.1402087846335656,-0.003181571733739008,-0.005443562937222368,0.004731049353107419,0.005728940562627516,1
2025-09-26,0.005728940562627516,-0.0028327138297911114,0.022706716279023764,0.004897002796264925,0.01167511007787514,0.9297557312887635,-0.5785105485085025,-0.004613467564511753,-0.003181571733739008,-0.005443562937222368,0.0028105400319002882,1
2025-09-29,0.0028105400319002882,-0.004738765274230561,0.03173406246053645,0.00461236419804482,0.012938049910914406,1.052575056059839,-0.21054467185021322,0.005728940562627516,-0.004613467564511753,-0.003181571733739008,0.003766742028707082,1
2025-09-30,0.003766742028707082,0.0044780666228747545,0.043351839280948434,0.004117123130798686,0.014610331106237995,1.299404863148012,0.8360119745364497,0.0028105400319002882,0.005728940562627516,-0.004613467564511753,0.0034075725394382417,1
2025-10-01,0.0034075725394382417,0.011117842446172865,0.04126395826774654,0.004056709545948798,0.016018141047383194,1.508545788600465,-0.3129840843376834,0.003766742028707082,0.0028105400319002882,0.005728940562627516,0.001151824796685963,1
2025-10-02,0.001151824796685963,0.016974250769342225,0.0338231213124367,0.0037755582074014194,0.015498682427045996,1.4685237723361626,-1.5136974429706607,0.0034075725394382417,0.003766742028707082,0.0028105400319002882,-1.4713447336833774e-05,0
2025-10-03,-1.4713447336833774e-05,0.011166375508047555,0.03681081386186791,0.003644796978492098,0.013656441738836733,1.3797920440175322,-0.3756747449837431,0.001151824796685963,0.0034075725394382417,0.003766742028707082,0.0035861796762737264,1
2025-10-06,0.0035861796762737264,0.011948478105290317,0.0379791273161052,0.003663957284858871,0.015401822343770855,1.6343084146096123,-1.5500682078663335,-1.4713447336833774e-05,0.001151824796685963,0.0034075725394382417,-0.00370742225752696,0
2025-10-07,-0.00370742225752696,0.004413391657539734,0.03174552565271571,0.0038674791547690522,0.010065292971509043,1.1766730502423999,-0.23402152734940998,0.0035861796762737264,-1.4713447336833774e-05,0.001151824796685963,0.005962962748359724,1
2025-10-08,0.005962962748359724,0.006971343398182395,0.03490617203395985,0.0039819774312880975,0.014350111398099497,1.7653721578791324,-1.0194566530626417,-0.00370742225752696,0.0035861796762737264,-1.4713447336833774e-05,-0.002896974724933221,0
2025-10-09,-0.002896974724933221,0.002899008920579149,0.02340339239820244,0.0037903905795880757,0.010243260816873434,1.2789461311166075,-0.5635808424514176,0.005962962748359724,-0.00370742225752696,0.0035861796762737264,-0.027027862178845674,0
2025-10-10,-0.027027862178845674,-0.02419284978471148,-0.003923882996738515,0.0073623954245587596,-0.016871114679345656,-2.012189436095766,3.4881590267447096,-0.002896974724933221,0.005962962748359724,-0.00370742225752696,0.015344118135168339,1
2025-10-13,0.015344118135168339,-0.01276036829748961,0.006004286588527918,0.0080635250518409,-0.0020831379474446354,-0.2541593295387671,0.019753374065871333,-0.027027862178845674,-0.002896974724933221,0.005962962748359724,-0.0012216462876413203,0
2025-10-14,-0.0012216462876413203,-0.010297179664120915,0.006160578599013755,0.008061870592872531,-0.003606270944136458,-0.4544929481991116,0.36545565740744035,0.015344118135168339,-0.027027862178845674,-0.002896974724933221,0.004439529909605389,1
2025-10-15,0.004439529909605389,-0.01179598810234439,0.011884681850152568,0.008103243836640147,0.00022937931375399678,0.030578785862333972,0.1007006551897544,-0.0012216462876413203,0.015344118135168339,-0.027027862178845674,-0.006810227081276099,0
2025-10-16,-0.006810227081276099,-0.01567431519601581,0.0003196180834135198,0.008207304370453639,-0.006598175814237495,-0.8813912495090273,1.302924569457678,0.004439529909605389,-0.0012216462876413203,0.015344118135168339,0.0056762988463516795,1
2025-10-17,0.0056762988463516795,0.01741146850294606,0.001039619884111831,0.008231613098086336,-0.0010111549244727902,-0.1352765437775421,0.6986877966744057,-0.006810227081276099,0.004439529909605389,-0.0012216462876413203,0.010400500262923273,1
2025-10-20,0.010400500262923273,0.012457784890383294,0.0066882409627258,0.008493504931756867,0.009040491656517657,1.1674476845276958,-0.8338909270017518,0.0056762988463516795,-0.006810227081276099,0.004439529909605389,-1.494287878323064e-05,0
2025-10-21,-1.494287878323064e-05,0.013681015505875749,0.01218308044476113,0.008384048122443604,0.00841305116159008,1.0576257926586097,-0.9376277486509448,0.010400500262923273,0.0056762988463516795,-0.006810227081276099,-0.0051990077413519575,0
2025-10-22,-0.0051990077413519575,0.0039537971486955925,0.010134548300007928,0.008444357650576122,0.0026657285701057187,0.3413789916094905,0.05267077466813532,-1.494287878323064e-05,0.010400500262923273,0.0056762988463516795,0.0059300554070227385,1
2025-10-23,0.0059300554070227385,0.016832156682429433,0.020834288016480462,0.008434906371801486,0.007574554146191348,1.0112608733835826,-0.5241136098025392,-0.0051990077413519575,-1.494287878323064e-05,0.010400500262923273,0.008172554694480416,1
2025-10-24,0.008172554694480416,0.01935610322526382,0.023314603528810762,0.008523245759930046,0.01463489706253207,1.8171092334699999,-0.16866970750490984,0.0059300554070227385,-0.0051990077413519575,-1.494287878323064e-05,0.011797664492784632,1
2025-10-27,0.011797664492784632,0.02076565110706574,0.03248548410637375,0.008844165761480666,0.024949900928547653,2.528679090003844,-0.604968118772278,0.008172554694480416,0.0059300554070227385,-0.0051990077413519575,0.002656016019079832,1
2025-10-28,0.002656016019079832,0.023492114946741527,0.03134297914606621,0.008833570403631719,0.026069903175170106,2.2520681697783576,-0.6161063962484424,0.011797664492784632,0.008172554694480416,0.0059300554070227385,0.0004802810674313651,1
2025-10-29,0.0004802810674313651,0.029335200508103565,0.0283341903047305,0.008825971758435032,0.025112919714281867,1.935197065727466,0.3452863070261113,0.002656016019079832,0.011797664492784632,0.008172554694480416,-0.010998009070644743,0
2025-10-30,-0.010998009070644743,0.012013267884981138,0.01585447517777072,0.009254252736313546,0.013037253332176757,0.9790182744419479,-0.08100163657467815,0.0004802810674313651,0.002656016019079832,0.011797664492784632,0.0032802217906446884,1
2025-10-31,0.0032802217906446884,0.0071022972514944716,0.019201699133898575,0.009267784060904272,0.015388099200358551,1.1173015443011045,0.33955762184177796,-0.010998009070644743,0.0004802810674313651,0.002656016019079832,0.0018766494782573861,1
2025-11-03,0.0018766494782573861,-0.0027726781144603585,0.017465569125511005,0.009250471048237952,0.016406171132109737,1.1479220399586127,-0.9274412403957206,0.0032802217906446884,-0.010998009070644743,0.0004802810674313651,-0.01185363741888057,0
2025-11-04,-0.01185363741888057,-0.01720377173804777,0.009146232385949471,0.0096356701096842,0.003901143557067277,0.2733530377076179,-0.047601564808226283,0.0018766494782573861,0.0032802217906446884,-0.010998009070644743,0.003465476656154154,1
2025-11-05,0.003465476656154154,-0.014271341163713314,0.006640843247665451,0.009577147928652094,0.007045512389378672,0.4905756159632831,-0.2514894920937091,-0.01185363741888057,0.0018766494782573861,0.0032802217906446884,-0.010729273044794985,0
2025-11-06,-0.010729273044794985,-0.014003494582238818,-0.0012663751494484954,0.009873523872936201,-0.003696426645492523,-0.2571076732123056,0.16861586354082359,0.003465476656154154,-0.01185363741888057,0.0018766494782573861,0.000984473178775147,1
2025-11-07,0.000984473178775147,-0.016259693856835455,0.02748764579805396,0.007554752387731446,-0.004044179639620227,-0.3204133763884516,1.5206869387599904,-0.010729273044794985,0.003465476656154154,-0.01185363741888057,0.015604278627143309,1
2025-11-10,0.015604278627143309,-0.002780567351014951,0.027750917812590536,0.0075802357497369134,0.010117574112066263,0.8241026801812903,-0.1488137870188775,0.000984473178775147,-0.010729273044794985,0.003465476656154154,0.002289357854538432,1
2025-11-11,0.002289357854538432,0.01149228761925114,0.03136376916860639,0.007557022200254507,0.01087395554005921,0.9249797100167085,-1.166440853076649,0.015604278627143309,0.000984473178775147,-0.010729273044794985,0.000556300212536609,1
2025-11-12,0.000556300212536609,0.008559840410555575,0.02737644858069932,0.007529315544326412,0.010075143209638426,0.8831322270367151,-0.8638136159780817,0.002289357854538432,0.015604278627143309,0.000984473178775147,-0.01659390636118807,0
2025-11-13,-0.01659390636118807,0.002580856619280647,0.017256004384914148,0.008361196457372046,-0.0075221053188172515,-0.7432326474202617,1.9396376983340273,0.000556300212536609,0.002289357854538432,0.015604278627143309,-0.0001638243733123046,0
2025-11-14,-0.0001638243733123046,0.0014307277468821322,0.011348635961927478,0.008286857585990737,-0.008236864360849028,-0.8857621571680908,1.4816585360778978,-0.01659390636118807,0.000556300212536609,0.002289357854538432,-0.009316347515515466,0
2025-11-17,-0.009316347515515466,-0.023142111595313097,-0.00838671363558774,0.008231833985436877,-0.017068074247062692,-1.7238970647217495,0.9444042142256635,-0.0001638243733123046,-0.01659390636118807,0.000556300212536609,-0.008397553343794883,0
2025-11-18,-0.008397553343794883,-0.03355785972728853,-0.01669914575877629,0.008422982335366857,-0.02451495191093156,-2.1734916204906245,2.180318670365384,-0.009316347515515466,-0.0001638243733123046,-0.01659390636118807,0.0038631766432766224,1
2025-11-19,0.0038631766432766224,-0.03036373188594388,-0.007741722398687978,0.008418079464100545,-0.020372250436559103,-1.7169684284439206,0.8792374177461532,-0.008397553343794883,-0.009316347515515466,-0.0001638243733123046,-0.015242227316648038,0
2025-11-20,-0.015242227316648038,-0.02903097928972387,-0.02862624878832576,0.008903399371384624,-0.03393071799688563,-2.385332480815437,3.24107791309887,0.0038631766432766224,-0.008397553343794883,-0.009316347515515466,0.009961138168965045,1
2025-11-21,0.009961138168965045,-0.01919834349992422,-0.026902949506991902,0.00901305948752788,-0.02298984043916774,-1.5100849279937714,1.3917868488413445,-0.015242227316648038,0.0038631766432766224,-0.008397553343794883,0.014718606876234608,1
2025-11-24,0.014718606876234608,0.004596864003715728,-0.02409373130285608,0.009257230663509126,-0.007394861217954074,-0.49699034324735936,-0.32415744770423977,0.009961138168965045,-0.015242227316648038,0.0038631766432766224,0.009405928065710611,1
2025-11-25,0.009405928065710611,0.02263365047257615,-0.017523899402165588,0.009523574770283797,0.002837601541995749,0.20042379543691993,-0.34692050941196956,0.014718606876234608,0.009961138168965045,-0.015242227316648038,0.006903490619724062,1
2025-11-26,0.006903490619724062,0.02573081296708457,-0.01121627895858579,0.009677517041420218,0.010339314529336452,0.7671640373842407,-0.6832634560999999,0.009405928065710611,0.014718606876234608,0.009961138168965045,0.0054584342293309,1
2025-11-28,0.0054584342293309,0.04729277163906831,0.005236532451800224,0.009436271274966523,0.015585469309444377,1.1342103598833924,-1.45392414751564,0.006903490619724062,0.009405928065710611,0.014718606876234608,-0.004565470301164498,0
2025-12-01,-0.004565470301164498,0.032229209812541626,-0.0026244580688529195,0.009469035268824966,0.011083326908472024,0.813951389649391,-0.9276351655801652,0.0054584342293309,0.006903490619724062,0.009405928065710611,0.0018521864059071191,1
2025-12-02,0.0018521864059071191,0.019140758546148273,-0.0026488112365360417,0.009468769604938806,0.01309231555158763,0.9720860946228079,-0.8827337620411803,-0.004565470301164498,0.0054584342293309,0.006903490619724062,0.003462839691083186,1
2025-12-03,0.003462839691083186,0.013140354322417336,0.012810342621389248,0.009078613413603377,0.015947324992001022,1.1435493025394345,-1.0279675517221578,0.0018521864059071191,-0.004565470301164498,0.0054584342293309,0.000731139787988333,1
2025-12-04,0.000731139787988333,0.00692977131528294,0.010050541985778372,0.009054950498770486,0.0161761116648782,1.1259925587505006,-0.8213563344444016,0.003462839691083186,0.0018521864059071191,-0.004565470301164498,0.001899394752821859,1
2025-12-05,0.001899394752821859,0.0033655237201748456,0.02294447729184035,0.008659492830756567,0.016945085566490548,1.1409206013868711,-0.1919809367933956,0.000731139787988333,0.003462839691083186,0.0018521864059071191,-0.0030042091058060105,0
2025-12-08,-0.0030042091058060105,0.004939224059280711,0.01886828967453713,0.008709789353947383,0.012939017826949506,0.8566691633063742,-0.9540836935847842,0.001899394752821859,0.000731139787988333,0.003462839691083186,-0.000863028073573191,0
2025-12-09,-0.000863028073573191,0.002215643106733056,0.0023480593379880954,0.008003370634798565,0.011944865989087505,0.7863019681468653,-0.8013943600598095,-0.0030042091058060105,0.001899394752821859,0.000731139787988333,0.00663205445836712,1
2025-12-10,0.00663205445836712,0.0053809188802880215,0.0066910102822732576,0.008122552984909385,0.018311413695488277,1.1786333498136559,0.10122875016962059,-0.000863028073573191,-0.0030042091058060105,0.001899394752821859,0.0023270357445543954,1
2025-12-11,0.0023270357445543954,0.006984229979000833,0.008472602723688993,0.00813439098878704,0.020243622572005737,1.2658289023782474,0.07803344388192232,0.00663205445836712,-0.000863028073573191,-0.0030042091058060105,-0.010751986278262682,0
2025-12-12,-0.010751986278262682,-0.005731359283233206,0.014463430306556724,0.00757572696709338,0.008548354682408554,0.5322081298534563,1.0088884790036412,0.0023270357445543954,0.00663205445836712,-0.000863028073573191,-0.0015108084138407696,0
2025-12-15,-0.0015108084138407696,-0.00424204359142466,0.013096740359109793,0.007590210405548815,0.0063695731308708314,0.39661834436862087,0.23435928424914707,-0.010751986278262682,0.0023270357445543954,0.00663205445836712,-0.002732375302379353,0
2025-12-16,-0.002732375302379353,-0.006105068810864811,0.019829667435291354,0.007269939297025626,0.0026414923429660675,0.1691636384953208,1.2277675641730459,-0.0015108084138407696,-0.010751986278262682,0.0023270357445543954,-0.011003593983400228,0
2025-12-17,-0.011003593983400228,-0.023517569750880374,0.01714944254499029,0.007468035485727133,-0.009219401686299311,-0.6313216273588843,0.8536227232777245,-0.002732375302379353,-0.0015108084138407696,-0.010751986278262682,0.00755126270975226,1
2025-12-18,0.00755126270975226,-0.018428047408145076,0.02088634093299313,0.007590185221813965,-0.0027561163225510166,-0.2020393855912464,0.7525776226157594,-0.011003593983400228,-0.002732375302379353,-0.0015108084138407696,0.009063506223587092,1
2025-12-19,0.009063506223587092,0.0012336869565610087,0.04608379767402426,0.00674064623845564,0.004056897543011528,0.3934255221189902,0.8613465070056625,0.00755126270975226,-0.011003593983400228,-0.002732375302379353,0.006229803850433591,1
2025-12-22,0.006229803850433591,0.008995575439648906,0.04221900701346715,0.006566144413761565,0.008248770782213422,1.0835436651724664,-0.4989021536229513,0.009063506223587092,0.00755126270975226,-0.011003593983400228,0.004570492347330646,1
2025-12-23,0.004570492347330646,0.016384325424200874,0.031795863320524864,0.005896908156659379,0.011278750247966984,1.659108167420105,-0.670662276910474,0.006229803850433591,0.009063506223587092,0.00755126270975226,0.003517674396244841,1
2025-12-24,0.003517674396244841,0.03130772603168652,0.025777000532608563,0.005626562367137884,0.013543726767668351,1.915906339758351,-1.5982975067977163,0.004570492347330646,0.006229803850433591,0.009063506223587092,-0.00010140966545213459,0
2025-12-26,-0.00010140966545213459,0.023474615759845996,0.018640799625076143,0.00547460483912712,0.012502068495391594,1.6545181479391502,-1.3691867738404617,0.003517674396244841,0.004570492347330646,0.006229803850433591,-0.0035636535074947684,0
2025-12-29,-0.0035636535074947684,0.010667119131339886,0.00950042509177007,0.005454201546554002,0.008415131147531119,1.0779150559228674,-0.5768169646865448,-0.00010140966545213459,0.003517674396244841,0.004570492347330646,-0.0012212136133650242,0
2025-12-30,-0.0012212136133650242,0.0031832438516390393,0.01289193748884454,0.005341244801113086,0.0065384857693875365,0.8338915777421528,-1.143822461922459,-0.0035636535074947684,-0.00010140966545213459,0.003517674396244841,-0.0074088529688375315,0
